-- phpMyAdmin SQL Dump
-- version 3.4.11.1
-- http://www.phpmyadmin.net
--
-- Host: localhost
-- Generation Time: Dec 26, 2014 at 08:02 PM
-- Server version: 5.5.40
-- PHP Version: 5.4.23

SET SQL_MODE="NO_AUTO_VALUE_ON_ZERO";
SET time_zone = "+00:00";


/*!40101 SET @OLD_CHARACTER_SET_CLIENT=@@CHARACTER_SET_CLIENT */;
/*!40101 SET @OLD_CHARACTER_SET_RESULTS=@@CHARACTER_SET_RESULTS */;
/*!40101 SET @OLD_COLLATION_CONNECTION=@@COLLATION_CONNECTION */;
/*!40101 SET NAMES utf8 */;

--
-- Database: `ezytool_restaurant`
--

-- --------------------------------------------------------

-- Dumping data for table `category`
--

INSERT INTO `category` (`id`, `name`, `created_date`, `modified_date`) VALUES
(1, 'Beverage', '2014-09-14 05:09:39', '2014-09-14 05:09:39'),
(7, 'Topping-Beverage', '2014-09-14 05:09:54', '2014-09-14 05:09:54'),
(8, 'Topping-Foods', '2014-08-02 00:00:00', NULL),
(9, 'Foods', '2014-09-14 05:09:18', '2014-09-14 05:09:18'),
(10, 'Decoration', '2014-09-17 00:00:00', NULL);

-- --------------------------------------------------------

--
-- Dumping data for table `location`
--

INSERT INTO `location` (`id`, `name`, `name_kh`, `loc_code`, `address`, `address1`, `address2`, `phone`, `phone1`, `wifi_password`, `email`) VALUES
(3, 'KIRIROM', 'សាខាគីរីរម្យ', 'KRR', 'Add. #22A, St 276,', 'Beuong Kengkang 2,', 'Chamkamorn, PP.', '023 222 150', '093 851 111', 'vk093851111', ''),
(4, 'SEAM REAP', 'សាខាខេត្តសៀមរាប', 'SR', 'Add. WATBO Village,', 'SALAKOMROEK Commune,', 'SIEM REAP District, SIEM REAP Provine,', '063 760 989', '093 852 222', '', ''),
(5, 'TOUL TOMPUONG', 'សាខាទួលទំពូង', 'TTP', 'Add. N315, St 430,   Phnom Penh,  Cambodia Kingdom Of Wonder.', 'SANGKAT Toul TomPong2,', 'KHAN Chamkamorn, PP.', '023 224 170', '093 853 333', '', ''),
(6, 'Olimpic', 'អូឡាំពិក', '', '', '', '', '', '', '', '');


--
-- Dumping data for table `zone`
--

INSERT INTO `zone` (`id`, `zone_name`, `location_id`, `sort_order`, `status`, `modified_date`) VALUES
(1, 'A Zone', 3, 1, '1', '2014-07-06 16:19:22'),
(2, 'B Zone', 3, 2, '1', '2014-07-06 16:19:26'),
(3, 'C Zone', 3, 3, '1', NULL),
(5, 'TAKE OUT', 3, 5, '1', NULL),
(6, 'V Zone', 5, 1, '1', NULL),
(7, 'A Zone', 5, 2, '1', NULL),
(8, 'MB Zone', 5, 3, '1', NULL),
(9, 'V Zone', 4, 1, '1', NULL),
(10, 'A Zone', 4, 2, '1', NULL),
(11, 'M Zone', 4, 3, '1', NULL),
(12, 'TAKE OUT Zone', 4, NULL, '1', NULL),
(13, 'TAKE OUT Zone', 5, 4, '1', NULL),
(14, 'D Zone', 3, 4, '1', NULL),
(15, 'O zone', 3, 5, '1', NULL);

--
-- Dumping data for table `desk`
--

INSERT INTO `desk` (`id`, `name`, `zone_id`, `sort_order`, `status`, `modified_date`, `occupied`) VALUES
(35, 'TO 01', 5, NULL, '1', NULL, 0),
(36, 'TO 02', 5, NULL, '1', NULL, 0),
(37, 'TO 03', 5, NULL, '1', NULL, 0),
(38, 'TO 04', 5, NULL, '1', NULL, 0),
(39, 'TO 05', 5, NULL, '1', NULL, 0),
(40, 'V1', 9, 1, '1', NULL, 0),
(41, 'V2', 9, 2, '1', NULL, 0),
(42, 'V3', 9, 3, '1', NULL, 0),
(43, 'V4', 9, 4, '1', NULL, 0),
(44, 'V5', 9, 5, '1', NULL, 0),
(50, 'M1', 11, 1, '1', NULL, 0),
(51, 'M2', 11, 2, '1', NULL, 0),
(52, 'M3', 11, 3, '1', NULL, 0),
(53, 'TO1', 12, 1, '1', NULL, 0),
(54, 'TO2', 12, 2, '1', NULL, 0),
(55, 'V1', 6, 1, '1', NULL, 0),
(56, 'V2', 6, 2, '1', NULL, 0),
(57, 'TO1', 13, 1, '1', NULL, 0),
(58, 'TO 02', 13, 2, '1', NULL, 0),
(59, 'A1', 7, 1, '1', NULL, 0),
(60, 'A2', 7, 2, '1', NULL, 0),
(61, 'MB1', 8, 1, '1', NULL, 0),
(62, 'MB2', 8, 2, '1', NULL, 0),
(66, 'A1', 1, 1, '1', NULL, 0),
(67, 'A2', 1, 2, '1', NULL, 0),
(68, 'A3', 1, 3, '1', NULL, 0),
(69, 'A4', 1, 4, '1', NULL, 0),
(70, 'A5', 1, 5, '1', NULL, 0),
(71, 'A6', 1, 6, '1', NULL, 0),
(72, 'A7', 1, 7, '1', NULL, 0),
(73, 'A8', 1, 8, '1', NULL, 0),
(76, 'B1', 2, 1, '1', NULL, 0),
(78, 'B2', 2, 2, '1', NULL, 0),
(79, 'B3', 2, 3, '1', NULL, 0),
(80, 'B4', 2, 4, '1', NULL, 0),
(81, 'B5', 2, 5, '1', NULL, 0),
(82, 'B6', 2, 6, '1', NULL, 0),
(83, 'B7', 2, 7, '1', NULL, 1),
(84, 'B8', 2, 8, '1', NULL, 0),
(85, 'B9', 2, 9, '1', NULL, 0),
(86, 'B10', 2, 10, '1', NULL, 0),
(87, 'C1', 3, 1, '1', NULL, 0),
(88, 'C2', 3, 2, '1', NULL, 0),
(89, 'C3', 3, 3, '1', NULL, 1),
(90, 'C4', 3, 4, '1', NULL, 1),
(91, 'C5', 3, 5, '1', NULL, 1),
(92, 'C6', 3, 6, '1', NULL, 0),
(93, 'C7', 3, 7, '1', NULL, 0),
(94, 'C8', 3, 8, '1', NULL, 0),
(95, 'D1', 14, 1, '1', NULL, 0),
(96, 'D2', 14, 2, '1', NULL, 0),
(97, 'D3', 14, 3, '1', NULL, 0),
(98, 'D4', 14, 4, '1', NULL, 0),
(99, 'D5', 14, 5, '1', NULL, 0),
(100, 'D6', 14, 6, '1', NULL, 0),
(101, 'D7', 14, 7, '1', NULL, 0),
(102, 'D8', 14, 8, '1', NULL, 0),
(103, 'D9', 14, 9, '1', NULL, 0),
(104, 'D10', 14, 10, '1', NULL, 0),
(105, 'D11', 14, 11, '1', NULL, 0),
(106, 'D12', 14, 12, '1', NULL, 0),
(107, 'D13', 14, 13, '1', NULL, 0),
(108, 'D14', 14, 14, '1', NULL, 0),
(109, 'O1', 15, 1, '1', NULL, 0),
(110, 'O2', 15, 2, '1', NULL, 0),
(111, 'O3', 15, 3, '1', NULL, 0);

-- --------------------------------------------------------

--
-- Dumping data for table `employee`
--

INSERT INTO `employee` (`id`, `first_name`, `last_name`, `mobile_no`, `adddress1`, `address2`, `city_id`, `country_code`, `email`, `notes`) VALUES
(37, 'Owner', 'System', '012999068', '', '', NULL, '', '', ''),
(38, 'super', 'pos', '012878878', 'super addresss1', 'super address', NULL, '', '', ''),
(39, 'sarith', 'Y', '092511662', '', '', NULL, '', '', ''),
(40, 'Y ', 'Sarith', '081433343', '', '', NULL, '', '', ''),
(41, 'Soy', 'ChenDa', '010 66 56 15', '', '', NULL, '', '', ''),
(44, 'Phoeurn', 'Polly', '016556509', '', '', NULL, '', '', ''),
(45, 'Khann', 'sokpov', '0963981293', '', '', NULL, '', '', ''),
(46, 'Assitant', 'Mamager', '023222150', '', '', NULL, '', '', ''),
(47, 'Chan', 'Sreyroth', '023224170', '', '', NULL, '', '', ''),
(48, 'Chan', 'Sreyra', '093853333', '', '', NULL, '', '', ''),
(49, 'Chan', 'Sineth', '077667786', '', '', NULL, '', '', ''),
(50, 'Chan', 'Dary', '012345678', '', '', NULL, '', '', ''),
(51, 'Chan ', 'Dara', '077752224', '', '', NULL, '', '', ''),
(52, 'Chan', 'reaksmey', '070905640', '', '', NULL, '', '', ''),
(53, 'Rothdara', 'Vorn', '077333455', '', '', NULL, '', '', '');

-- --------------------------------------------------------

--
-- Dumping data for table `employee_location`
--

INSERT INTO `employee_location` (`id`, `employee_id`, `location_id`, `home_status`) VALUES
(1, 38, 3, 1),
(2, 39, 3, 1),
(3, 40, 3, 1),
(4, 41, 3, 1),
(5, 37, 3, 1),
(8, 44, 3, 1),
(9, 45, 3, 1),
(10, 46, 3, 1),
(11, 47, 5, 1),
(12, 48, 5, 1),
(13, 49, 5, 1),
(14, 50, 4, 1),
(15, 51, 4, 1),
(16, 52, 4, 1),
(17, 53, 3, 1);

-- --------------------------------------------------------

--
-- Dumping data for table `giftcard`
--

INSERT INTO `giftcard` (`id`, `giftcard_number`, `discount_amount`, `discount_type`, `status`, `client_id`) VALUES
(1, '111111', '10.00', NULL, '1', NULL),
(2, '2222222', '50.00', NULL, '1', NULL),
(3, '12345677', '10.00', NULL, '1', NULL),
(4, '000001', '10.00', NULL, '1', NULL),
(5, 'VKH 10 0408', '7.00', NULL, '1', NULL),
(6, 'VKH 10 0426', '10.00', NULL, '1', NULL),
(7, 'VKH 10 0457', '5.00', NULL, '1', NULL),
(8, 'VKH 10 1348', '75.00', NULL, '1', NULL),
(9, 'VKH 10 1354', '100.00', NULL, '1', NULL);

-- --------------------------------------------------------


--
-- Dumping data for table `item`
--

INSERT INTO `item` (`id`, `name`, `item_number`, `category_id`, `supplier_id`, `cost_price`, `unit_price`, `quantity`, `reorder_level`, `location`, `allow_alt_description`, `is_serialized`, `description`, `deleted`, `created_date`, `modified_date`, `topping`) VALUES
(44, 'មីបន្ទះដែក', 'NH', 9, NULL, 0.0000, 9500.0000, '0', NULL, NULL, NULL, NULL, '', 0, '2014-09-17 16:12:55', '2014-11-10 16:36:34', 0),
(45, 'ការីសាលមន', 'CRY', 9, NULL, 0.0000, 12000.0000, '0', NULL, '', NULL, NULL, '', 0, '2014-09-17 16:14:01', '2014-11-09 20:05:32', 0),
(46, 'បាយឆាត្រាវ', 'FRT', 9, NULL, 0.0000, 8500.0000, '0', NULL, NULL, NULL, NULL, '', 0, '2014-09-17 16:14:49', '2014-11-10 15:40:49', 0),
(47, 'បាយពង់មាន់ពិសេស', 'SPE', 9, NULL, 0.0000, 8500.0000, '0', NULL, NULL, NULL, NULL, '', 0, '2014-09-17 16:15:38', '2014-11-10 15:42:33', 0),
(48, 'បាយឆាផ្លែឈើ', 'FFR', 9, NULL, 0.0000, 8500.0000, '0', NULL, NULL, NULL, NULL, '', 0, '2014-09-17 16:16:30', '2014-11-10 15:41:17', 0),
(49, 'មីខគោ', 'MKH', 9, NULL, 0.0000, 8500.0000, '0', NULL, NULL, NULL, NULL, '', 0, '2014-09-17 16:16:58', '2014-11-10 16:36:05', 0),
(50, 'បបរសាមចូក', 'RS', 9, NULL, 0.0000, 8000.0000, '0', NULL, NULL, NULL, NULL, '', 0, '2014-09-17 16:17:40', '2014-11-10 15:39:39', 0),
(51, 'សាឡាដ', 'SAM', 9, NULL, 0.0000, 10000.0000, '0', NULL, NULL, NULL, NULL, '', 0, '2014-09-17 16:18:28', '2014-11-09 19:33:42', 0),
(52, 'មីស៊ុប', 'NS', 9, NULL, 0.0000, 8500.0000, '0', NULL, NULL, NULL, NULL, '', 0, '2014-09-17 16:19:02', '2014-11-09 19:30:14', 0),
(53, 'មីក្រឡុក', 'NM', 9, NULL, 0.0000, 6000.0000, '0', NULL, NULL, NULL, NULL, '', 0, '2014-09-17 16:19:49', '2014-11-10 16:34:56', 0),
(54, 'បាយខ្ចប់ពងមាន់', 'FRW', 9, NULL, 0.0000, 8500.0000, '0', NULL, NULL, NULL, NULL, '', 0, '2014-09-17 16:20:44', '2014-11-10 15:40:02', 0),
(55, 'សេនវិចវិតឃីង', 'SVK', 9, NULL, 0.0000, 8000.0000, '0', NULL, NULL, NULL, NULL, '', 0, '2014-09-17 16:23:51', '2014-11-09 19:35:16', 0),
(56, 'បាយបន្ទះដែក', 'RH', 9, NULL, 0.0000, 8500.0000, '0', NULL, NULL, NULL, NULL, '', 0, '2014-09-17 16:24:22', '2014-11-10 15:41:41', 0),
(57, 'ស្ពាហ្គេទី(ខ្ទឹមបារាំង)', 'SPA', 9, NULL, 0.0000, 9500.0000, '0', NULL, NULL, NULL, NULL, '', 0, '2014-09-17 16:25:48', '2014-11-09 19:39:01', 0),
(58, 'អូម៉ាឡែតខ្ទឹមបារាំង', 'OM1', 9, NULL, 0.0000, 8000.0000, '0', NULL, NULL, NULL, NULL, '', 0, '2014-09-17 16:27:40', '2014-11-09 19:43:01', 0),
(59, 'អូម៉ាឡែតហេម', 'OM2', 9, NULL, 0.0000, 8000.0000, '0', NULL, NULL, NULL, NULL, '', 0, '2014-09-17 16:28:32', '2014-11-09 19:46:09', 0),
(60, 'អូម៉ាឡែតពិសេស', 'OM3', 9, NULL, 0.0000, 8000.0000, '0', NULL, NULL, NULL, NULL, '', 0, '2014-09-17 16:29:11', '2014-11-09 19:45:36', 0),
(61, 'ស៊ុបយ៉ិនស៊ិន', 'GSS', 9, NULL, 0.0000, 10000.0000, '0', NULL, NULL, NULL, NULL, '', 0, '2014-09-17 16:29:49', '2014-11-17 14:46:35', 0),
(62, 'បាយស៊ូផាយ', 'SPR', 9, NULL, 0.0000, 8500.0000, '0', NULL, NULL, NULL, NULL, '', 0, '2014-09-17 16:30:25', '2014-11-10 15:45:02', 0),
(63, 'ថូសបារាំង', 'FFT1', 9, NULL, 0.0000, 7000.0000, '0', NULL, NULL, NULL, NULL, '', 0, '2014-09-17 16:32:42', '2014-11-10 14:36:24', 0),
(64, 'ថូសបារាំងហេម', 'FFT2', 9, NULL, 0.0000, 9000.0000, '0', NULL, NULL, NULL, NULL, '', 0, '2014-09-17 16:34:31', '2014-11-10 14:37:18', 0),
(65, 'ថូសបារាំងឈីស', 'FFT3', 9, NULL, 0.0000, 9000.0000, '0', NULL, NULL, NULL, NULL, '', 0, '2014-09-17 16:36:50', '2014-11-10 14:36:51', 0),
(66, 'សាំងវិច', 'SW1', 9, NULL, 0.0000, 5000.0000, '0', NULL, NULL, NULL, NULL, '', 0, '2014-09-17 16:37:40', '2014-11-09 19:34:09', 0),
(67, 'សាំងវិចពិសេស', 'SW2', 9, NULL, 0.0000, 5500.0000, '0', NULL, NULL, NULL, NULL, '', 0, '2014-09-17 16:38:24', '2014-11-09 19:34:48', 0),
(68, 'ប័រហ្គឺរស្នូលផ្សិត', 'BG1', 9, NULL, 0.0000, 7500.0000, '0', NULL, NULL, NULL, NULL, '', 0, '2014-09-17 16:39:28', '2014-11-10 15:46:40', 0),
(69, 'ប័រហ្គឺពងមាន់', 'BG2', 9, NULL, 0.0000, 8000.0000, '0', NULL, NULL, NULL, NULL, '', 0, '2014-09-17 16:40:18', '2014-11-10 15:45:42', 0),
(70, 'ប័រហ្គឺរហេមឈីសពងមាន់', 'BG3', 9, NULL, 0.0000, 12000.0000, '0', NULL, NULL, NULL, NULL, '', 0, '2014-09-17 16:41:24', '2014-11-10 15:47:47', 0),
(71, 'ប័រហ្គឺរហេម', 'BG4', 9, NULL, 0.0000, 9500.0000, '0', NULL, NULL, NULL, NULL, '', 0, '2014-09-17 16:43:22', '2014-11-10 15:47:12', 0),
(72, 'ប័រហ្គឺរឈីស', 'BG5', 9, NULL, 0.0000, 9500.0000, '0', NULL, NULL, NULL, NULL, '', 0, '2014-09-17 16:44:26', '2014-11-10 15:46:10', 0),
(73, 'ប័រហ្គឺរហេមពងមាន់', 'BG6', 9, NULL, 0.0000, 10000.0000, '0', NULL, NULL, NULL, NULL, '', 0, '2014-09-17 16:45:22', '2014-11-10 15:48:22', 0),
(74, 'ហេមចៀន', 'S1', 9, NULL, 0.0000, 7500.0000, '0', NULL, NULL, NULL, NULL, '', 0, '2014-09-17 16:46:04', '2014-11-09 19:40:05', 0),
(75, 'គល់ផ្សិតចៀន', 'S2', 9, NULL, 0.0000, 6000.0000, '0', NULL, NULL, NULL, NULL, '', 0, '2014-09-17 16:46:42', '2014-11-09 20:12:06', 0),
(76, 'គាវចំហ៊ុយ', 'S3', 9, NULL, 0.0000, 8000.0000, '0', NULL, NULL, NULL, NULL, '', 0, '2014-09-17 16:47:11', '2014-11-09 20:13:19', 0),
(77, 'តៅហ៊ូបំពង', 'S4', 9, NULL, 0.0000, 6000.0000, '0', NULL, NULL, NULL, NULL, '', 0, '2014-09-17 16:47:52', '2014-11-10 14:35:09', 0),
(78, 'ដំឡូងបារាំងបំពង', 'S5', 9, NULL, 0.0000, 6000.0000, '0', NULL, NULL, NULL, NULL, '', 0, '2014-09-17 16:48:26', '2014-11-09 20:17:14', 0),
(79, 'ចាយ៉បំពង', 'S6', 9, NULL, 0.0000, 6000.0000, '0', NULL, NULL, NULL, NULL, '', 0, '2014-09-17 16:48:59', '2014-11-09 20:14:35', 0),
(80, 'គល់ផ្សិតអាំង (បាប៊ីឃ្យូ)', 'S10', 9, NULL, 0.0000, 5000.0000, '0', NULL, NULL, NULL, NULL, '', 0, '2014-09-17 16:50:25', '2014-11-09 20:12:27', 0),
(81, 'ឆាបន្លែផ្អែម', 'FSW', 9, NULL, 0.0000, 7500.0000, '0', NULL, NULL, NULL, NULL, '', 0, '2014-09-17 16:51:04', '2014-11-09 20:16:35', 0),
(82, 'ត្រីចៀនចួន', 'FV1', 9, NULL, 0.0000, 11000.0000, '0', NULL, NULL, NULL, NULL, '', 0, '2014-09-17 16:52:07', '2014-11-10 14:35:51', 0),
(83, 'ឆាខាត់ណាមឹកបួស', 'FV2', 9, NULL, 0.0000, 8000.0000, '0', NULL, NULL, NULL, NULL, '', 0, '2014-09-17 16:52:49', '2014-11-09 20:14:57', 0),
(84, 'ឆាបន្លែគ្រប់មុខ', 'FV3', 9, NULL, 0.0000, 8000.0000, '0', NULL, NULL, NULL, NULL, '', 0, '2014-09-17 16:53:17', '2014-11-09 20:15:18', 0),
(85, 'ឆាស្ពៃតឿផ្សិតខ្មៅ', 'FV4', 9, NULL, 0.0000, 8000.0000, '0', NULL, NULL, NULL, NULL, '', 0, '2014-09-17 16:54:18', '2014-11-09 20:16:12', 0),
(86, 'សយស្ទេក', 'SS', 9, NULL, 0.0000, 12000.0000, '0', NULL, NULL, NULL, NULL, '', 0, '2014-09-17 16:54:48', '2014-11-17 14:43:16', 0),
(87, 'ស៊ុបគីមឈី', 'KS', 9, NULL, 0.0000, 9000.0000, '0', NULL, NULL, NULL, NULL, '', 0, '2014-09-17 16:55:23', '2014-11-09 19:35:58', 0),
(88, 'ភីចឃូល័រ', 'PC', 1, NULL, 0.0000, 7000.0000, '0', NULL, NULL, NULL, NULL, '', 0, '2014-09-17 16:56:12', '2014-11-10 16:34:29', 0),
(89, 'មេងហ្គូផាសិន', 'MP', 1, NULL, 0.0000, 9000.0000, '0', NULL, NULL, NULL, NULL, '', 0, '2014-09-17 16:56:56', '2014-11-10 16:37:37', 0),
(90, 'អូរ៉េនមីន', 'ORM', 1, NULL, 0.0000, 8000.0000, '0', NULL, NULL, NULL, NULL, '', 0, '2014-09-17 16:58:15', '2014-11-09 19:46:43', 0),
(91, 'ពីងសាគ្រាប់ឪឡឹក', 'PS1', 1, NULL, 0.0000, 8500.0000, '0', NULL, '', NULL, NULL, '', 0, '2014-09-17 16:59:05', '2014-11-10 16:03:11', 0),
(92, 'ពីងសាល្ពៅ', 'PS2', 1, NULL, 0.0000, 8500.0000, '0', NULL, NULL, NULL, NULL, '', 0, '2014-09-17 17:06:43', '2014-11-10 16:05:48', 0),
(93, 'ពីងសាសូកូឡា', 'PS3', 1, NULL, 0.0000, 8500.0000, '0', NULL, NULL, NULL, NULL, '', 0, '2014-09-17 17:07:21', '2014-11-10 16:06:16', 0),
(94, 'ពីងសាស្ទបរី', 'PS4', 1, NULL, 0.0000, 8500.0000, '0', NULL, NULL, NULL, NULL, '', 0, '2014-09-17 17:08:53', '2014-11-10 16:07:31', 0),
(95, 'ពីងសាក្រូចថ្លុង', 'PS5', 1, NULL, 0.0000, 8500.0000, '0', NULL, NULL, NULL, NULL, '', 0, '2014-09-17 17:10:23', '2014-11-10 15:59:18', 0),
(96, 'ពីងសាប៉ោមខៀវ', 'PS7', 1, NULL, 0.0000, 8500.0000, '0', NULL, NULL, NULL, NULL, '', 0, '2014-09-17 17:18:01', '2014-11-10 16:04:40', 0),
(97, 'ពីងសាម្នាស់', 'PS8', 1, NULL, 0.0000, 8500.0000, '0', NULL, NULL, NULL, NULL, '', 0, '2014-09-17 17:18:47', '2014-11-10 16:05:10', 0),
(98, 'ពីងសាទំពាំងបាយជូ', 'PS9', 1, NULL, 0.0000, 8500.0000, '0', NULL, NULL, NULL, NULL, '', 0, '2014-09-17 17:19:49', '2014-11-10 16:03:41', 0),
(99, 'ពីងសាត្រាវ', 'PS10', 1, NULL, 0.0000, 8500.0000, '0', NULL, NULL, NULL, NULL, '', 0, '2014-09-17 17:20:22', '2014-11-10 16:02:44', 0),
(100, 'ពីងសាគូលេន', 'PS11', 1, NULL, 0.0000, 8500.0000, '0', NULL, NULL, NULL, NULL, '', 0, '2014-09-17 17:24:29', '2014-11-10 16:00:07', 0),
(101, 'ពីងសាសូដា', 'PS12', 1, NULL, 0.0000, 8500.0000, '0', NULL, NULL, NULL, NULL, '', 0, '2014-09-17 17:25:01', '2014-11-10 16:06:47', 0),
(102, 'តែទឹកដោះគោ', 'TM1', 1, NULL, 0.0000, 6000.0000, '0', NULL, NULL, NULL, NULL, '', 0, '2014-09-17 17:29:56', '2014-11-09 20:18:20', 0),
(103, 'តែទឹកដោះគោក្លិនម្លិះ', 'TM2', 1, NULL, 0.0000, 6000.0000, '0', NULL, NULL, NULL, NULL, '', 0, '2014-09-17 17:30:43', '2014-11-09 20:19:02', 0),
(104, 'តែទឹកដោះគោសណ្តែកដី', 'TM3', 1, NULL, 0.0000, 6000.0000, '0', NULL, NULL, NULL, NULL, '', 0, '2014-09-17 17:31:29', '2014-11-09 20:20:08', 0),
(105, 'តែទឹកដោះគោក្លិនដូង', 'TM4', 1, NULL, 0.0000, 6000.0000, '0', NULL, NULL, NULL, NULL, '', 0, '2014-09-17 17:32:15', '2014-11-09 20:18:41', 0),
(106, 'តែទឹកដោះគោពិសេស', 'TM5', 1, NULL, 0.0000, 6000.0000, '0', NULL, NULL, NULL, NULL, '', 0, '2014-09-17 17:32:46', '2014-11-09 20:19:48', 0),
(107, 'តែទឹកដោះគោទឹកឃ្មំ', 'TM6', 1, NULL, 0.0000, 6500.0000, '0', NULL, '', NULL, NULL, '', 0, '2014-09-17 17:33:32', '2014-11-09 20:19:27', 0),
(108, 'ព្រិលស្ទបរី', 'SN1', 1, NULL, 0.0000, 6000.0000, '0', NULL, NULL, NULL, NULL, '', 0, '2014-09-17 17:35:59', '2014-11-10 16:34:00', 0),
(109, 'ព្រិលសូកូឡា', 'SN2', 1, NULL, 0.0000, 6000.0000, '0', NULL, NULL, NULL, NULL, '', 0, '2014-09-17 17:36:25', '2014-11-10 16:32:56', 0),
(110, 'ព្រិលត្រសក់', 'SN3', 1, NULL, 0.0000, 6000.0000, '0', NULL, NULL, NULL, NULL, '', 0, '2014-09-17 17:37:09', '2014-11-10 16:30:01', 0),
(111, 'ព្រិលម្នាស់', 'SN4', 1, NULL, 0.0000, 6000.0000, '0', NULL, NULL, NULL, NULL, '', 0, '2014-09-17 17:37:40', '2014-11-10 16:32:21', 0),
(112, 'ព្រិលប៉ោមខៀវ', 'SN5', 1, NULL, 0.0000, 6000.0000, '0', NULL, NULL, NULL, NULL, '', 0, '2014-09-17 17:38:10', '2014-11-10 16:31:43', 0),
(113, 'ព្រិលទំពាំងបាយជូ', 'SN6', 1, NULL, 0.0000, 6000.0000, '0', NULL, NULL, NULL, NULL, '', 0, '2014-09-17 17:38:51', '2014-11-10 16:31:16', 0),
(114, 'ព្រិលគូលេន', 'SN7', 1, NULL, 0.0000, 6000.0000, '0', NULL, NULL, NULL, NULL, '', 0, '2014-09-17 17:39:38', '2014-11-10 16:29:35', 0),
(115, 'ព្រិលត្រាវ', 'SN8', 1, NULL, 0.0000, 6000.0000, '0', NULL, NULL, NULL, NULL, '', 0, '2014-09-17 17:40:12', '2014-11-10 16:30:55', 0),
(116, 'ព្រិលសូដា', 'SN9', 1, NULL, 0.0000, 6000.0000, '0', NULL, NULL, NULL, NULL, '', 0, '2014-09-17 17:40:45', '2014-11-10 16:33:28', 0),
(117, 'ម៉ុងតុលទឹកដោះគោ', 'SN10', 1, NULL, 0.0000, 7000.0000, '0', NULL, NULL, NULL, NULL, '', 0, '2014-09-17 17:41:31', '2014-11-09 19:31:33', 0),
(118, 'ការ៉េមត្រាវ', 'IC1', 1, NULL, 0.0000, 6500.0000, '0', NULL, NULL, NULL, NULL, '', 0, '2014-09-17 17:43:06', '2014-11-09 20:08:02', 0),
(119, 'ការ៉េមស្ទបរី', 'IC2', 1, NULL, 0.0000, 6500.0000, '0', NULL, '', NULL, NULL, '', 0, '2014-09-17 17:44:11', '2014-11-09 20:08:55', 0),
(120, 'ការ៉េមដូង', 'IC3', 1, NULL, 0.0000, 6500.0000, '0', NULL, NULL, NULL, NULL, '', 0, '2014-09-17 17:45:35', '2014-11-09 20:06:39', 0),
(121, 'ការ៉េប្លូបរី', 'IC4', 1, NULL, 0.0000, 6500.0000, '0', NULL, NULL, NULL, NULL, '', 0, '2014-09-17 17:46:27', '2014-11-09 20:05:52', 0),
(122, 'ការ៉េមសូកូឡា', 'IC5', 1, NULL, 0.0000, 6500.0000, '0', NULL, NULL, NULL, NULL, '', 0, '2014-09-17 17:47:30', '2014-11-09 20:08:39', 0),
(123, 'ការ៉េមវ៉ានីឡា', 'IC6', 1, NULL, 0.0000, 6500.0000, '0', NULL, NULL, NULL, NULL, '', 0, '2014-09-17 17:48:30', '2014-11-09 20:08:20', 0),
(124, 'ការ៉េម រ៉េមបូរ', 'IC7', 1, NULL, 0.0000, 11000.0000, '0', NULL, NULL, NULL, NULL, '', 0, '2014-09-17 17:53:34', '2014-11-09 20:06:20', 0),
(125, 'ទឹកស្ទបរីស្រស់', 'FF1', 1, NULL, 0.0000, 10000.0000, '0', NULL, NULL, NULL, NULL, '', 0, '2014-09-17 17:54:22', '2014-11-10 15:38:10', 0),
(126, 'ទឹកក្រូចពោធិ៍សាត់ស្រស់', 'FF2', 1, NULL, 0.0000, 8000.0000, '0', NULL, NULL, NULL, NULL, '', 0, '2014-09-17 17:55:46', '2014-11-10 15:29:36', 0),
(127, 'ទឹកការ៉ុត', 'FF3', 1, NULL, 0.0000, 8000.0000, '0', NULL, NULL, NULL, NULL, '', 0, '2014-09-17 17:56:23', '2014-11-10 14:37:45', 0),
(128, 'ទឹកសារីស្រស់', 'FF4', 1, NULL, 0.0000, 8000.0000, '0', NULL, NULL, NULL, NULL, '', 0, '2014-09-17 17:57:49', '2014-11-10 15:33:58', 0),
(129, 'ទឹកប៉ោមស្រស់', 'FF5', 1, NULL, 0.0000, 8000.0000, '0', NULL, NULL, NULL, NULL, '', 0, '2014-09-17 17:58:23', '2014-11-10 15:33:21', 0),
(130, 'ទឹកឪឡឹកស្រស់', 'FF6', 1, NULL, 0.0000, 8000.0000, '0', NULL, NULL, NULL, NULL, '', 0, '2014-09-17 17:59:00', '2014-11-10 15:38:42', 0),
(131, 'ទឹកបន្លែស្រស់', 'FF7', 1, NULL, 0.0000, 8000.0000, '0', NULL, NULL, NULL, NULL, '', 0, '2014-09-17 17:59:46', '2014-11-10 15:33:03', 0),
(132, 'តែក្រហមពពុះ', 'IT1', 1, NULL, 0.0000, 5500.0000, '0', NULL, NULL, NULL, NULL, '', 0, '2014-09-17 18:02:10', '2014-11-10 14:34:19', 0),
(133, 'តែបៃតងពពុះ', 'IT2', 1, NULL, 0.0000, 5500.0000, '0', NULL, NULL, NULL, NULL, '', 0, '2014-09-17 18:02:42', '2014-11-09 20:21:24', 0),
(134, 'តែក្រហមក្រូចឆ្មា', 'IT3', 1, NULL, 0.0000, 6000.0000, '0', NULL, NULL, NULL, NULL, '', 0, '2014-09-17 18:03:25', '2014-11-09 20:17:36', 0),
(135, 'តែបៃតងក្រូចឆ្មា', 'IT4', 1, NULL, 0.0000, 6000.0000, '0', NULL, NULL, NULL, NULL, '', 0, '2014-09-17 18:03:58', '2014-11-09 20:20:44', 0),
(136, 'ស្ទបរីធ្វីស', 'IT5', 1, NULL, 0.0000, 6500.0000, '0', NULL, NULL, NULL, NULL, '', 0, '2014-09-17 18:04:34', '2014-11-09 19:37:43', 0),
(137, 'តែបៃតងផ្លែផាសិន', 'IT7', 1, NULL, 0.0000, 6000.0000, '0', NULL, NULL, NULL, NULL, '', 0, '2014-09-17 18:05:18', '2014-11-09 20:21:04', 0),
(138, 'កាប៉ូជីណូ', 'CF1', 1, NULL, 0.0000, 6500.0000, '0', NULL, NULL, NULL, NULL, '', 0, '2014-09-17 18:18:13', '2014-11-09 20:04:53', 0),
(139, 'កាហ្ចេទឹកកក', 'CF2', 1, NULL, 0.0000, 5500.0000, '0', NULL, NULL, NULL, NULL, '', 0, '2014-09-17 18:18:58', '2014-11-09 20:09:15', 0),
(140, 'កាហ្វេទឹកដោះគោទឹកកក', 'CF3', 1, NULL, 0.0000, 6000.0000, '0', NULL, NULL, NULL, NULL, '', 0, '2014-09-17 18:19:39', '2014-11-09 20:09:38', 0),
(141, 'កូកា កូឡា', 'CK1', 1, NULL, 0.0000, 4500.0000, '0', NULL, NULL, NULL, NULL, '', 0, '2014-09-17 18:20:40', '2014-11-09 20:09:57', 0),
(142, 'ទឹកសុទ្ធ', 'PD1', 1, NULL, 0.0000, 4000.0000, '0', NULL, NULL, NULL, NULL, '', 0, '2014-09-17 18:21:24', '2014-11-10 15:35:13', 0),
(143, 'កាប៉ូ ជីណូ', 'CPCN', 1, NULL, 0.0000, 9000.0000, '0', NULL, NULL, NULL, NULL, '', 0, '2014-09-17 18:22:54', '2014-11-09 20:04:24', 0),
(144, 'ឡាតេ', 'LT', 1, NULL, 0.0000, 9000.0000, '0', NULL, NULL, NULL, NULL, '', 0, '2014-09-17 18:23:25', '2014-11-09 19:40:39', 0),
(145, 'អាមេរិចខេនណូ', 'AN', 1, NULL, 0.0000, 7000.0000, '0', NULL, NULL, NULL, NULL, '', 0, '2014-09-17 18:23:55', '2014-11-09 19:42:33', 0),
(146, 'អែស្ត្រែសូ', 'ESP', 1, NULL, 0.0000, 7000.0000, '0', NULL, NULL, NULL, NULL, '', 0, '2014-09-17 18:24:35', '2014-11-09 20:03:35', 0),
(147, 'គុជ', '1', 1, NULL, 0.0000, 500.0000, '0', NULL, NULL, NULL, NULL, '', 0, '2014-09-17 18:35:15', '2014-11-09 20:13:52', 1),
(148, 'ចរណៃ', '2', 1, NULL, 0.0000, 500.0000, '0', NULL, NULL, NULL, NULL, '', 0, '2014-09-17 18:36:23', '2014-10-18 15:22:06', 1),
(149, 'គុជចរណៃ', '3', 1, NULL, 0.0000, 1000.0000, '0', NULL, NULL, NULL, NULL, '', 0, '2014-09-17 18:36:51', '2014-10-18 15:21:13', 1),
(150, 'ទឹកឃ្មំ', '4', 1, NULL, 0.0000, 500.0000, '0', NULL, NULL, NULL, NULL, '', 0, '2014-09-17 18:37:36', '2014-11-10 15:32:39', 1),
(151, 'បាយស', 'BS', 9, NULL, 0.0000, 1500.0000, '0', NULL, NULL, NULL, NULL, '', 0, '2014-09-17 18:40:12', '2014-11-10 15:44:00', 0),
(152, 'គីមឈី', 'KJ', 9, NULL, 0.0000, 2000.0000, '0', NULL, NULL, NULL, NULL, '', 0, '2014-09-17 18:41:13', '2014-11-09 20:13:35', 0),
(153, 'គល់ផ្សិត', 'F1', 9, NULL, 0.0000, 1500.0000, '0', NULL, NULL, NULL, NULL, '', 0, '2014-09-17 18:44:51', '2014-11-09 20:10:26', 1),
(154, 'ពងមាន់', 'EGG', 9, NULL, 0.0000, 1000.0000, '0', NULL, NULL, NULL, NULL, '', 0, '2014-09-17 18:46:03', '2014-11-10 15:58:47', 0),
(155, 'ហេម', 'HAM', 9, NULL, 0.0000, 2500.0000, '0', NULL, NULL, NULL, NULL, '', 0, '2014-09-17 18:47:53', '2014-11-09 19:39:38', 0),
(156, 'ពោះវៀន', 'PV', 9, NULL, 0.0000, 6000.0000, '0', NULL, NULL, NULL, NULL, '', 0, '2014-09-17 18:50:27', '2014-11-10 16:28:47', 0),
(157, 'ប្រហិតចៀន', 'PH', 9, NULL, 0.0000, 6000.0000, '0', NULL, NULL, NULL, NULL, '', 0, '2014-09-17 18:51:32', '2014-11-10 15:58:06', 0),
(158, 'ស្នូរបាយ', 'SB', 9, NULL, 0.0000, 2000.0000, '0', NULL, NULL, NULL, NULL, '', 0, '2014-09-17 18:54:58', '2014-10-19 12:35:55', 0),
(159, 'ស្នូរប័រហ្គឺ', 'SBG', 9, NULL, 0.0000, 4000.0000, '0', NULL, NULL, NULL, NULL, '', 0, '2014-09-17 18:57:45', '2014-11-09 19:38:22', 0),
(160, '​ ពងមាន់', 'F2', 9, NULL, 0.0000, 1000.0000, '0', NULL, NULL, NULL, NULL, '', 0, '2014-09-17 18:59:21', '2014-10-19 12:48:06', 1),
(161, ' ហេម', 'F3', 9, NULL, 0.0000, 2500.0000, '0', NULL, NULL, NULL, NULL, '', 0, '2014-09-17 19:00:16', '2014-10-18 15:05:05', 1),
(162, 'ផ្សិតខ្មៅ', 'F4', 9, NULL, 0.0000, 2000.0000, '0', NULL, NULL, NULL, NULL, '', 0, '2014-09-17 19:01:11', '2014-11-09 18:23:50', 1),
(163, ' ពោះវៀន', 'F5', 9, NULL, 0.0000, 2000.0000, '0', NULL, NULL, NULL, NULL, '', 0, '2014-09-17 19:02:37', '2014-11-09 20:04:05', 1),
(164, 'ប្រហិត', 'F6', 9, NULL, 0.0000, 2000.0000, '0', NULL, NULL, NULL, NULL, '', 0, '2014-09-17 19:05:47', '2014-11-10 15:48:53', 1),
(165, 'មីឌុប', 'F7', 9, NULL, 0.0000, 1000.0000, '0', NULL, NULL, NULL, NULL, '', 0, '2014-09-17 19:07:09', '2014-10-19 12:25:32', 1),
(166, 'បន្លែ', 'BL', 9, NULL, 0.0000, 2000.0000, '0', NULL, NULL, NULL, NULL, '', 0, '2014-09-17 19:07:52', '2014-11-10 15:39:03', 0);

-- --------------------------------------------------------

--
-- Dumping data for table `item_price_tier`
--

INSERT INTO `item_price_tier` (`id`, `item_id`, `price_tier_id`, `price`) VALUES
(8, 1, 4, 1.5000),
(9, 1, 5, 1.6000),
(10, 1, 6, 1.7000),
(25, 22, 1, 5.0000),
(26, 10, 1, 1.0000),
(28, 9, 1, 4.0000),
(29, 34, 1, 2.0000),
(30, 34, 3, 3.0000),
(56, 40, 1, 10000.0000),
(57, 40, 3, 11000.0000),
(64, 35, 1, 11000.0000),
(65, 35, 3, 12000.0000),
(66, 36, 1, 2000.0000),
(67, 36, 3, 2000.0000),
(68, 37, 1, 10000.0000),
(69, 37, 3, 12000.0000),
(70, 38, 1, 8000.0000),
(71, 38, 3, 9000.0000),
(72, 39, 1, 2500.0000),
(73, 43, 1, 1500.0000),
(74, 41, 1, 10000.0000),
(75, 42, 1, 9000.0000),
(119, 167, 1, 1000.0000),
(120, 167, 3, 1000.0000),
(121, 167, 4, 1000.0000),
(125, 161, 1, 2500.0000),
(126, 161, 3, 2500.0000),
(127, 161, 4, 2500.0000),
(191, 149, 1, 1000.0000),
(192, 149, 3, 1000.0000),
(193, 149, 4, 1000.0000),
(194, 148, 1, 500.0000),
(195, 148, 3, 500.0000),
(196, 148, 4, 500.0000),
(437, 165, 1, 1000.0000),
(438, 165, 3, 1000.0000),
(439, 165, 4, 1000.0000),
(473, 158, 1, 2000.0000),
(474, 158, 3, 2000.0000),
(475, 158, 4, 2000.0000),
(509, 160, 1, 1000.0000),
(510, 160, 3, 1000.0000),
(511, 160, 4, 1000.0000),
(731, 162, 1, 2000.0000),
(732, 162, 3, 2000.0000),
(733, 162, 4, 2000.0000),
(827, 52, 1, 9000.0000),
(828, 52, 3, 9500.0000),
(829, 52, 4, 8500.0000),
(833, 117, 1, 7500.0000),
(834, 117, 3, 8000.0000),
(835, 117, 4, 7000.0000),
(839, 51, 1, 10500.0000),
(840, 51, 3, 11000.0000),
(841, 51, 4, 10000.0000),
(842, 66, 1, 5500.0000),
(843, 66, 3, 6000.0000),
(844, 66, 4, 5000.0000),
(845, 67, 1, 6000.0000),
(846, 67, 3, 6500.0000),
(847, 67, 4, 5500.0000),
(848, 55, 1, 8500.0000),
(849, 55, 3, 9000.0000),
(850, 55, 4, 8000.0000),
(851, 87, 1, 9500.0000),
(852, 87, 3, 10000.0000),
(853, 87, 4, 9000.0000),
(857, 136, 1, 7000.0000),
(858, 136, 3, 7500.0000),
(859, 136, 4, 6500.0000),
(860, 159, 1, 4500.0000),
(861, 159, 3, 5000.0000),
(862, 159, 4, 4000.0000),
(863, 57, 1, 10000.0000),
(864, 57, 3, 10500.0000),
(865, 57, 4, 9500.0000),
(866, 155, 1, 3000.0000),
(867, 155, 3, 3500.0000),
(868, 155, 4, 2500.0000),
(869, 74, 1, 8000.0000),
(870, 74, 3, 8500.0000),
(871, 74, 4, 7500.0000),
(872, 144, 1, 9500.0000),
(873, 144, 3, 10000.0000),
(874, 144, 4, 9000.0000),
(875, 145, 1, 7500.0000),
(876, 145, 3, 8000.0000),
(877, 145, 4, 7000.0000),
(878, 58, 1, 8500.0000),
(879, 58, 3, 9000.0000),
(880, 58, 4, 8000.0000),
(884, 60, 1, 8500.0000),
(885, 60, 3, 9000.0000),
(886, 60, 4, 8000.0000),
(887, 59, 1, 8500.0000),
(888, 59, 3, 9000.0000),
(889, 59, 4, 8000.0000),
(890, 90, 1, 8500.0000),
(891, 90, 3, 9000.0000),
(892, 90, 4, 8000.0000),
(896, 146, 1, 7500.0000),
(897, 146, 3, 8000.0000),
(898, 146, 4, 7000.0000),
(899, 163, 1, 2000.0000),
(900, 163, 3, 2000.0000),
(901, 163, 4, 2000.0000),
(902, 143, 1, 9500.0000),
(903, 143, 3, 10000.0000),
(904, 143, 4, 9000.0000),
(905, 138, 1, 7000.0000),
(906, 138, 3, 7500.0000),
(907, 138, 4, 6500.0000),
(908, 45, 1, 12500.0000),
(909, 45, 3, 13000.0000),
(910, 45, 4, 12000.0000),
(911, 121, 1, 7000.0000),
(912, 121, 3, 7500.0000),
(913, 121, 4, 6500.0000),
(914, 124, 1, 11500.0000),
(915, 124, 3, 12000.0000),
(916, 124, 4, 11000.0000),
(917, 120, 1, 7000.0000),
(918, 120, 3, 7500.0000),
(919, 120, 4, 6500.0000),
(920, 118, 1, 7000.0000),
(921, 118, 3, 7500.0000),
(922, 118, 4, 6500.0000),
(923, 123, 1, 7000.0000),
(924, 123, 3, 7500.0000),
(925, 123, 4, 6500.0000),
(926, 122, 1, 7000.0000),
(927, 122, 3, 7500.0000),
(928, 122, 4, 6500.0000),
(929, 119, 1, 7000.0000),
(930, 119, 3, 7500.0000),
(931, 119, 4, 6500.0000),
(932, 139, 1, 6000.0000),
(933, 139, 3, 6500.0000),
(934, 139, 4, 5500.0000),
(935, 140, 1, 6500.0000),
(936, 140, 3, 7000.0000),
(937, 140, 4, 6000.0000),
(938, 141, 1, 5000.0000),
(939, 141, 3, 5500.0000),
(940, 141, 4, 4500.0000),
(941, 153, 1, 2000.0000),
(942, 153, 3, 2500.0000),
(943, 153, 4, 1500.0000),
(944, 75, 1, 6500.0000),
(945, 75, 3, 7000.0000),
(946, 75, 4, 6000.0000),
(947, 80, 1, 5500.0000),
(948, 80, 3, 6000.0000),
(949, 80, 4, 5000.0000),
(950, 76, 1, 8500.0000),
(951, 76, 3, 9000.0000),
(952, 76, 4, 8000.0000),
(953, 152, 1, 2500.0000),
(954, 152, 3, 3000.0000),
(955, 152, 4, 2000.0000),
(956, 147, 1, 500.0000),
(957, 147, 3, 500.0000),
(958, 147, 4, 500.0000),
(959, 79, 1, 6500.0000),
(960, 79, 3, 7000.0000),
(961, 79, 4, 6000.0000),
(962, 83, 1, 8500.0000),
(963, 83, 3, 9000.0000),
(964, 83, 4, 8000.0000),
(965, 84, 1, 8500.0000),
(966, 84, 3, 9000.0000),
(967, 84, 4, 8000.0000),
(971, 85, 1, 8500.0000),
(972, 85, 3, 9000.0000),
(973, 85, 4, 8000.0000),
(974, 81, 1, 8000.0000),
(975, 81, 3, 8500.0000),
(976, 81, 4, 7500.0000),
(977, 78, 1, 6500.0000),
(978, 78, 3, 7000.0000),
(979, 78, 4, 6000.0000),
(980, 134, 1, 6500.0000),
(981, 134, 3, 7000.0000),
(982, 134, 4, 6000.0000),
(986, 102, 1, 6500.0000),
(987, 102, 3, 7000.0000),
(988, 102, 4, 6000.0000),
(989, 105, 1, 6500.0000),
(990, 105, 3, 7000.0000),
(991, 105, 4, 6000.0000),
(992, 103, 1, 6500.0000),
(993, 103, 3, 7000.0000),
(994, 103, 4, 6000.0000),
(995, 107, 1, 7000.0000),
(996, 107, 3, 7500.0000),
(997, 107, 4, 6500.0000),
(998, 106, 1, 6500.0000),
(999, 106, 3, 7000.0000),
(1000, 106, 4, 6000.0000),
(1001, 104, 1, 6500.0000),
(1002, 104, 3, 7000.0000),
(1003, 104, 4, 6000.0000),
(1004, 135, 1, 6500.0000),
(1005, 135, 3, 7000.0000),
(1006, 135, 4, 6000.0000),
(1007, 137, 1, 6500.0000),
(1008, 137, 3, 7000.0000),
(1009, 137, 4, 6000.0000),
(1010, 133, 1, 6000.0000),
(1011, 133, 3, 6500.0000),
(1012, 133, 4, 5500.0000),
(1013, 132, 1, 6000.0000),
(1014, 132, 3, 6500.0000),
(1015, 132, 4, 5500.0000),
(1016, 77, 1, 6500.0000),
(1017, 77, 3, 7000.0000),
(1018, 77, 4, 6000.0000),
(1019, 82, 1, 11500.0000),
(1020, 82, 3, 12000.0000),
(1021, 82, 4, 11000.0000),
(1022, 63, 1, 7500.0000),
(1023, 63, 3, 8000.0000),
(1024, 63, 4, 7000.0000),
(1025, 65, 1, 9500.0000),
(1026, 65, 3, 10000.0000),
(1027, 65, 4, 9000.0000),
(1028, 64, 1, 9500.0000),
(1029, 64, 3, 10000.0000),
(1030, 64, 4, 9000.0000),
(1031, 127, 1, 8500.0000),
(1032, 127, 3, 9000.0000),
(1033, 127, 4, 8000.0000),
(1034, 126, 1, 8500.0000),
(1035, 126, 3, 9000.0000),
(1036, 126, 4, 8000.0000),
(1037, 150, 1, 500.0000),
(1038, 150, 3, 500.0000),
(1039, 150, 4, 500.0000),
(1040, 131, 1, 8500.0000),
(1041, 131, 3, 9000.0000),
(1042, 131, 4, 8000.0000),
(1043, 129, 1, 8500.0000),
(1044, 129, 3, 9000.0000),
(1045, 129, 4, 8000.0000),
(1046, 128, 1, 8500.0000),
(1047, 128, 3, 9000.0000),
(1048, 128, 4, 8000.0000),
(1049, 142, 1, 4500.0000),
(1050, 142, 3, 5000.0000),
(1051, 142, 4, 4000.0000),
(1052, 125, 1, 10500.0000),
(1053, 125, 3, 11000.0000),
(1054, 125, 4, 10000.0000),
(1055, 130, 1, 8500.0000),
(1056, 130, 3, 9000.0000),
(1057, 130, 4, 8000.0000),
(1058, 166, 1, 2500.0000),
(1059, 166, 3, 3000.0000),
(1060, 166, 4, 2000.0000),
(1061, 50, 1, 8500.0000),
(1062, 50, 3, 9000.0000),
(1063, 50, 4, 8000.0000),
(1064, 54, 1, 9000.0000),
(1065, 54, 3, 9500.0000),
(1066, 54, 4, 8500.0000),
(1067, 46, 1, 9000.0000),
(1068, 46, 3, 9500.0000),
(1069, 46, 4, 8500.0000),
(1070, 48, 1, 9000.0000),
(1071, 48, 3, 9500.0000),
(1072, 48, 4, 8500.0000),
(1073, 56, 1, 9000.0000),
(1074, 56, 3, 9500.0000),
(1075, 56, 4, 8500.0000),
(1076, 47, 1, 9000.0000),
(1077, 47, 3, 9500.0000),
(1078, 47, 4, 8500.0000),
(1079, 151, 1, 2000.0000),
(1080, 151, 3, 2500.0000),
(1081, 151, 4, 1500.0000),
(1082, 62, 1, 9000.0000),
(1083, 62, 3, 9500.0000),
(1084, 62, 4, 8500.0000),
(1085, 69, 1, 8500.0000),
(1086, 69, 3, 9000.0000),
(1087, 69, 4, 8000.0000),
(1088, 72, 1, 10000.0000),
(1089, 72, 3, 10500.0000),
(1090, 72, 4, 9500.0000),
(1091, 68, 1, 8000.0000),
(1092, 68, 3, 8500.0000),
(1093, 68, 4, 7500.0000),
(1094, 71, 1, 10000.0000),
(1095, 71, 3, 10500.0000),
(1096, 71, 4, 9500.0000),
(1097, 70, 1, 12500.0000),
(1098, 70, 3, 13000.0000),
(1099, 70, 4, 12000.0000),
(1100, 73, 1, 10500.0000),
(1101, 73, 3, 11000.0000),
(1102, 73, 4, 10000.0000),
(1103, 164, 1, 2500.0000),
(1104, 164, 3, 3000.0000),
(1105, 164, 4, 2000.0000),
(1106, 157, 1, 6500.0000),
(1107, 157, 3, 7000.0000),
(1108, 157, 4, 6000.0000),
(1109, 154, 1, 1500.0000),
(1110, 154, 3, 2000.0000),
(1111, 154, 4, 1000.0000),
(1112, 95, 1, 9000.0000),
(1113, 95, 3, 9500.0000),
(1114, 95, 4, 8500.0000),
(1115, 100, 1, 9000.0000),
(1116, 100, 3, 9500.0000),
(1117, 100, 4, 8500.0000),
(1124, 99, 1, 9000.0000),
(1125, 99, 3, 9500.0000),
(1126, 99, 4, 8500.0000),
(1127, 91, 1, 9000.0000),
(1128, 91, 3, 9500.0000),
(1129, 91, 4, 8500.0000),
(1130, 98, 1, 9000.0000),
(1131, 98, 3, 9500.0000),
(1132, 98, 4, 8500.0000),
(1136, 96, 1, 9000.0000),
(1137, 96, 3, 9500.0000),
(1138, 96, 4, 8500.0000),
(1139, 97, 1, 9000.0000),
(1140, 97, 3, 9500.0000),
(1141, 97, 4, 8500.0000),
(1142, 92, 1, 9000.0000),
(1143, 92, 3, 9500.0000),
(1144, 92, 4, 8500.0000),
(1145, 93, 1, 9000.0000),
(1146, 93, 3, 9500.0000),
(1147, 93, 4, 8500.0000),
(1148, 101, 1, 9000.0000),
(1149, 101, 3, 9500.0000),
(1150, 101, 4, 8500.0000),
(1151, 94, 1, 9000.0000),
(1152, 94, 3, 9500.0000),
(1153, 94, 4, 8500.0000),
(1154, 156, 1, 6500.0000),
(1155, 156, 3, 7000.0000),
(1156, 156, 4, 6000.0000),
(1157, 114, 1, 6500.0000),
(1158, 114, 3, 7000.0000),
(1159, 114, 4, 6000.0000),
(1160, 110, 1, 6500.0000),
(1161, 110, 3, 7000.0000),
(1162, 110, 4, 6000.0000),
(1166, 115, 1, 6500.0000),
(1167, 115, 3, 7000.0000),
(1168, 115, 4, 6000.0000),
(1169, 113, 1, 6500.0000),
(1170, 113, 3, 7000.0000),
(1171, 113, 4, 6000.0000),
(1172, 112, 1, 6500.0000),
(1173, 112, 3, 7000.0000),
(1174, 112, 4, 6000.0000),
(1175, 111, 1, 6500.0000),
(1176, 111, 3, 7000.0000),
(1177, 111, 4, 6000.0000),
(1178, 109, 1, 6500.0000),
(1179, 109, 3, 7000.0000),
(1180, 109, 4, 6000.0000),
(1181, 116, 1, 6500.0000),
(1182, 116, 3, 7000.0000),
(1183, 116, 4, 6000.0000),
(1184, 108, 1, 6500.0000),
(1185, 108, 3, 7000.0000),
(1186, 108, 4, 6000.0000),
(1187, 88, 1, 7500.0000),
(1188, 88, 3, 8000.0000),
(1189, 88, 4, 7000.0000),
(1190, 53, 1, 6500.0000),
(1191, 53, 3, 7000.0000),
(1192, 53, 4, 6000.0000),
(1196, 49, 1, 9000.0000),
(1197, 49, 3, 9500.0000),
(1198, 49, 4, 8500.0000),
(1199, 44, 1, 10000.0000),
(1200, 44, 3, 10500.0000),
(1201, 44, 4, 9500.0000),
(1202, 89, 1, 9500.0000),
(1203, 89, 3, 10000.0000),
(1204, 89, 4, 9000.0000),
(1208, 86, 1, 12500.0000),
(1209, 86, 3, 13000.0000),
(1210, 86, 4, 12000.0000),
(1211, 61, 1, 10500.0000),
(1212, 61, 3, 11000.0000),
(1213, 61, 4, 10000.0000);

-- --------------------------------------------------------

INSERT INTO `price_tier` (`id`, `tier_name`, `modified_date`, `deleted`) VALUES
(1, 'Price 2', '2014-08-02 10:54:46', 0),
(2, 'Normal', '2014-06-21 10:38:07', 1),
(3, 'Price 3', '2014-08-02 10:54:36', 0),
(4, 'Price 1', '2014-09-01 11:33:35', 0);

-- --------------------------------------------------------

--
-- Dumping data for table `price_tier_zone`
--

INSERT INTO `price_tier_zone` (`zone_id`, `price_tier_id`) VALUES
(2, 4),
(3, 4),
(1, 4),
(4, 4),
(5, 4),
(6, 4),
(7, 4),
(8, 4),
(9, 4),
(10, 4),
(11, 4),
(12, 4),
(13, 4),
(14, 4),
(15, 4);


INSERT INTO `AuthAssignment` (`itemname`, `userid`, `bizrule`, `data`) VALUES
('employee.create', '14', NULL, NULL),
('employee.create', '15', NULL, NULL),
('employee.create', '18', NULL, NULL),
('employee.create', '2', NULL, NULL),
('employee.create', '3', NULL, NULL),
('employee.create', '4', NULL, NULL),
('employee.create', '6', NULL, NULL),
('employee.create', '7', NULL, NULL),
('employee.delete', '14', NULL, NULL),
('employee.delete', '15', NULL, NULL),
('employee.delete', '18', NULL, NULL),
('employee.delete', '2', NULL, NULL),
('employee.delete', '3', NULL, NULL),
('employee.delete', '4', NULL, NULL),
('employee.delete', '6', NULL, NULL),
('employee.delete', '7', NULL, NULL),
('employee.index', '14', NULL, NULL),
('employee.index', '15', NULL, NULL),
('employee.index', '18', NULL, NULL),
('employee.index', '2', NULL, NULL),
('employee.index', '3', NULL, NULL),
('employee.index', '4', NULL, NULL),
('employee.index', '6', NULL, NULL),
('employee.index', '7', NULL, NULL),
('employee.update', '14', NULL, NULL),
('employee.update', '15', NULL, NULL),
('employee.update', '18', NULL, NULL),
('employee.update', '2', NULL, NULL),
('employee.update', '3', NULL, NULL),
('employee.update', '4', NULL, NULL),
('employee.update', '6', NULL, NULL),
('employee.update', '7', NULL, NULL),
('item.create', '11', NULL, NULL),
('item.create', '14', NULL, NULL),
('item.create', '15', NULL, NULL),
('item.create', '18', NULL, NULL),
('item.create', '2', NULL, NULL),
('item.create', '3', NULL, NULL),
('item.create', '4', NULL, NULL),
('item.create', '6', NULL, NULL),
('item.create', '7', NULL, NULL),
('item.delete', '11', NULL, NULL),
('item.delete', '14', NULL, NULL),
('item.delete', '15', NULL, NULL),
('item.delete', '18', NULL, NULL),
('item.delete', '2', NULL, NULL),
('item.delete', '3', NULL, NULL),
('item.delete', '4', NULL, NULL),
('item.delete', '6', NULL, NULL),
('item.delete', '7', NULL, NULL),
('item.index', '11', NULL, NULL),
('item.index', '14', NULL, NULL),
('item.index', '15', NULL, NULL),
('item.index', '18', NULL, NULL),
('item.index', '2', NULL, NULL),
('item.index', '3', NULL, NULL),
('item.index', '4', NULL, NULL),
('item.index', '6', NULL, NULL),
('item.index', '7', NULL, NULL),
('item.update', '11', NULL, NULL),
('item.update', '14', NULL, NULL),
('item.update', '15', NULL, NULL),
('item.update', '18', NULL, NULL),
('item.update', '2', NULL, NULL),
('item.update', '3', NULL, NULL),
('item.update', '4', NULL, NULL),
('item.update', '6', NULL, NULL),
('item.update', '7', NULL, NULL),
('report.index', '11', NULL, NULL),
('report.index', '14', NULL, NULL),
('report.index', '15', NULL, NULL),
('report.index', '18', NULL, NULL),
('report.index', '2', NULL, NULL),
('report.index', '3', NULL, NULL),
('report.index', '4', NULL, NULL),
('report.index', '6', NULL, NULL),
('report.index', '7', NULL, NULL),
('sale.discount', '10', NULL, NULL),
('sale.discount', '11', NULL, NULL),
('sale.discount', '12', NULL, NULL),
('sale.discount', '13', NULL, NULL),
('sale.discount', '14', NULL, NULL),
('sale.discount', '15', NULL, NULL),
('sale.discount', '16', NULL, NULL),
('sale.discount', '17', NULL, NULL),
('sale.discount', '18', NULL, NULL),
('sale.discount', '2', NULL, NULL),
('sale.discount', '3', NULL, NULL),
('sale.discount', '4', NULL, NULL),
('sale.discount', '5', NULL, NULL),
('sale.discount', '6', NULL, NULL),
('sale.discount', '7', NULL, NULL),
('sale.discount', '8', NULL, NULL),
('sale.discount', '9', NULL, NULL),
('sale.edit', '10', NULL, NULL),
('sale.edit', '11', NULL, NULL),
('sale.edit', '12', NULL, NULL),
('sale.edit', '13', NULL, NULL),
('sale.edit', '14', NULL, NULL),
('sale.edit', '15', NULL, NULL),
('sale.edit', '16', NULL, NULL),
('sale.edit', '17', NULL, NULL),
('sale.edit', '18', NULL, NULL),
('sale.edit', '2', NULL, NULL),
('sale.edit', '3', NULL, NULL),
('sale.edit', '4', NULL, NULL),
('sale.edit', '5', NULL, NULL),
('sale.edit', '6', NULL, NULL),
('sale.edit', '7', NULL, NULL),
('sale.edit', '8', NULL, NULL),
('sale.edit', '9', NULL, NULL),
('sale.editprice', '10', NULL, NULL),
('sale.editprice', '11', NULL, NULL),
('sale.editprice', '12', NULL, NULL),
('sale.editprice', '13', NULL, NULL),
('sale.editprice', '14', NULL, NULL),
('sale.editprice', '15', NULL, NULL),
('sale.editprice', '16', NULL, NULL),
('sale.editprice', '17', NULL, NULL),
('sale.editprice', '18', NULL, NULL),
('sale.editprice', '2', NULL, NULL),
('sale.editprice', '3', NULL, NULL),
('sale.editprice', '4', NULL, NULL),
('sale.editprice', '5', NULL, NULL),
('sale.editprice', '6', NULL, NULL),
('sale.editprice', '7', NULL, NULL),
('sale.editprice', '8', NULL, NULL),
('sale.editprice', '9', NULL, NULL),
('store.update', '11', NULL, NULL),
('store.update', '14', NULL, NULL),
('store.update', '15', NULL, NULL),
('store.update', '2', NULL, NULL),
('store.update', '3', NULL, NULL),
('store.update', '4', NULL, NULL),
('store.update', '6', NULL, NULL),
('store.update', '7', NULL, NULL);


INSERT INTO `AuthItem` (`name`, `type`, `description`, `bizrule`, `data`) VALUES
('client.create', 0, 'Create Client', NULL, 'N;'),
('client.delete', 0, 'Delete Client', NULL, 'N;'),
('client.index', 0, 'List Client', NULL, 'N;'),
('client.update', 0, 'Update Client', NULL, 'N;'),
('employee.create', 0, 'Create Employee', NULL, NULL),
('employee.delete', 0, 'Delete Employee', NULL, NULL),
('employee.index', 0, 'List Employee', NULL, NULL),
('employee.update', 0, 'Update Employee', NULL, NULL),
('item.create', 0, 'Create Item', NULL, NULL),
('item.delete', 0, 'Delete Item', NULL, NULL),
('item.index', 0, 'List Item', NULL, NULL),
('item.update', 0, 'Update Item', NULL, NULL),
('itemAdmin', 1, 'Administer Item', NULL, 'N;'),
('payment.index', 0, 'Invoice Payment (Debt)', NULL, NULL),
('receiving.edit', 0, 'Process Purchase orders', NULL, 'N;'),
('report.index', 0, 'View and generate reports', NULL, 'N;'),
('sale.discount', 0, 'Sale Give Discount', NULL, 'N;'),
('sale.edit', 0, 'Edit Sale', NULL, 'N;'),
('sale.editprice', 0, 'Edit Sale Price', NULL, 'N;'),
('setting.exchangerate', 0, 'Exchange Rate', NULL, NULL),
('setting.receipt', 0, 'Receipt Setting', NULL, NULL),
('setting.sale', 0, 'Sale Setting', NULL, NULL),
('setting.site', 0, 'Shop Setting', NULL, NULL),
('setting.system', 0, 'System Setting', NULL, NULL),
('store.update', 0, 'Change the store''s configuration', NULL, 'N;'),
('supplier.create', 0, 'Create Supplier', NULL, NULL),
('supplier.delete', 0, 'Delete Supplier', NULL, NULL),
('supplier.index', 0, 'List Supplier', NULL, NULL),
('supplier.update', 0, 'Update Supplier', NULL, NULL),
('transaction.adjustin', 0, 'Adjustment In', NULL, NULL),
('transaction.adjustout', 0, 'Adjustment Out', NULL, NULL),
('transaction.count', 0, 'Physical Count', NULL, NULL),
('transaction.receive', 0, 'Receive from Supplier', NULL, NULL),
('transaction.return', 0, 'Return to Supplier', NULL, NULL),
('transaction.transfer', 0, 'Transfer to (Another Branch)', NULL, NULL);



INSERT INTO `rbac_user` (`id`, `user_name`, `group_id`, `employee_id`, `user_password`, `deleted`, `status`, `date_entered`, `modified_date`, `created_by`) VALUES
(2, 'admin', NULL, 37, '$2a$08$6Bpd5qGSPhB5dehzcrje4eYbfeTmxKI6WI8AgnamWSJyC4nAYNES6', 0, 1, NULL, '2014-02-15 11:31:55', NULL),
(3, 'super', NULL, 38, '$2a$08$/BW7UO.1LsTvZc5kfMtcyeFYbod45/8vM7ECJ6cYfnp8FFQ81NBlG', 0, 1, '2013-10-10 09:44:04', '2014-05-06 16:35:34', NULL),
(4, 'sarith', NULL, 39, '$2a$08$V8tLuAYd8U5fYCEXa9vxbuYLaihe5be/ZMdpmeWLkKUxV7xYcio3.', 0, 1, '2014-09-14 04:55:51', '2014-09-14 04:55:51', NULL),
(5, 'Cashier 1', NULL, 40, '$2a$08$RsxvYbAUt1GJfPFD.efHlui7Q1ao4l2Z4rxdbzIvGO5wlAFebvThG', 0, 1, '2014-09-14 05:04:43', '2014-09-14 05:04:43', NULL),
(6, 'Chenda', NULL, 41, '$2a$08$XyjkA9PBTDFOlPRJ1Bj7feFxvCfTOOVNuW4w3So1dPRalJRWcs1Hq', 0, 1, '2014-09-17 03:36:43', '2014-11-16 21:41:02', NULL),
(7, 'Soy chenda', NULL, 42, '$2a$08$Iw.A38iT2tDxt8XNHj01JuPXCtdbuPSD/vAMEgEZ/c9qnmQFS6Pw.', 0, 1, '2014-11-09 19:35:22', '2014-11-09 19:35:22', NULL),
(8, 'Sokpov', NULL, 43, '$2a$08$fzHlCUZNeKm4GTeAZv9HO.MtjxBhWk7bHDwaIkb4Y4ky7Z95tFnP2', 0, 1, '2014-11-16 20:58:57', '2014-11-16 20:58:57', NULL),
(9, 'Cashier1', NULL, 44, '$2a$08$RkB2eNCD6VHaE2Ne2RfoHO0N701P.OQWJFf5hXswS/WK4X379AL0K', 0, 1, '2014-11-16 21:19:52', '2014-11-16 21:19:52', NULL),
(10, 'Cashier2', NULL, 45, '$2a$08$1/9kaIf08nlzzbXYMKgy1u.Mik0H.Aok1NzfJCEP4xcF4iHzFk5du', 0, 1, '2014-11-16 21:36:55', '2014-11-16 21:36:55', NULL),
(11, 'AM', NULL, 46, '$2a$08$SycHxLXAiVwsQ5YQufeCueyfRgU4gOj81bjZMyS2Ru7g/3GeF4gPy', 0, 1, '2014-11-16 21:48:14', '2014-11-16 21:48:14', NULL),
(12, 'TTPCashier1', NULL, 47, '$2a$08$jNqYyxl3aqwfQfSL2iwm/eBahXi6VrjHrtZp5vbXzlkFVUKcPYUcu', 0, 1, '2014-11-16 21:57:07', '2014-11-16 21:57:07', NULL),
(13, 'TTPCashier2', NULL, 48, '$2a$08$JdXdFinMOJ9zchVCnN4tTePKgV7sdG/4mbYrOGdrEn9041sxF9R3G', 0, 1, '2014-11-16 22:22:58', '2014-11-16 22:22:58', NULL),
(14, 'BM', NULL, 49, '$2a$08$7i.fYMD6oPSPE2nxmYoRIeiVEW358lhTHLUEElXioCxAvrxOrWIdW', 0, 1, '2014-11-16 22:30:58', '2014-11-16 22:30:58', NULL),
(15, 'GM', NULL, 50, '$2a$08$B2Ef3nLgrM1YO./hXjhCeuFnBWXcTdn.jYiOOKP5sgj.JuGscJbi.', 0, 1, '2014-11-16 22:43:24', '2014-11-16 22:43:24', NULL),
(16, 'SRCashier1', NULL, 51, '$2a$08$OCHsndcJWJ3GkdiyBokkvODnjOWoBna0S6Qm9DasJQ7NdL1vFJyea', 0, 1, '2014-11-16 22:46:45', '2014-11-16 22:46:45', NULL),
(17, 'SRCashier2', NULL, 52, '$2a$08$E8Vczy.f.7O9lesdkvBfUenY2djVCpP.M9LqeQ828tE0B9fplqome', 0, 1, '2014-11-16 22:49:15', '2014-11-16 22:49:15', NULL),
(18, 'Dara', NULL, 53, '$2a$08$kGyximWfavv8GUBKtBqfruZXG82gbBTWmqBIGtHYeGkumo8zFoc8u', 0, 1, '2014-11-25 04:22:29', '2014-11-25 04:22:29', NULL);
