/*
SQLyog Ultimate v8.82 
MySQL - 5.5.40-0ubuntu0.14.04.1 : Database - bakou_pos_restaurant
*********************************************************************
*/

/*!40101 SET NAMES utf8 */;

/*!40101 SET SQL_MODE=''*/;

/*!40014 SET @OLD_UNIQUE_CHECKS=@@UNIQUE_CHECKS, UNIQUE_CHECKS=0 */;
/*!40014 SET @OLD_FOREIGN_KEY_CHECKS=@@FOREIGN_KEY_CHECKS, FOREIGN_KEY_CHECKS=0 */;
/*!40101 SET @OLD_SQL_MODE=@@SQL_MODE, SQL_MODE='NO_AUTO_VALUE_ON_ZERO' */;
/*!40111 SET @OLD_SQL_NOTES=@@SQL_NOTES, SQL_NOTES=0 */;
/*Table structure for table `AuthAssignment` */

DROP TABLE IF EXISTS `AuthAssignment`;

CREATE TABLE `AuthAssignment` (
  `itemname` varchar(64) CHARACTER SET latin1 NOT NULL,
  `userid` varchar(64) CHARACTER SET latin1 NOT NULL,
  `bizrule` text CHARACTER SET latin1,
  `data` text CHARACTER SET latin1,
  PRIMARY KEY (`itemname`,`userid`)
) ENGINE=InnoDB DEFAULT CHARSET=utf8mb4 COLLATE=utf8mb4_unicode_ci;

/*Data for the table `AuthAssignment` */

insert  into `AuthAssignment`(`itemname`,`userid`,`bizrule`,`data`) values ('employee.create','14',NULL,NULL),('employee.create','15',NULL,NULL),('employee.create','18',NULL,NULL),('employee.create','2',NULL,NULL),('employee.create','3',NULL,NULL),('employee.create','4',NULL,NULL),('employee.create','6',NULL,NULL),('employee.create','7',NULL,NULL),('employee.delete','14',NULL,NULL),('employee.delete','15',NULL,NULL),('employee.delete','18',NULL,NULL),('employee.delete','2',NULL,NULL),('employee.delete','3',NULL,NULL),('employee.delete','4',NULL,NULL),('employee.delete','6',NULL,NULL),('employee.delete','7',NULL,NULL),('employee.index','14',NULL,NULL),('employee.index','15',NULL,NULL),('employee.index','18',NULL,NULL),('employee.index','2',NULL,NULL),('employee.index','3',NULL,NULL),('employee.index','4',NULL,NULL),('employee.index','6',NULL,NULL),('employee.index','7',NULL,NULL),('employee.update','14',NULL,NULL),('employee.update','15',NULL,NULL),('employee.update','18',NULL,NULL),('employee.update','2',NULL,NULL),('employee.update','3',NULL,NULL),('employee.update','4',NULL,NULL),('employee.update','6',NULL,NULL),('employee.update','7',NULL,NULL),('item.create','11',NULL,NULL),('item.create','14',NULL,NULL),('item.create','15',NULL,NULL),('item.create','18',NULL,NULL),('item.create','2',NULL,NULL),('item.create','3',NULL,NULL),('item.create','4',NULL,NULL),('item.create','6',NULL,NULL),('item.create','7',NULL,NULL),('item.delete','11',NULL,NULL),('item.delete','14',NULL,NULL),('item.delete','15',NULL,NULL),('item.delete','18',NULL,NULL),('item.delete','2',NULL,NULL),('item.delete','3',NULL,NULL),('item.delete','4',NULL,NULL),('item.delete','6',NULL,NULL),('item.delete','7',NULL,NULL),('item.index','11',NULL,NULL),('item.index','14',NULL,NULL),('item.index','15',NULL,NULL),('item.index','18',NULL,NULL),('item.index','2',NULL,NULL),('item.index','3',NULL,NULL),('item.index','4',NULL,NULL),('item.index','6',NULL,NULL),('item.index','7',NULL,NULL),('item.update','11',NULL,NULL),('item.update','14',NULL,NULL),('item.update','15',NULL,NULL),('item.update','18',NULL,NULL),('item.update','2',NULL,NULL),('item.update','3',NULL,NULL),('item.update','4',NULL,NULL),('item.update','6',NULL,NULL),('item.update','7',NULL,NULL),('report.index','11',NULL,NULL),('report.index','14',NULL,NULL),('report.index','15',NULL,NULL),('report.index','18',NULL,NULL),('report.index','2',NULL,NULL),('report.index','3',NULL,NULL),('report.index','4',NULL,NULL),('report.index','6',NULL,NULL),('report.index','7',NULL,NULL),('sale.discount','10',NULL,NULL),('sale.discount','11',NULL,NULL),('sale.discount','12',NULL,NULL),('sale.discount','13',NULL,NULL),('sale.discount','14',NULL,NULL),('sale.discount','15',NULL,NULL),('sale.discount','16',NULL,NULL),('sale.discount','17',NULL,NULL),('sale.discount','18',NULL,NULL),('sale.discount','2',NULL,NULL),('sale.discount','3',NULL,NULL),('sale.discount','4',NULL,NULL),('sale.discount','5',NULL,NULL),('sale.discount','6',NULL,NULL),('sale.discount','7',NULL,NULL),('sale.discount','8',NULL,NULL),('sale.discount','9',NULL,NULL),('sale.edit','10',NULL,NULL),('sale.edit','11',NULL,NULL),('sale.edit','12',NULL,NULL),('sale.edit','13',NULL,NULL),('sale.edit','14',NULL,NULL),('sale.edit','15',NULL,NULL),('sale.edit','16',NULL,NULL),('sale.edit','17',NULL,NULL),('sale.edit','18',NULL,NULL),('sale.edit','2',NULL,NULL),('sale.edit','3',NULL,NULL),('sale.edit','4',NULL,NULL),('sale.edit','5',NULL,NULL),('sale.edit','6',NULL,NULL),('sale.edit','7',NULL,NULL),('sale.edit','8',NULL,NULL),('sale.edit','9',NULL,NULL),('sale.editprice','10',NULL,NULL),('sale.editprice','11',NULL,NULL),('sale.editprice','12',NULL,NULL),('sale.editprice','13',NULL,NULL),('sale.editprice','14',NULL,NULL),('sale.editprice','15',NULL,NULL),('sale.editprice','16',NULL,NULL),('sale.editprice','17',NULL,NULL),('sale.editprice','18',NULL,NULL),('sale.editprice','2',NULL,NULL),('sale.editprice','3',NULL,NULL),('sale.editprice','4',NULL,NULL),('sale.editprice','5',NULL,NULL),('sale.editprice','6',NULL,NULL),('sale.editprice','7',NULL,NULL),('sale.editprice','8',NULL,NULL),('sale.editprice','9',NULL,NULL),('store.update','11',NULL,NULL),('store.update','14',NULL,NULL),('store.update','15',NULL,NULL),('store.update','2',NULL,NULL),('store.update','3',NULL,NULL),('store.update','4',NULL,NULL),('store.update','6',NULL,NULL),('store.update','7',NULL,NULL);

/*Table structure for table `AuthItem` */

DROP TABLE IF EXISTS `AuthItem`;

CREATE TABLE `AuthItem` (
  `name` varchar(64) CHARACTER SET latin1 NOT NULL,
  `type` int(11) NOT NULL,
  `description` text CHARACTER SET latin1,
  `bizrule` text CHARACTER SET latin1,
  `data` text CHARACTER SET latin1,
  PRIMARY KEY (`name`)
) ENGINE=InnoDB DEFAULT CHARSET=utf8mb4 COLLATE=utf8mb4_unicode_ci;

/*Data for the table `AuthItem` */

insert  into `AuthItem`(`name`,`type`,`description`,`bizrule`,`data`) values ('client.create',0,'Create Client',NULL,'N;'),('client.delete',0,'Delete Client',NULL,'N;'),('client.index',0,'List Client',NULL,'N;'),('client.update',0,'Update Client',NULL,'N;'),('employee.create',0,'Create Employee',NULL,NULL),('employee.delete',0,'Delete Employee',NULL,NULL),('employee.index',0,'List Employee',NULL,NULL),('employee.update',0,'Update Employee',NULL,NULL),('item.create',0,'Create Item',NULL,NULL),('item.delete',0,'Delete Item',NULL,NULL),('item.index',0,'List Item',NULL,NULL),('item.update',0,'Update Item',NULL,NULL),('itemAdmin',1,'Administer Item',NULL,'N;'),('payment.index',0,'Invoice Payment (Debt)',NULL,NULL),('receiving.edit',0,'Process Purchase orders',NULL,'N;'),('report.index',0,'View and generate reports',NULL,'N;'),('sale.discount',0,'Sale Give Discount',NULL,'N;'),('sale.edit',0,'Edit Sale',NULL,'N;'),('sale.editprice',0,'Edit Sale Price',NULL,'N;'),('setting.exchangerate',0,'Exchange Rate',NULL,NULL),('setting.receipt',0,'Receipt Setting',NULL,NULL),('setting.sale',0,'Sale Setting',NULL,NULL),('setting.site',0,'Shop Setting',NULL,NULL),('setting.system',0,'System Setting',NULL,NULL),('store.update',0,'Change the store\'s configuration',NULL,'N;'),('supplier.create',0,'Create Supplier',NULL,NULL),('supplier.delete',0,'Delete Supplier',NULL,NULL),('supplier.index',0,'List Supplier',NULL,NULL),('supplier.update',0,'Update Supplier',NULL,NULL),('transaction.adjustin',0,'Adjustment In',NULL,NULL),('transaction.adjustout',0,'Adjustment Out',NULL,NULL),('transaction.count',0,'Physical Count',NULL,NULL),('transaction.receive',0,'Receive from Supplier',NULL,NULL),('transaction.return',0,'Return to Supplier',NULL,NULL),('transaction.transfer',0,'Transfer to (Another Branch)',NULL,NULL);

/*Table structure for table `AuthItemChild` */

DROP TABLE IF EXISTS `AuthItemChild`;

CREATE TABLE `AuthItemChild` (
  `parent` varchar(64) CHARACTER SET latin1 NOT NULL,
  `child` varchar(64) CHARACTER SET latin1 NOT NULL,
  PRIMARY KEY (`parent`,`child`),
  KEY `child` (`child`)
) ENGINE=InnoDB DEFAULT CHARSET=utf8mb4 COLLATE=utf8mb4_unicode_ci;

/*Data for the table `AuthItemChild` */

/*Table structure for table `account` */

DROP TABLE IF EXISTS `account`;

CREATE TABLE `account` (
  `id` int(11) NOT NULL AUTO_INCREMENT,
  `client_id` int(11) NOT NULL,
  `name` varchar(30) DEFAULT NULL,
  `balance` decimal(15,4) DEFAULT '0.0000',
  `date_created` datetime DEFAULT NULL,
  `note` text,
  PRIMARY KEY (`id`),
  KEY `FK_account_client_id` (`client_id`)
) ENGINE=InnoDB AUTO_INCREMENT=5 DEFAULT CHARSET=utf8;

/*Data for the table `account` */

insert  into `account`(`id`,`client_id`,`name`,`balance`,`date_created`,`note`) values (1,3,'sample','0.0000','2014-06-07 14:14:20',NULL),(2,4,'Rothdara','0.0000','2014-06-10 16:53:35',NULL),(3,5,'Mr. A','0.0000','2014-06-10 16:55:04',NULL),(4,1,'Lux','0.0000','2014-07-06 12:08:52',NULL);

/*Table structure for table `app_config` */

DROP TABLE IF EXISTS `app_config`;

CREATE TABLE `app_config` (
  `key` varchar(255) CHARACTER SET utf8 NOT NULL,
  `value` varchar(255) CHARACTER SET utf8 NOT NULL,
  PRIMARY KEY (`key`)
) ENGINE=InnoDB DEFAULT CHARSET=utf8mb4 COLLATE=utf8mb4_unicode_ci;

/*Data for the table `app_config` */

/*Table structure for table `category` */

DROP TABLE IF EXISTS `category`;

CREATE TABLE `category` (
  `id` int(11) NOT NULL AUTO_INCREMENT,
  `name` varchar(50) CHARACTER SET utf8 NOT NULL,
  `created_date` datetime DEFAULT NULL,
  `modified_date` datetime DEFAULT NULL,
  PRIMARY KEY (`id`)
) ENGINE=InnoDB AUTO_INCREMENT=11 DEFAULT CHARSET=utf8mb4 COLLATE=utf8mb4_unicode_ci;

/*Data for the table `category` */

insert  into `category`(`id`,`name`,`created_date`,`modified_date`) values (1,'Beverage','2014-09-14 05:09:39','2014-09-14 05:09:39'),(7,'Topping-Beverage','2014-09-14 05:09:54','2014-09-14 05:09:54'),(8,'Topping-Foods','2014-08-02 00:00:00',NULL),(9,'Foods','2014-09-14 05:09:18','2014-09-14 05:09:18'),(10,'Decoration','2014-09-17 00:00:00',NULL);

/*Table structure for table `client` */

DROP TABLE IF EXISTS `client`;

CREATE TABLE `client` (
  `id` int(11) NOT NULL AUTO_INCREMENT,
  `first_name` varchar(100) CHARACTER SET utf8 NOT NULL,
  `last_name` varchar(100) CHARACTER SET utf8 DEFAULT NULL,
  `mobile_no` varchar(15) CHARACTER SET utf8 DEFAULT NULL,
  `address1` varchar(60) CHARACTER SET utf8 DEFAULT NULL,
  `address2` varchar(60) CHARACTER SET utf8 DEFAULT NULL,
  `city_id` int(11) DEFAULT NULL,
  `country_code` varchar(2) CHARACTER SET utf8 DEFAULT NULL,
  `email` varchar(30) CHARACTER SET utf8 DEFAULT NULL,
  `notes` text CHARACTER SET utf8,
  `status` varchar(1) CHARACTER SET utf8 DEFAULT '1',
  PRIMARY KEY (`id`)
) ENGINE=InnoDB AUTO_INCREMENT=2 DEFAULT CHARSET=utf8mb4 COLLATE=utf8mb4_unicode_ci;

/*Data for the table `client` */

insert  into `client`(`id`,`first_name`,`last_name`,`mobile_no`,`address1`,`address2`,`city_id`,`country_code`,`email`,`notes`,`status`) values (1,'Lux','Sok','012812812','','',NULL,NULL,NULL,'','1');

/*Table structure for table `currency_type` */

DROP TABLE IF EXISTS `currency_type`;

CREATE TABLE `currency_type` (
  `code` int(11) NOT NULL AUTO_INCREMENT,
  `currency_id` char(3) CHARACTER SET utf8 NOT NULL,
  `currency_name` varchar(70) CHARACTER SET utf8 NOT NULL,
  `currency_symbol` varchar(3) CHARACTER SET utf8 DEFAULT NULL,
  `sort_order` int(11) DEFAULT NULL,
  PRIMARY KEY (`code`)
) ENGINE=InnoDB AUTO_INCREMENT=4 DEFAULT CHARSET=utf8mb4 COLLATE=utf8mb4_unicode_ci;

/*Data for the table `currency_type` */

insert  into `currency_type`(`code`,`currency_id`,`currency_name`,`currency_symbol`,`sort_order`) values (1,'USD','United States Dollar','$',NULL),(2,'KHR','Kampuchea Riel','៛',NULL),(3,'THB','Thai Baht','฿',NULL);

/*Table structure for table `debt_collector` */

DROP TABLE IF EXISTS `debt_collector`;

CREATE TABLE `debt_collector` (
  `id` int(11) NOT NULL AUTO_INCREMENT,
  `fullname` varchar(100) NOT NULL,
  `mobile_no` varchar(15) DEFAULT NULL,
  `adddress1` varchar(60) DEFAULT NULL,
  `address2` varchar(60) DEFAULT NULL,
  `city_id` int(11) DEFAULT NULL,
  `country_code` varchar(2) DEFAULT NULL,
  `email` varchar(30) DEFAULT NULL,
  `notes` text,
  PRIMARY KEY (`id`)
) ENGINE=InnoDB DEFAULT CHARSET=utf8;

/*Data for the table `debt_collector` */

/*Table structure for table `debter_client_ref` */

DROP TABLE IF EXISTS `debter_client_ref`;

CREATE TABLE `debter_client_ref` (
  `debter_id` int(11) NOT NULL,
  `client_id` int(11) NOT NULL,
  PRIMARY KEY (`debter_id`,`client_id`),
  KEY `FK_debter_client_ref_client_id` (`client_id`)
) ENGINE=InnoDB DEFAULT CHARSET=utf8;

/*Data for the table `debter_client_ref` */

/*Table structure for table `desk` */

DROP TABLE IF EXISTS `desk`;

CREATE TABLE `desk` (
  `id` int(11) NOT NULL AUTO_INCREMENT,
  `name` varchar(15) COLLATE utf8mb4_unicode_ci NOT NULL,
  `zone_id` int(11) DEFAULT NULL,
  `sort_order` int(11) DEFAULT NULL,
  `status` varchar(1) COLLATE utf8mb4_unicode_ci DEFAULT '1',
  `modified_date` datetime DEFAULT NULL,
  `occupied` tinyint(3) unsigned DEFAULT '0',
  PRIMARY KEY (`id`),
  KEY `FK_desk_zone_id` (`zone_id`),
  CONSTRAINT `FK_desk_zone_id` FOREIGN KEY (`zone_id`) REFERENCES `zone` (`id`) ON DELETE CASCADE
) ENGINE=InnoDB AUTO_INCREMENT=112 DEFAULT CHARSET=utf8mb4 COLLATE=utf8mb4_unicode_ci;

/*Data for the table `desk` */

insert  into `desk`(`id`,`name`,`zone_id`,`sort_order`,`status`,`modified_date`,`occupied`) values (35,'TO 01',5,NULL,'1',NULL,0),(36,'TO 02',5,NULL,'1',NULL,0),(37,'TO 03',5,NULL,'1',NULL,0),(38,'TO 04',5,NULL,'1',NULL,0),(39,'TO 05',5,NULL,'1',NULL,0),(40,'V1',9,1,'1',NULL,0),(41,'V2',9,2,'1',NULL,0),(42,'V3',9,3,'1',NULL,0),(43,'V4',9,4,'1',NULL,0),(44,'V5',9,5,'1',NULL,0),(50,'M1',11,1,'1',NULL,0),(51,'M2',11,2,'1',NULL,0),(52,'M3',11,3,'1',NULL,0),(53,'TO1',12,1,'1',NULL,0),(54,'TO2',12,2,'1',NULL,0),(55,'V1',6,1,'1',NULL,0),(56,'V2',6,2,'1',NULL,0),(57,'TO1',13,1,'1',NULL,0),(58,'TO 02',13,2,'1',NULL,0),(59,'A1',7,1,'1',NULL,0),(60,'A2',7,2,'1',NULL,0),(61,'MB1',8,1,'1',NULL,0),(62,'MB2',8,2,'1',NULL,0),(66,'A1',1,1,'1',NULL,0),(67,'A2',1,2,'1',NULL,0),(68,'A3',1,3,'1',NULL,0),(69,'A4',1,4,'1',NULL,0),(70,'A5',1,5,'1',NULL,0),(71,'A6',1,6,'1',NULL,0),(72,'A7',1,7,'1',NULL,0),(73,'A8',1,8,'1',NULL,0),(76,'B1',2,1,'1',NULL,0),(78,'B2',2,2,'1',NULL,0),(79,'B3',2,3,'1',NULL,0),(80,'B4',2,4,'1',NULL,0),(81,'B5',2,5,'1',NULL,0),(82,'B6',2,6,'1',NULL,0),(83,'B7',2,7,'1',NULL,0),(84,'B8',2,8,'1',NULL,0),(85,'B9',2,9,'1',NULL,0),(86,'B10',2,10,'1',NULL,0),(87,'C1',3,1,'1',NULL,0),(88,'C2',3,2,'1',NULL,0),(89,'C3',3,3,'1',NULL,0),(90,'C4',3,4,'1',NULL,0),(91,'C5',3,5,'1',NULL,0),(92,'C6',3,6,'1',NULL,0),(93,'C7',3,7,'1',NULL,0),(94,'C8',3,8,'1',NULL,0),(95,'D1',14,1,'1',NULL,0),(96,'D2',14,2,'1',NULL,0),(97,'D3',14,3,'1',NULL,0),(98,'D4',14,4,'1',NULL,0),(99,'D5',14,5,'1',NULL,0),(100,'D6',14,6,'1',NULL,0),(101,'D7',14,7,'1',NULL,0),(102,'D8',14,8,'1',NULL,0),(103,'D9',14,9,'1',NULL,0),(104,'D10',14,10,'1',NULL,0),(105,'D11',14,11,'1',NULL,0),(106,'D12',14,12,'1',NULL,0),(107,'D13',14,13,'1',NULL,0),(108,'D14',14,14,'1',NULL,0),(109,'O1',15,1,'1',NULL,0),(110,'O2',15,2,'1',NULL,0),(111,'O3',15,3,'1',NULL,0);

/*Table structure for table `desk_change_log` */

DROP TABLE IF EXISTS `desk_change_log`;

CREATE TABLE `desk_change_log` (
  `id` int(11) NOT NULL AUTO_INCREMENT,
  `sale_id` int(11) NOT NULL,
  `cur_desk_id` int(11) NOT NULL,
  `new_desk_id` int(11) NOT NULL,
  `cur_group_id` int(11) DEFAULT NULL,
  `new_group_id` int(11) DEFAULT NULL,
  `employee_id` int(11) DEFAULT NULL,
  `location_id` int(11) DEFAULT NULL,
  `modified_date` datetime DEFAULT NULL,
  PRIMARY KEY (`id`)
) ENGINE=InnoDB AUTO_INCREMENT=4 DEFAULT CHARSET=utf8mb4 COLLATE=utf8mb4_unicode_ci;

/*Data for the table `desk_change_log` */

insert  into `desk_change_log`(`id`,`sale_id`,`cur_desk_id`,`new_desk_id`,`cur_group_id`,`new_group_id`,`employee_id`,`location_id`,`modified_date`) values (1,16,67,78,1,1,38,3,'2014-12-31 13:22:26'),(2,16,78,108,1,1,38,3,'2014-12-31 13:22:45'),(3,16,108,67,1,1,38,3,'2014-12-31 13:23:24');

/*Table structure for table `employee` */

DROP TABLE IF EXISTS `employee`;

CREATE TABLE `employee` (
  `id` int(11) NOT NULL AUTO_INCREMENT,
  `first_name` varchar(50) CHARACTER SET utf8 NOT NULL,
  `last_name` varchar(50) CHARACTER SET utf8 NOT NULL,
  `mobile_no` varchar(15) CHARACTER SET utf8 DEFAULT NULL,
  `adddress1` varchar(60) CHARACTER SET utf8 DEFAULT NULL,
  `address2` varchar(60) CHARACTER SET utf8 DEFAULT NULL,
  `city_id` int(11) DEFAULT NULL,
  `country_code` varchar(2) CHARACTER SET utf8 DEFAULT NULL,
  `email` varchar(30) CHARACTER SET utf8 DEFAULT NULL,
  `notes` text CHARACTER SET utf8,
  PRIMARY KEY (`id`)
) ENGINE=InnoDB AUTO_INCREMENT=54 DEFAULT CHARSET=utf8mb4 COLLATE=utf8mb4_unicode_ci;

/*Data for the table `employee` */

insert  into `employee`(`id`,`first_name`,`last_name`,`mobile_no`,`adddress1`,`address2`,`city_id`,`country_code`,`email`,`notes`) values (37,'Owner','System','012999068','','',NULL,'','',''),(38,'super','pos','012878878','super addresss1','super address',NULL,'','',''),(39,'sarith','Y','092511662','','',NULL,'','',''),(40,'Y ','Sarith','081433343','','',NULL,'','',''),(41,'Soy','ChenDa','010 66 56 15','','',NULL,'','',''),(44,'Phoeurn','Polly','016556509','','',NULL,'','',''),(45,'Khann','sokpov','0963981293','','',NULL,'','',''),(46,'Assitant','Mamager','023222150','','',NULL,'','',''),(47,'Chan','Sreyroth','023224170','','',NULL,'','',''),(48,'Chan','Sreyra','093853333','','',NULL,'','',''),(49,'Chan','Sineth','077667786','','',NULL,'','',''),(50,'Chan','Dary','012345678','','',NULL,'','',''),(51,'Chan ','Dara','077752224','','',NULL,'','',''),(52,'Chan','reaksmey','070905640','','',NULL,'','',''),(53,'Rothdara','Vorn','077333455','','',NULL,'','','');

/*Table structure for table `employee_image` */

DROP TABLE IF EXISTS `employee_image`;

CREATE TABLE `employee_image` (
  `id` int(11) NOT NULL AUTO_INCREMENT,
  `employee_id` int(11) NOT NULL,
  `photo` blob NOT NULL,
  `thumbnail` blob,
  `filename` varchar(30) CHARACTER SET latin1 NOT NULL,
  `filetype` varchar(15) CHARACTER SET latin1 DEFAULT NULL,
  `path` varchar(100) CHARACTER SET latin1 DEFAULT NULL,
  `size` int(11) DEFAULT NULL,
  `width` varchar(20) CHARACTER SET latin1 DEFAULT NULL,
  `height` varchar(20) CHARACTER SET latin1 DEFAULT NULL,
  PRIMARY KEY (`id`),
  KEY `FK_employee_image_emp_id` (`employee_id`)
) ENGINE=InnoDB DEFAULT CHARSET=utf8mb4 COLLATE=utf8mb4_unicode_ci;

/*Data for the table `employee_image` */

/*Table structure for table `employee_location` */

DROP TABLE IF EXISTS `employee_location`;

CREATE TABLE `employee_location` (
  `id` int(11) NOT NULL AUTO_INCREMENT,
  `employee_id` int(11) NOT NULL,
  `location_id` int(11) NOT NULL,
  `home_status` tinyint(1) DEFAULT '0',
  PRIMARY KEY (`id`),
  UNIQUE KEY `employee_id` (`employee_id`,`location_id`),
  KEY `FK_employee_location_id` (`location_id`),
  CONSTRAINT `FK_employee_location_emp_id` FOREIGN KEY (`employee_id`) REFERENCES `employee` (`id`),
  CONSTRAINT `FK_employee_location_id` FOREIGN KEY (`location_id`) REFERENCES `location` (`id`)
) ENGINE=InnoDB AUTO_INCREMENT=18 DEFAULT CHARSET=utf8mb4 COLLATE=utf8mb4_unicode_ci;

/*Data for the table `employee_location` */

insert  into `employee_location`(`id`,`employee_id`,`location_id`,`home_status`) values (1,38,3,1),(2,39,3,1),(3,40,3,1),(4,41,3,1),(5,37,3,1),(8,44,3,1),(9,45,3,1),(10,46,3,1),(11,47,5,1),(12,48,5,1),(13,49,5,1),(14,50,4,1),(15,51,4,1),(16,52,4,1),(17,53,3,1);

/*Table structure for table `exchange_rate` */

DROP TABLE IF EXISTS `exchange_rate`;

CREATE TABLE `exchange_rate` (
  `base_currency` varchar(3) NOT NULL,
  `to_currency` varchar(3) NOT NULL,
  `base_cur_val` double(15,2) NOT NULL,
  `to_cur_val` double(15,2) NOT NULL,
  PRIMARY KEY (`base_currency`,`to_currency`)
) ENGINE=InnoDB DEFAULT CHARSET=utf8;

/*Data for the table `exchange_rate` */

/*Table structure for table `giftcard` */

DROP TABLE IF EXISTS `giftcard`;

CREATE TABLE `giftcard` (
  `id` int(11) NOT NULL AUTO_INCREMENT,
  `giftcard_number` varchar(60) COLLATE utf8mb4_unicode_ci NOT NULL,
  `discount_amount` decimal(15,2) NOT NULL,
  `discount_type` varchar(2) COLLATE utf8mb4_unicode_ci DEFAULT NULL,
  `status` varchar(1) COLLATE utf8mb4_unicode_ci DEFAULT '1',
  `client_id` int(11) DEFAULT NULL,
  PRIMARY KEY (`id`),
  UNIQUE KEY `id` (`id`),
  UNIQUE KEY `giftcard_number` (`giftcard_number`),
  KEY `FK_giftcard_client_id` (`client_id`),
  CONSTRAINT `FK_giftcard_client_id` FOREIGN KEY (`client_id`) REFERENCES `client` (`id`)
) ENGINE=InnoDB AUTO_INCREMENT=10 DEFAULT CHARSET=utf8mb4 COLLATE=utf8mb4_unicode_ci;

/*Data for the table `giftcard` */

insert  into `giftcard`(`id`,`giftcard_number`,`discount_amount`,`discount_type`,`status`,`client_id`) values (1,'111111','10.00',NULL,'1',NULL),(2,'2222222','50.00',NULL,'1',NULL),(3,'12345677','10.00',NULL,'1',NULL),(4,'000001','10.00',NULL,'1',NULL),(5,'VKH 10 0408','7.00',NULL,'1',NULL),(6,'VKH 10 0426','10.00',NULL,'1',NULL),(7,'VKH 10 0457','5.00',NULL,'1',NULL),(8,'VKH 10 1348','75.00',NULL,'1',NULL),(9,'VKH 10 1354','100.00',NULL,'1',NULL);

/*Table structure for table `inventory` */

DROP TABLE IF EXISTS `inventory`;

CREATE TABLE `inventory` (
  `trans_id` int(11) NOT NULL AUTO_INCREMENT,
  `trans_items` int(11) NOT NULL,
  `trans_user` int(11) NOT NULL,
  `trans_date` timestamp NOT NULL DEFAULT CURRENT_TIMESTAMP,
  `trans_comment` text CHARACTER SET utf8 NOT NULL,
  `trans_inventory` double(15,2) NOT NULL DEFAULT '0.00',
  PRIMARY KEY (`trans_id`),
  KEY `FK_inventory_item_id` (`trans_items`)
) ENGINE=InnoDB AUTO_INCREMENT=18 DEFAULT CHARSET=utf8mb4 COLLATE=utf8mb4_unicode_ci;

/*Data for the table `inventory` */

insert  into `inventory`(`trans_id`,`trans_items`,`trans_user`,`trans_date`,`trans_comment`,`trans_inventory`) values (1,1,38,'2014-06-15 12:33:01','POS 5',-1.00),(2,1,38,'2014-06-17 18:29:50','POS 1',-1.00),(3,9,38,'2014-06-21 17:40:50','POS 2',-1.00),(4,9,38,'2014-06-21 17:41:14','Change Sale 2',1.00),(5,9,38,'2014-06-21 17:41:15','POS 2',-4.00),(6,9,38,'2014-06-26 02:12:25','Receive from Supplier 2',10.00),(7,9,38,'2014-06-26 02:15:22','Receive from Supplier 5',8.00),(8,10,38,'2014-06-26 02:15:22','Receive from Supplier 5',9.00),(9,9,38,'2014-06-26 02:15:59','Receive from Supplier 6',10.00),(10,10,38,'2014-06-26 02:15:59','Receive from Supplier 6',1.00),(11,9,38,'2014-06-26 02:17:24','Receive from Supplier 7',3.00),(12,10,38,'2014-06-26 02:17:24','Receive from Supplier 7',2.00),(13,9,38,'2014-06-26 02:17:37','Receive from Supplier 8',5.00),(14,10,38,'2014-06-26 02:17:37','Receive from Supplier 8',4.00),(15,28,38,'2014-07-14 20:14:22','POS 3',-1.00),(16,22,38,'2014-07-14 20:14:22','POS 3',-2.00),(17,31,38,'2014-07-14 20:14:23','POS 3',-1.00);

/*Table structure for table `invoice` */

DROP TABLE IF EXISTS `invoice`;

CREATE TABLE `invoice` (
  `id` int(11) NOT NULL AUTO_INCREMENT,
  `client_id` int(11) NOT NULL,
  `invoice_number` varchar(50) CHARACTER SET utf8 NOT NULL,
  `date_issued` date DEFAULT NULL,
  `amount` decimal(15,3) DEFAULT NULL,
  `work_description` varchar(200) CHARACTER SET utf8 DEFAULT NULL,
  `payment_term` varchar(100) CHARACTER SET utf8 DEFAULT NULL,
  `taxt1_rate` decimal(6,2) DEFAULT NULL,
  `tax1_desc` varchar(100) CHARACTER SET utf8 DEFAULT NULL,
  `tax2_rate` decimal(6,2) DEFAULT NULL,
  `tax2_desc` varchar(100) CHARACTER SET utf8 DEFAULT NULL,
  `note` text CHARACTER SET utf8,
  `day_payment_due` int(11) DEFAULT NULL,
  `flag` tinyint(1) DEFAULT '0',
  PRIMARY KEY (`id`),
  KEY `FK_invoice_client_id` (`client_id`)
) ENGINE=InnoDB DEFAULT CHARSET=utf8mb4 COLLATE=utf8mb4_unicode_ci;

/*Data for the table `invoice` */

/*Table structure for table `invoice_item` */

DROP TABLE IF EXISTS `invoice_item`;

CREATE TABLE `invoice_item` (
  `id` int(11) NOT NULL AUTO_INCREMENT,
  `invoice_id` int(11) NOT NULL,
  `amount` decimal(10,3) NOT NULL,
  `quantity` int(11) DEFAULT NULL,
  `work_description` text,
  `discount` decimal(10,3) DEFAULT NULL,
  `discount_desc` varchar(400) DEFAULT NULL,
  `modified_date` timestamp NULL DEFAULT CURRENT_TIMESTAMP,
  PRIMARY KEY (`id`),
  KEY `FK_invoice_item_invoice_id` (`invoice_id`)
) ENGINE=InnoDB DEFAULT CHARSET=utf8;

/*Data for the table `invoice_item` */

/*Table structure for table `invoice_payment` */

DROP TABLE IF EXISTS `invoice_payment`;

CREATE TABLE `invoice_payment` (
  `id` int(11) NOT NULL AUTO_INCREMENT,
  `invoice_id` int(11) NOT NULL,
  `invoice_number` varchar(50) DEFAULT NULL,
  `date_paid` date DEFAULT NULL,
  `amount_paid` decimal(10,3) NOT NULL,
  `give_away` decimal(10,3) DEFAULT NULL,
  `note` text,
  `modified_date` timestamp NOT NULL DEFAULT CURRENT_TIMESTAMP,
  PRIMARY KEY (`id`),
  UNIQUE KEY `id` (`id`),
  KEY `FK_invoice_payment_invoice_id` (`invoice_id`)
) ENGINE=InnoDB DEFAULT CHARSET=utf8;

/*Data for the table `invoice_payment` */

/*Table structure for table `invoices` */

DROP TABLE IF EXISTS `invoices`;

CREATE TABLE `invoices` (
  `invoicenumber` mediumint(8) unsigned NOT NULL AUTO_INCREMENT,
  `branch` varchar(10) COLLATE utf8mb4_unicode_ci NOT NULL,
  `date` date NOT NULL,
  `client` varchar(100) COLLATE utf8mb4_unicode_ci NOT NULL,
  PRIMARY KEY (`branch`,`invoicenumber`)
) ENGINE=MyISAM DEFAULT CHARSET=utf8mb4 COLLATE=utf8mb4_unicode_ci;

/*Data for the table `invoices` */

insert  into `invoices`(`invoicenumber`,`branch`,`date`,`client`) values (1,'A','2014-11-16','John'),(1,'B','2014-11-16','Jack'),(2,'A','2014-11-16','Jeff'),(2,'B','2014-11-16','Joel'),(3,'A','2014-11-16','Jane'),(3,'B','2014-11-16','Joan'),(4,'A','2014-11-16','June');

/*Table structure for table `item` */

DROP TABLE IF EXISTS `item`;

CREATE TABLE `item` (
  `id` int(11) NOT NULL AUTO_INCREMENT,
  `name` varchar(50) CHARACTER SET utf8 NOT NULL,
  `item_number` varchar(255) CHARACTER SET utf8 DEFAULT NULL,
  `category_id` int(11) DEFAULT NULL,
  `supplier_id` int(11) DEFAULT NULL,
  `cost_price` double(15,4) DEFAULT NULL,
  `unit_price` double(15,4) DEFAULT NULL,
  `quantity` double(15,0) NOT NULL,
  `reorder_level` double(15,2) DEFAULT NULL,
  `location` varchar(20) CHARACTER SET utf8 DEFAULT NULL,
  `allow_alt_description` tinyint(1) DEFAULT NULL,
  `is_serialized` tinyint(1) DEFAULT NULL,
  `description` text CHARACTER SET utf8,
  `deleted` tinyint(1) DEFAULT '0',
  `created_date` datetime DEFAULT NULL,
  `modified_date` datetime DEFAULT NULL,
  `topping` tinyint(1) DEFAULT '0',
  PRIMARY KEY (`id`),
  UNIQUE KEY `item_number` (`item_number`),
  KEY `FK_item_category_id` (`category_id`),
  KEY `FK_item_supplier_id` (`supplier_id`)
) ENGINE=InnoDB AUTO_INCREMENT=184 DEFAULT CHARSET=utf8mb4 COLLATE=utf8mb4_unicode_ci;

/*Data for the table `item` */

insert  into `item`(`id`,`name`,`item_number`,`category_id`,`supplier_id`,`cost_price`,`unit_price`,`quantity`,`reorder_level`,`location`,`allow_alt_description`,`is_serialized`,`description`,`deleted`,`created_date`,`modified_date`,`topping`) values (44,'មីបន្ទះដែក','NH',9,NULL,0.0000,9500.0000,0,NULL,NULL,NULL,NULL,'',0,'2014-09-17 16:12:55','2014-11-10 16:36:34',0),(45,'ការីសាលមន','CRY',9,NULL,0.0000,12000.0000,0,NULL,'',NULL,NULL,'',0,'2014-09-17 16:14:01','2014-11-09 20:05:32',0),(46,'បាយឆាត្រាវ','FRT',9,NULL,0.0000,8500.0000,0,NULL,NULL,NULL,NULL,'',0,'2014-09-17 16:14:49','2014-11-10 15:40:49',0),(47,'បាយពង់មាន់ពិសេស','SPE',9,NULL,0.0000,8500.0000,0,NULL,NULL,NULL,NULL,'',0,'2014-09-17 16:15:38','2014-11-10 15:42:33',0),(48,'បាយឆាផ្លែឈើ','FFR',9,NULL,0.0000,8500.0000,0,NULL,NULL,NULL,NULL,'',0,'2014-09-17 16:16:30','2014-11-10 15:41:17',0),(49,'មីខគោ','MKH',9,NULL,0.0000,8500.0000,0,NULL,NULL,NULL,NULL,'',0,'2014-09-17 16:16:58','2014-11-10 16:36:05',0),(50,'បបរសាមចូក','RS',9,NULL,0.0000,8000.0000,0,NULL,NULL,NULL,NULL,'',0,'2014-09-17 16:17:40','2014-11-10 15:39:39',0),(51,'សាឡាដ','SAM',9,NULL,0.0000,10000.0000,0,NULL,NULL,NULL,NULL,'',0,'2014-09-17 16:18:28','2014-11-09 19:33:42',0),(52,'មីស៊ុប','NS',9,NULL,0.0000,8500.0000,0,NULL,NULL,NULL,NULL,'',0,'2014-09-17 16:19:02','2014-11-09 19:30:14',0),(53,'មីក្រឡុក','NM',9,NULL,0.0000,6000.0000,0,NULL,NULL,NULL,NULL,'',0,'2014-09-17 16:19:49','2014-11-10 16:34:56',0),(54,'បាយខ្ចប់ពងមាន់','FRW',9,NULL,0.0000,8500.0000,0,NULL,NULL,NULL,NULL,'',0,'2014-09-17 16:20:44','2014-11-10 15:40:02',0),(55,'សេនវិចវិតឃីង','SVK',9,NULL,0.0000,8000.0000,0,NULL,NULL,NULL,NULL,'',0,'2014-09-17 16:23:51','2014-11-09 19:35:16',0),(56,'បាយបន្ទះដែក','RH',9,NULL,0.0000,8500.0000,0,NULL,NULL,NULL,NULL,'',0,'2014-09-17 16:24:22','2014-11-10 15:41:41',0),(57,'ស្ពាហ្គេទី(ខ្ទឹមបារាំង)','SPA',9,NULL,0.0000,9500.0000,0,NULL,NULL,NULL,NULL,'',0,'2014-09-17 16:25:48','2014-11-09 19:39:01',0),(58,'អូម៉ាឡែតខ្ទឹមបារាំង','OM1',9,NULL,0.0000,8000.0000,0,NULL,NULL,NULL,NULL,'',0,'2014-09-17 16:27:40','2014-11-09 19:43:01',0),(59,'អូម៉ាឡែតហេម','OM2',9,NULL,0.0000,8000.0000,0,NULL,NULL,NULL,NULL,'',0,'2014-09-17 16:28:32','2014-11-09 19:46:09',0),(60,'អូម៉ាឡែតពិសេស','OM3',9,NULL,0.0000,8000.0000,0,NULL,NULL,NULL,NULL,'',0,'2014-09-17 16:29:11','2014-11-09 19:45:36',0),(61,'ស៊ុបយ៉ិនស៊ិន','GSS',9,NULL,0.0000,10000.0000,0,NULL,NULL,NULL,NULL,'',0,'2014-09-17 16:29:49','2014-11-17 14:46:35',0),(62,'បាយស៊ូផាយ','SPR',9,NULL,0.0000,8500.0000,0,NULL,NULL,NULL,NULL,'',0,'2014-09-17 16:30:25','2014-11-10 15:45:02',0),(63,'ថូសបារាំង','FFT1',9,NULL,0.0000,7000.0000,0,NULL,NULL,NULL,NULL,'',0,'2014-09-17 16:32:42','2014-11-10 14:36:24',0),(64,'ថូសបារាំងហេម','FFT2',9,NULL,0.0000,9000.0000,0,NULL,NULL,NULL,NULL,'',0,'2014-09-17 16:34:31','2014-11-10 14:37:18',0),(65,'ថូសបារាំងឈីស','FFT3',9,NULL,0.0000,9000.0000,0,NULL,NULL,NULL,NULL,'',0,'2014-09-17 16:36:50','2014-11-10 14:36:51',0),(66,'សាំងវិច','SW1',9,NULL,0.0000,5000.0000,0,NULL,NULL,NULL,NULL,'',0,'2014-09-17 16:37:40','2014-11-09 19:34:09',0),(67,'សាំងវិចពិសេស','SW2',9,NULL,0.0000,5500.0000,0,NULL,NULL,NULL,NULL,'',0,'2014-09-17 16:38:24','2014-11-09 19:34:48',0),(68,'ប័រហ្គឺរស្នូលផ្សិត','BG1',9,NULL,0.0000,7500.0000,0,NULL,NULL,NULL,NULL,'',0,'2014-09-17 16:39:28','2014-11-10 15:46:40',0),(69,'ប័រហ្គឺពងមាន់','BG2',9,NULL,0.0000,8000.0000,0,NULL,NULL,NULL,NULL,'',0,'2014-09-17 16:40:18','2014-11-10 15:45:42',0),(70,'ប័រហ្គឺរហេមឈីសពងមាន់','BG3',9,NULL,0.0000,12000.0000,0,NULL,NULL,NULL,NULL,'',0,'2014-09-17 16:41:24','2014-11-10 15:47:47',0),(71,'ប័រហ្គឺរហេម','BG4',9,NULL,0.0000,9500.0000,0,NULL,NULL,NULL,NULL,'',0,'2014-09-17 16:43:22','2014-11-10 15:47:12',0),(72,'ប័រហ្គឺរឈីស','BG5',9,NULL,0.0000,9500.0000,0,NULL,NULL,NULL,NULL,'',0,'2014-09-17 16:44:26','2014-11-10 15:46:10',0),(73,'ប័រហ្គឺរហេមពងមាន់','BG6',9,NULL,0.0000,10000.0000,0,NULL,NULL,NULL,NULL,'',0,'2014-09-17 16:45:22','2014-11-10 15:48:22',0),(74,'ហេមចៀន','S1',9,NULL,0.0000,7500.0000,0,NULL,NULL,NULL,NULL,'',0,'2014-09-17 16:46:04','2014-11-09 19:40:05',0),(75,'គល់ផ្សិតចៀន','S2',9,NULL,0.0000,6000.0000,0,NULL,NULL,NULL,NULL,'',0,'2014-09-17 16:46:42','2014-11-09 20:12:06',0),(76,'គាវចំហ៊ុយ','S3',9,NULL,0.0000,8000.0000,0,NULL,NULL,NULL,NULL,'',0,'2014-09-17 16:47:11','2014-11-09 20:13:19',0),(77,'តៅហ៊ូបំពង','S4',9,NULL,0.0000,6000.0000,0,NULL,NULL,NULL,NULL,'',0,'2014-09-17 16:47:52','2014-11-10 14:35:09',0),(78,'ដំឡូងបារាំងបំពង','S5',9,NULL,0.0000,6000.0000,0,NULL,NULL,NULL,NULL,'',0,'2014-09-17 16:48:26','2014-11-09 20:17:14',0),(79,'ចាយ៉បំពង','S6',9,NULL,0.0000,6000.0000,0,NULL,NULL,NULL,NULL,'',0,'2014-09-17 16:48:59','2014-11-09 20:14:35',0),(80,'គល់ផ្សិតអាំង (បាប៊ីឃ្យូ)','S10',9,NULL,0.0000,5000.0000,0,NULL,NULL,NULL,NULL,'',0,'2014-09-17 16:50:25','2014-11-09 20:12:27',0),(81,'ឆាបន្លែផ្អែម','FSW',9,NULL,0.0000,7500.0000,0,NULL,NULL,NULL,NULL,'',0,'2014-09-17 16:51:04','2014-11-09 20:16:35',0),(82,'ត្រីចៀនចួន','FV1',9,NULL,0.0000,11000.0000,0,NULL,NULL,NULL,NULL,'',0,'2014-09-17 16:52:07','2014-11-10 14:35:51',0),(83,'ឆាខាត់ណាមឹកបួស','FV2',9,NULL,0.0000,8000.0000,0,NULL,NULL,NULL,NULL,'',0,'2014-09-17 16:52:49','2014-11-09 20:14:57',0),(84,'ឆាបន្លែគ្រប់មុខ','FV3',9,NULL,0.0000,8000.0000,0,NULL,NULL,NULL,NULL,'',0,'2014-09-17 16:53:17','2014-11-09 20:15:18',0),(85,'ឆាស្ពៃតឿផ្សិតខ្មៅ','FV4',9,NULL,0.0000,8000.0000,0,NULL,NULL,NULL,NULL,'',0,'2014-09-17 16:54:18','2014-11-09 20:16:12',0),(86,'សយស្ទេក','SS',9,NULL,0.0000,12000.0000,0,NULL,NULL,NULL,NULL,'',0,'2014-09-17 16:54:48','2014-11-17 14:43:16',0),(87,'ស៊ុបគីមឈី','KS',9,NULL,0.0000,9000.0000,0,NULL,NULL,NULL,NULL,'',0,'2014-09-17 16:55:23','2014-11-09 19:35:58',0),(88,'ភីចឃូល័រ','PC',1,NULL,0.0000,7000.0000,0,NULL,NULL,NULL,NULL,'',0,'2014-09-17 16:56:12','2014-11-10 16:34:29',0),(89,'មេងហ្គូផាសិន','MP',1,NULL,0.0000,9000.0000,0,NULL,NULL,NULL,NULL,'',0,'2014-09-17 16:56:56','2014-11-10 16:37:37',0),(90,'អូរ៉េនមីន','ORM',1,NULL,0.0000,8000.0000,0,NULL,NULL,NULL,NULL,'',0,'2014-09-17 16:58:15','2014-11-09 19:46:43',0),(91,'ពីងសាគ្រាប់ឪឡឹក','PS1',1,NULL,0.0000,8500.0000,0,NULL,'',NULL,NULL,'',0,'2014-09-17 16:59:05','2014-11-10 16:03:11',0),(92,'ពីងសាល្ពៅ','PS2',1,NULL,0.0000,8500.0000,0,NULL,NULL,NULL,NULL,'',0,'2014-09-17 17:06:43','2014-11-10 16:05:48',0),(93,'ពីងសាសូកូឡា','PS3',1,NULL,0.0000,8500.0000,0,NULL,NULL,NULL,NULL,'',0,'2014-09-17 17:07:21','2014-11-10 16:06:16',0),(94,'ពីងសាស្ទបរី','PS4',1,NULL,0.0000,8500.0000,0,NULL,NULL,NULL,NULL,'',0,'2014-09-17 17:08:53','2014-11-10 16:07:31',0),(95,'ពីងសាក្រូចថ្លុង','PS5',1,NULL,0.0000,8500.0000,0,NULL,NULL,NULL,NULL,'',0,'2014-09-17 17:10:23','2014-11-10 15:59:18',0),(96,'ពីងសាប៉ោមខៀវ','PS7',1,NULL,0.0000,8500.0000,0,NULL,NULL,NULL,NULL,'',0,'2014-09-17 17:18:01','2014-11-10 16:04:40',0),(97,'ពីងសាម្នាស់','PS8',1,NULL,0.0000,8500.0000,0,NULL,NULL,NULL,NULL,'',0,'2014-09-17 17:18:47','2014-11-10 16:05:10',0),(98,'ពីងសាទំពាំងបាយជូ','PS9',1,NULL,0.0000,8500.0000,0,NULL,NULL,NULL,NULL,'',0,'2014-09-17 17:19:49','2014-11-10 16:03:41',0),(99,'ពីងសាត្រាវ','PS10',1,NULL,0.0000,8500.0000,0,NULL,NULL,NULL,NULL,'',0,'2014-09-17 17:20:22','2014-11-10 16:02:44',0),(100,'ពីងសាគូលេន','PS11',1,NULL,0.0000,8500.0000,0,NULL,NULL,NULL,NULL,'',0,'2014-09-17 17:24:29','2014-11-10 16:00:07',0),(101,'ពីងសាសូដា','PS12',1,NULL,0.0000,8500.0000,0,NULL,NULL,NULL,NULL,'',0,'2014-09-17 17:25:01','2014-11-10 16:06:47',0),(102,'តែទឹកដោះគោ','TM1',1,NULL,0.0000,6000.0000,0,NULL,NULL,NULL,NULL,'',0,'2014-09-17 17:29:56','2014-11-09 20:18:20',0),(103,'តែទឹកដោះគោក្លិនម្លិះ','TM2',1,NULL,0.0000,6000.0000,0,NULL,NULL,NULL,NULL,'',0,'2014-09-17 17:30:43','2014-11-09 20:19:02',0),(104,'តែទឹកដោះគោសណ្តែកដី','TM3',1,NULL,0.0000,6000.0000,0,NULL,NULL,NULL,NULL,'',0,'2014-09-17 17:31:29','2014-11-09 20:20:08',0),(105,'តែទឹកដោះគោក្លិនដូង','TM4',1,NULL,0.0000,6000.0000,0,NULL,NULL,NULL,NULL,'',0,'2014-09-17 17:32:15','2014-11-09 20:18:41',0),(106,'តែទឹកដោះគោពិសេស','TM5',1,NULL,0.0000,6000.0000,0,NULL,NULL,NULL,NULL,'',0,'2014-09-17 17:32:46','2014-11-09 20:19:48',0),(107,'តែទឹកដោះគោទឹកឃ្មំ','TM6',1,NULL,0.0000,6500.0000,0,NULL,'',NULL,NULL,'',0,'2014-09-17 17:33:32','2014-11-09 20:19:27',0),(108,'ព្រិលស្ទបរី','SN1',1,NULL,0.0000,6000.0000,0,NULL,NULL,NULL,NULL,'',0,'2014-09-17 17:35:59','2014-11-10 16:34:00',0),(109,'ព្រិលសូកូឡា','SN2',1,NULL,0.0000,6000.0000,0,NULL,NULL,NULL,NULL,'',0,'2014-09-17 17:36:25','2014-11-10 16:32:56',0),(110,'ព្រិលត្រសក់','SN3',1,NULL,0.0000,6000.0000,0,NULL,NULL,NULL,NULL,'',0,'2014-09-17 17:37:09','2014-11-10 16:30:01',0),(111,'ព្រិលម្នាស់','SN4',1,NULL,0.0000,6000.0000,0,NULL,NULL,NULL,NULL,'',0,'2014-09-17 17:37:40','2014-11-10 16:32:21',0),(112,'ព្រិលប៉ោមខៀវ','SN5',1,NULL,0.0000,6000.0000,0,NULL,NULL,NULL,NULL,'',0,'2014-09-17 17:38:10','2014-11-10 16:31:43',0),(113,'ព្រិលទំពាំងបាយជូ','SN6',1,NULL,0.0000,6000.0000,0,NULL,NULL,NULL,NULL,'',0,'2014-09-17 17:38:51','2014-11-10 16:31:16',0),(114,'ព្រិលគូលេន','SN7',1,NULL,0.0000,6000.0000,0,NULL,NULL,NULL,NULL,'',0,'2014-09-17 17:39:38','2014-11-10 16:29:35',0),(115,'ព្រិលត្រាវ','SN8',1,NULL,0.0000,6000.0000,0,NULL,NULL,NULL,NULL,'',0,'2014-09-17 17:40:12','2014-11-10 16:30:55',0),(116,'ព្រិលសូដា','SN9',1,NULL,0.0000,6000.0000,0,NULL,NULL,NULL,NULL,'',0,'2014-09-17 17:40:45','2014-11-10 16:33:28',0),(117,'ម៉ុងតុលទឹកដោះគោ','SN10',1,NULL,0.0000,7000.0000,0,NULL,NULL,NULL,NULL,'',0,'2014-09-17 17:41:31','2014-11-09 19:31:33',0),(118,'ការ៉េមត្រាវ','IC1',1,NULL,0.0000,6500.0000,0,NULL,NULL,NULL,NULL,'',0,'2014-09-17 17:43:06','2014-11-09 20:08:02',0),(119,'ការ៉េមស្ទបរី','IC2',1,NULL,0.0000,6500.0000,0,NULL,'',NULL,NULL,'',0,'2014-09-17 17:44:11','2014-11-09 20:08:55',0),(120,'ការ៉េមដូង','IC3',1,NULL,0.0000,6500.0000,0,NULL,NULL,NULL,NULL,'',0,'2014-09-17 17:45:35','2014-11-09 20:06:39',0),(121,'ការ៉េប្លូបរី','IC4',1,NULL,0.0000,6500.0000,0,NULL,NULL,NULL,NULL,'',0,'2014-09-17 17:46:27','2014-11-09 20:05:52',0),(122,'ការ៉េមសូកូឡា','IC5',1,NULL,0.0000,6500.0000,0,NULL,NULL,NULL,NULL,'',0,'2014-09-17 17:47:30','2014-11-09 20:08:39',0),(123,'ការ៉េមវ៉ានីឡា','IC6',1,NULL,0.0000,6500.0000,0,NULL,NULL,NULL,NULL,'',0,'2014-09-17 17:48:30','2014-11-09 20:08:20',0),(124,'ការ៉េម រ៉េមបូរ','IC7',1,NULL,0.0000,11000.0000,0,NULL,NULL,NULL,NULL,'',0,'2014-09-17 17:53:34','2014-11-09 20:06:20',0),(125,'ទឹកស្ទបរីស្រស់','FF1',1,NULL,0.0000,10000.0000,0,NULL,NULL,NULL,NULL,'',0,'2014-09-17 17:54:22','2014-11-10 15:38:10',0),(126,'ទឹកក្រូចពោធិ៍សាត់ស្រស់','FF2',1,NULL,0.0000,8000.0000,0,NULL,NULL,NULL,NULL,'',0,'2014-09-17 17:55:46','2014-11-10 15:29:36',0),(127,'ទឹកការ៉ុត','FF3',1,NULL,0.0000,8000.0000,0,NULL,NULL,NULL,NULL,'',0,'2014-09-17 17:56:23','2014-11-10 14:37:45',0),(128,'ទឹកសារីស្រស់','FF4',1,NULL,0.0000,8000.0000,0,NULL,NULL,NULL,NULL,'',0,'2014-09-17 17:57:49','2014-11-10 15:33:58',0),(129,'ទឹកប៉ោមស្រស់','FF5',1,NULL,0.0000,8000.0000,0,NULL,NULL,NULL,NULL,'',0,'2014-09-17 17:58:23','2014-11-10 15:33:21',0),(130,'ទឹកឪឡឹកស្រស់','FF6',1,NULL,0.0000,8000.0000,0,NULL,NULL,NULL,NULL,'',0,'2014-09-17 17:59:00','2014-11-10 15:38:42',0),(131,'ទឹកបន្លែស្រស់','FF7',1,NULL,0.0000,8000.0000,0,NULL,NULL,NULL,NULL,'',0,'2014-09-17 17:59:46','2014-11-10 15:33:03',0),(132,'តែក្រហមពពុះ','IT1',1,NULL,0.0000,5500.0000,0,NULL,NULL,NULL,NULL,'',0,'2014-09-17 18:02:10','2014-11-10 14:34:19',0),(133,'តែបៃតងពពុះ','IT2',1,NULL,0.0000,5500.0000,0,NULL,NULL,NULL,NULL,'',0,'2014-09-17 18:02:42','2014-11-09 20:21:24',0),(134,'តែក្រហមក្រូចឆ្មា','IT3',1,NULL,0.0000,6000.0000,0,NULL,NULL,NULL,NULL,'',0,'2014-09-17 18:03:25','2014-11-09 20:17:36',0),(135,'តែបៃតងក្រូចឆ្មា','IT4',1,NULL,0.0000,6000.0000,0,NULL,NULL,NULL,NULL,'',0,'2014-09-17 18:03:58','2014-11-09 20:20:44',0),(136,'ស្ទបរីធ្វីស','IT5',1,NULL,0.0000,6500.0000,0,NULL,NULL,NULL,NULL,'',0,'2014-09-17 18:04:34','2014-11-09 19:37:43',0),(137,'តែបៃតងផ្លែផាសិន','IT7',1,NULL,0.0000,6000.0000,0,NULL,NULL,NULL,NULL,'',0,'2014-09-17 18:05:18','2014-11-09 20:21:04',0),(138,'កាប៉ូជីណូ','CF1',1,NULL,0.0000,6500.0000,0,NULL,NULL,NULL,NULL,'',0,'2014-09-17 18:18:13','2014-11-09 20:04:53',0),(139,'កាហ្ចេទឹកកក','CF2',1,NULL,0.0000,5500.0000,0,NULL,NULL,NULL,NULL,'',0,'2014-09-17 18:18:58','2014-11-09 20:09:15',0),(140,'កាហ្វេទឹកដោះគោទឹកកក','CF3',1,NULL,0.0000,6000.0000,0,NULL,NULL,NULL,NULL,'',0,'2014-09-17 18:19:39','2014-11-09 20:09:38',0),(141,'កូកា កូឡា','CK1',1,NULL,0.0000,4500.0000,0,NULL,NULL,NULL,NULL,'',0,'2014-09-17 18:20:40','2014-11-09 20:09:57',0),(142,'ទឹកសុទ្ធ','PD1',1,NULL,0.0000,4000.0000,0,NULL,NULL,NULL,NULL,'',0,'2014-09-17 18:21:24','2014-11-10 15:35:13',0),(143,'កាប៉ូ ជីណូ','CPCN',1,NULL,0.0000,9000.0000,0,NULL,NULL,NULL,NULL,'',0,'2014-09-17 18:22:54','2014-11-09 20:04:24',0),(144,'ឡាតេ','LT',1,NULL,0.0000,9000.0000,0,NULL,NULL,NULL,NULL,'',0,'2014-09-17 18:23:25','2014-11-09 19:40:39',0),(145,'អាមេរិចខេនណូ','AN',1,NULL,0.0000,7000.0000,0,NULL,NULL,NULL,NULL,'',0,'2014-09-17 18:23:55','2014-11-09 19:42:33',0),(146,'អែស្ត្រែសូ','ESP',1,NULL,0.0000,7000.0000,0,NULL,NULL,NULL,NULL,'',0,'2014-09-17 18:24:35','2014-11-09 20:03:35',0),(147,'គុជ','1',1,NULL,0.0000,500.0000,0,NULL,NULL,NULL,NULL,'',0,'2014-09-17 18:35:15','2014-11-09 20:13:52',1),(148,'ចរណៃ','2',1,NULL,0.0000,500.0000,0,NULL,NULL,NULL,NULL,'',0,'2014-09-17 18:36:23','2014-10-18 15:22:06',1),(149,'គុជចរណៃ','3',1,NULL,0.0000,1000.0000,0,NULL,NULL,NULL,NULL,'',0,'2014-09-17 18:36:51','2014-10-18 15:21:13',1),(150,'ទឹកឃ្មំ','4',1,NULL,0.0000,500.0000,0,NULL,NULL,NULL,NULL,'',0,'2014-09-17 18:37:36','2014-11-10 15:32:39',1),(151,'បាយស','BS',9,NULL,0.0000,1500.0000,0,NULL,NULL,NULL,NULL,'',0,'2014-09-17 18:40:12','2014-11-10 15:44:00',0),(152,'គីមឈី','KJ',9,NULL,0.0000,2000.0000,0,NULL,NULL,NULL,NULL,'',0,'2014-09-17 18:41:13','2014-11-09 20:13:35',0),(153,'គល់ផ្សិត','F1',9,NULL,0.0000,1500.0000,0,NULL,NULL,NULL,NULL,'',0,'2014-09-17 18:44:51','2014-11-09 20:10:26',1),(154,'ពងមាន់','EGG',9,NULL,0.0000,1000.0000,0,NULL,NULL,NULL,NULL,'',0,'2014-09-17 18:46:03','2014-11-10 15:58:47',0),(155,'ហេម','HAM',9,NULL,0.0000,2500.0000,0,NULL,NULL,NULL,NULL,'',0,'2014-09-17 18:47:53','2014-11-09 19:39:38',0),(156,'ពោះវៀន','PV',9,NULL,0.0000,6000.0000,0,NULL,NULL,NULL,NULL,'',0,'2014-09-17 18:50:27','2014-11-10 16:28:47',0),(157,'ប្រហិតចៀន','PH',9,NULL,0.0000,6000.0000,0,NULL,NULL,NULL,NULL,'',0,'2014-09-17 18:51:32','2014-11-10 15:58:06',0),(158,'ស្នូរបាយ','SB',9,NULL,0.0000,2000.0000,0,NULL,NULL,NULL,NULL,'',0,'2014-09-17 18:54:58','2014-10-19 12:35:55',0),(159,'ស្នូរប័រហ្គឺ','SBG',9,NULL,0.0000,4000.0000,0,NULL,NULL,NULL,NULL,'',0,'2014-09-17 18:57:45','2014-11-09 19:38:22',0),(160,'​ ពងមាន់','F2',9,NULL,0.0000,1000.0000,0,NULL,NULL,NULL,NULL,'',0,'2014-09-17 18:59:21','2014-10-19 12:48:06',1),(161,' ហេម','F3',9,NULL,0.0000,2500.0000,0,NULL,NULL,NULL,NULL,'',0,'2014-09-17 19:00:16','2014-10-18 15:05:05',1),(162,'ផ្សិតខ្មៅ','F4',9,NULL,0.0000,2000.0000,0,NULL,NULL,NULL,NULL,'',0,'2014-09-17 19:01:11','2014-11-09 18:23:50',1),(163,' ពោះវៀន','F5',9,NULL,0.0000,2000.0000,0,NULL,NULL,NULL,NULL,'',0,'2014-09-17 19:02:37','2014-11-09 20:04:05',1),(164,'ប្រហិត','F6',9,NULL,0.0000,2000.0000,0,NULL,NULL,NULL,NULL,'',0,'2014-09-17 19:05:47','2014-11-10 15:48:53',1),(165,'មីឌុប','F7',9,NULL,0.0000,1000.0000,0,NULL,NULL,NULL,NULL,'',0,'2014-09-17 19:07:09','2014-10-19 12:25:32',1),(167,'ក្រូសង់','cro',1,NULL,0.0000,10800.0000,0,NULL,NULL,NULL,NULL,'',0,'2014-12-27 09:37:19','2014-12-27 09:37:19',0),(168,'កូកាគាមបួយ','ck2',1,NULL,0.0000,5500.0000,0,NULL,NULL,NULL,NULL,'',0,'2014-12-27 16:35:56','2014-12-27 16:35:56',0),(171,'កាហ្វេទឹកដោះគោវិតឃីង','cf4',1,NULL,0.0000,7000.0000,0,NULL,NULL,NULL,NULL,'',0,'2014-12-28 15:10:20','2014-12-28 15:10:20',0),(172,'.បន្លែ','F8',8,NULL,0.0000,1000.0000,0,NULL,NULL,NULL,NULL,'',0,'2014-12-28 15:46:08','2014-12-28 15:46:08',1),(173,'អាប្រីខត','APR',1,NULL,0.0000,6800.0000,0,NULL,NULL,NULL,NULL,'',0,'2014-12-28 15:48:39','2014-12-28 15:48:39',0),(174,'Taramisu','TRM',1,NULL,0.0000,14000.0000,0,NULL,NULL,NULL,NULL,'',0,'2014-12-28 15:50:27','2014-12-28 15:50:27',0),(175,'Passion Cake','PSC ',1,NULL,0.0000,14000.0000,0,NULL,NULL,NULL,NULL,'',0,'2014-12-28 15:52:18','2014-12-28 15:52:18',0),(176,'Cheese Cake','CHC',1,NULL,0.0000,14000.0000,0,NULL,NULL,NULL,NULL,'',0,'2014-12-28 15:53:21','2014-12-28 15:53:21',0),(177,'Chocolate Truffle Cake','CTC',1,NULL,0.0000,14000.0000,0,NULL,NULL,NULL,NULL,'',0,'2014-12-28 15:54:24','2014-12-28 15:54:24',0),(178,'Opera','OPR',1,NULL,0.0000,14000.0000,0,NULL,NULL,NULL,NULL,'',0,'2014-12-28 15:57:32','2014-12-28 15:57:32',0),(179,'Chocolate Eclair','CCE',1,NULL,0.0000,10800.0000,0,NULL,NULL,NULL,NULL,'',0,'2014-12-29 07:41:49','2014-12-29 07:41:49',0),(180,'Caffe Eclair','CFE',1,NULL,0.0000,10800.0000,0,NULL,NULL,NULL,NULL,'',0,'2014-12-29 07:43:20','2014-12-29 07:43:20',0),(181,'Black Forest','BLS',1,NULL,0.0000,14000.0000,0,NULL,NULL,NULL,NULL,'',0,'2014-12-29 07:44:42','2014-12-29 07:44:42',0),(182,'សេនវិចហេម','sw3',9,NULL,0.0000,6500.0000,0,NULL,NULL,NULL,NULL,'',0,'2014-12-29 12:44:48','2014-12-29 12:44:48',0),(183,'ពីងសាត្រសក់','ps6',9,NULL,0.0000,8500.0000,0,NULL,NULL,NULL,NULL,'',0,'2014-12-29 12:45:59','2014-12-29 12:45:59',0);

/*Table structure for table `item_expire` */

DROP TABLE IF EXISTS `item_expire`;

CREATE TABLE `item_expire` (
  `id` int(11) NOT NULL AUTO_INCREMENT,
  `item_id` int(11) NOT NULL,
  `mfd_date` date DEFAULT NULL,
  `expire_date` date NOT NULL,
  `quantity` decimal(15,2) DEFAULT '0.00',
  PRIMARY KEY (`id`,`item_id`,`expire_date`),
  UNIQUE KEY `item_expire` (`item_id`,`expire_date`),
  KEY `FK_item_expire_item_id` (`item_id`)
) ENGINE=InnoDB AUTO_INCREMENT=7 DEFAULT CHARSET=utf8mb4 COLLATE=utf8mb4_unicode_ci;

/*Data for the table `item_expire` */

insert  into `item_expire`(`id`,`item_id`,`mfd_date`,`expire_date`,`quantity`) values (1,1,NULL,'2014-11-30','4.00'),(2,9,NULL,'2014-10-31','0.00'),(3,15,NULL,'2014-09-30','0.00'),(4,7,NULL,'2014-08-31','1.00'),(5,20,NULL,'2014-10-31','3.00'),(6,9,NULL,'2014-11-01','0.00');

/*Table structure for table `item_expire_dt` */

DROP TABLE IF EXISTS `item_expire_dt`;

CREATE TABLE `item_expire_dt` (
  `id` int(11) NOT NULL AUTO_INCREMENT,
  `item_expire_id` int(11) NOT NULL,
  `trans_id` int(11) NOT NULL,
  `trans_qty` decimal(15,2) NOT NULL,
  `trans_comment` varchar(30) COLLATE utf8mb4_unicode_ci DEFAULT NULL,
  `modified_date` datetime DEFAULT NULL,
  `employee_id` int(11) DEFAULT NULL,
  PRIMARY KEY (`id`),
  KEY `FK_item_expire_dt` (`item_expire_id`)
) ENGINE=InnoDB AUTO_INCREMENT=20 DEFAULT CHARSET=utf8mb4 COLLATE=utf8mb4_unicode_ci;

/*Data for the table `item_expire_dt` */

insert  into `item_expire_dt`(`id`,`item_expire_id`,`trans_id`,`trans_qty`,`trans_comment`,`modified_date`,`employee_id`) values (1,1,1,'1.00','Receive from Supplier 1','2014-06-06 19:11:03',38),(2,2,1,'1.00','Receive from Supplier 1','2014-06-06 19:11:03',38),(3,3,1,'1.00','Receive from Supplier 1','2014-06-06 19:11:03',38),(4,4,1,'1.00','Receive from Supplier 1','2014-06-06 19:11:03',38),(6,1,2,'10.00','Adjustment In 2','2014-06-06 19:13:36',38),(7,1,1,'-1.00','POS 1','2014-06-06 19:22:17',NULL),(9,1,2,'-1.00','POS 2','2014-06-07 08:47:55',NULL),(10,1,3,'-1.00','POS 3','2014-06-07 08:17:57',NULL),(11,1,4,'-1.00','POS 4','2014-06-07 08:09:59',NULL),(12,2,5,'-1.00','POS 5','2014-06-07 09:21:21',NULL),(13,5,4,'3.00','Receive from Supplier 4','2014-06-09 13:33:20',38),(14,6,4,'3.00','Receive from Supplier 4','2014-06-09 13:33:20',38),(15,6,9,'-1.00','POS 9','2014-06-10 02:03:50',NULL),(16,3,11,'-1.00','POS 11','2014-06-10 03:24:12',NULL),(17,6,12,'-2.00','POS 12','2014-06-10 03:38:23',NULL),(18,1,5,'-1.00','POS 5','2014-06-15 05:01:33',NULL),(19,1,1,'-1.00','POS 1','2014-06-17 11:50:29',NULL);

/*Table structure for table `item_image` */

DROP TABLE IF EXISTS `item_image`;

CREATE TABLE `item_image` (
  `id` int(11) NOT NULL AUTO_INCREMENT,
  `item_id` int(11) NOT NULL,
  `photo` blob NOT NULL,
  `thumbnail` blob,
  `filename` varchar(30) CHARACTER SET latin1 NOT NULL,
  `filetype` varchar(15) CHARACTER SET latin1 DEFAULT NULL,
  `path` varchar(100) CHARACTER SET latin1 DEFAULT NULL,
  `size` int(11) DEFAULT NULL,
  `width` varchar(20) CHARACTER SET latin1 DEFAULT NULL,
  `height` varchar(20) CHARACTER SET latin1 DEFAULT NULL,
  PRIMARY KEY (`id`),
  KEY `FK_item_image_item_id` (`item_id`)
) ENGINE=InnoDB AUTO_INCREMENT=4 DEFAULT CHARSET=utf8mb4 COLLATE=utf8mb4_unicode_ci;

/*Data for the table `item_image` */

insert  into `item_image`(`id`,`item_id`,`photo`,`thumbnail`,`filename`,`filetype`,`path`,`size`,`width`,`height`) values (1,9,'\0JFIF\0\0H\0H\0\0(Exif\0\0MM\0*\0\0\0\0\0\0\0\0\0\0\0\0\0\0	\0\0\0\0\0\0\0\0\0\Z\0\0\0\0\0\0\0\0\0\0\0\0(\0\0\0\0\0\0\01\0\0\0\0.\0\02\0\0\0\0\0\0\0\0\0\0\0\0\0i\0\0\0\0\0\0	\0\0\0\0\0\0\0\0\0\0\0\0\0\0\0\0\0\0\0\0\0\0\0\0\0\0\0\0\0\0\0\0\0\0\0\0\0\0\0\0\0\0\0\0\0\0\0\0\0\0\0\0\0\0\0\0\0\0\0\0\0\0\0\0\0\0\0\0\0\0\0\0\0\0\0\0\0\0\0\0\0\0\0\0\0\0\0\0\0\0\0\0\0\0\0\0\0\0\0\0\0\0\0\0\0\0\0\0\0\0\0\0\0\0\0\0\0\0\0\0\0\0\0\0\0\0\0\0\0\0\0\0\0\0\0\0\0\0\0\0\0\0\0\0\0\0\0\0\0\0\0\0\0\0\0\0\0\0\0\0\0\0\0\0\0\0\0\0\0\0\0\0\0\0\0\0\0\0\0\0\0\0\0\0\0\0\0\0\0\0\0\0\0\0\0\0\0\0\0\0\0\0\0\0\0\0\0\0\0\0\0\0\0\0\0\0\0\0\0\0\0\0\0\0\0\0\0\0\0\0\0\0\0\0\0\0\0\0\0\0\0\0\0\0\0\0\0\0\0\0\0\0\0\0\0\0\0\0\0\0\0\0\0\0\0\0\0\0\0\0\0\0\0\0\0\0\0\0\0\0\0\0\0\0\0\0\0\0\0\0\0\0\0\0\0\0\0\0\0\0\0\0\0\0\0\0\0\0\0\0\0\0\0\0\0\0\0\0\0\0\0\0\0\0\0\0\0\0\0\0\0\0\0\0\0\0\0\0\0\0\0\0\0\0\0\0\0\0\0\0\0\0\0\0\0\0\0\0\0\0\0\0\0\0\0\0\0\0\0\0\0\0\0\0\0\0\0\0\0\0\0\0\0\0\0\0\0\0\0\0\0\0\0\0\0\0\0\0\0\0\0\0\0\0\0\0\0\0\0\0\0\0\0\0\0\0\0\0\0\0\0\0\0\0\0\0\0\0\0\0\0\0\0\0\0\0\0\0\0\0\0\0\0\0\0\0\0\0\0\0\0\0\0\0\0\0\0\0\0\0\0\0\0\0\0\0\0\0\0\0\0\0\0\0\0\0\0\0\0\0\0\0\0\0\0\0\0\0\0\0\0\0\0\0\0\0\0\0\0\0\0\0\0\0\0\0\0\0\0\0\0\0\0\0\0\0\0\0\0\0\0\0\0\0\0\0\0\0\0\0\0\0\0\0\0\0\0\0\0\0\0\0\0\0\0\0\0\0\0\0\0\0\0\0\0\0\0\0\0\0\0\0\0\0\0\0\0\0\0\0\0\0\0\0\0\0\0\0\0\0\0\0\0\0\0\0\0\0\0\0\0\0\0\0\0\0\0\0\0\0\0\0\0\0\0\0\0\0\0\0\0\0\0\0\0\0\0\0\0\0\0\0\0\0\0\0\0\0\0\0\0\0\0\0\0\0\0\0\0\0\0\0\0\0\0\0\0\0\0\0\0\0\0\0\0\0\0\0\0\0\0\0\0\0\0\0\0\0\0\0\0\0\0\0\0\0\0\0\0\0\0\0\0\0\0\0\0\0\0\0\0\0\0\0\0\0\0\0\0\0\0\0\0\0\0\0\0\0\0\0\0\0\0\0\0\0\0\0\0\0\0\0\0\0\0\0\0\0\0\0\0\0\0\0\0\0\0\0\0\0\0\0\0\0\0\0\0\0\0\0\0\0\0\0\0\0\0\0\0\0\0\0\0\0\0\0\0\0\0\0\0\0\0\0\0\0\0\0\0\0\0\0\0\0\0\0\0\0\0\0\0\0\0\0\0\0\0\0\0\0\0\0\0\0\0\0\0\0\0\0\0\0\0\0\0\0\0\0\0\0\0\0\0\0\0\0\0\0\0\0\0\0\0\0\0\0\0\0\0\0\0\0\0\0\0\0\0\0\0\0\0\0\0\0\0\0\0\0\0\0\0\0\0\0\0\0\0\0\0\0\0\0\0\0\0\0\0\0\0\0\0\0\0\0\0\0\0\0\0\0\0\0\0\0\0\0\0\0\0\0\0\0\0\0\0\0\0\0\0\0\0\0\0\0\0\0\0\0\0\0\0\0\0\0\0\0\0\0\0\0\0\0\0\0\0\0\0\0\0\0\0\0\0\0\0\0\0\0\0\0\0\0\0\0\0\0\0\0\0\0\0\0\0\0\0\0\0\0\0\0\0\0\0\0\0\0\0\0\0\0\0\0\0\0\0\0\0\0\0\0\0\0\0\0\0\0\0\0\0\0\0\0\0\0\0\0\0\0\0\0\0\0\0\0\0\0\0\0\0\0\0\0\0\0\0\0\0\0\0\0\0\0\0\0\0\0\0\0\0\0\0\0\0\0\0\0\0\0\0\0\0\0\0\0\0\0\0\0\0\0\0\0\0\0\0\0\0\0\0\0\0\0\0\0\0\0\0\0\0\0\0\0\0\0\0\0\0\0\0\0\0\0\0\0\0\0\0\0\0\0\0\0\0\0\0\0\0\0\0\0\0\0\0\0\0\0\0\0\0\0\0\0\0\0\0\0\0\0\0\0\0\0\0\0\0\0\0\0\0\0\0\0\0\0\0\0\0\0\0\0\0\0\0\0\0\0\0\0\0\0\0\0\0\0\0\0\0\0\0\0\0\0\0\0\0\0\0\0\0\0\0\0\0\0\0\0\0\0\0\0\0\0\0\0\0\0\0\0\0\0\0\0\0\0\0\0\0\0\0\0\0\0\0\0\0\0\0\0\0\0\0\0\0\0\0\0\0\0\0\0\0\0\0\0\0\0\0\0\0\0\0\0\0\0\0\0\0\0\0\0\0\0\0\0\0\0\0\0\0\0\0\0\0\0\0\0\0\0\0\0\0\0\0\0\0\0\0\0\0\0\0\0\0\0\0\0\0\0\0\0\0\0\0\0\0\0\0\0\0\0\0\0\0\0\0\0\0\0\0\0\0\0\0\0\0\0\0\0\0\0\0\0\0\0\0\0\0\0\0\0\0\0\0\0\0\0\0\0\0\0\0\0\0\0\0\0\0\0\0\0\0\0\0\0\0\0\0\0\0\0\0\0\0\0\0\0\0\0\0\0\0\0\0\0\0\0\0\0\0\0\0\0\0\0\0\0\0\0\0\0\0\0\0\0\0\0\0\0\0\0\0\0\0\0\0\0\0\0\0\0\0\0\0\0\0\0\0\0\0\0\0\0\0\0\0\0\0\0\0\0\0\0\0\0\0\0\0\0\0\0\0\0\0\0\0\0\0\0\0\0\0\0\0\0\0\0\0\0\0\0\0\0\0\0\0\0\0\0\0\0\0\0\0\0\0\0\0\0\0\0\0\0\0\0\0\0\0\0\0\0\0\0\0\0\0\0\0\0\0\0\0\0\0\0\0\0\0\0\0\0\0\0\0\0\0\0\0\0\0\0\0\0\0\0\0\0\0\0\0\0\0\0\0\0\0\0\0\0\0\0\0\0\0\0\0\0\0\0\0\0\0\0\0\0\0\0\0\0\0\0\0\0\0\0\0\0\0\0\0\0\0\0\0\0\0\0\0\0\0\0\0\0\0\0\0\0\0\0\0\0\0\0\0\0\0\0\0\0\0\0\0\0\0\0\0\0\0\0\0\0\0\0\0\0\0\0\0\0\0\0\0\0\0\0\0\0\0\0\0\0\0\0\0\0\0\0\0\0\0\0\0\0\0\0\0\0\0\0\0\0\0\0\0\0\0\0\0\0\0\0\0\0\0\0\0\0\0\0\0\0\0\0\0\0\0\0\0\0\0\0\0\0\0\0\0\0\0\0\0\0\0\0\0\0\0\0\0\0\0\0\0\0\0\0\0\0\0\0\0\0\0\0\0\0\0\0\0\0\0\0\0\0\0\0\0\0\0\0\0\0\0\0\0\0\0\0\0\0\0\0\0\0\0\0\0\0\0\0\0\0\0\0\0\0\0\0\0\0\0\0\0\0\0\0\0\0\0\0\0\0\0\0\0\0\0\0\0\0\0\0\0\0\0\0\0\0\0\0\0\0\0\0\0\0\0\0\0\0\0\0\0\0\0\0\0\0\0\0\0\0\0\0\0\0\0\0\0\0\0\0\0\0\0\0\0\0\0\0\0\0\0\0\0\0\0\0\0\0\0\0\0\0\0\0\0\0\0\0\0\0\0\0\0\0\0\0\0\0\0\0\0\0\0\0\0\0\0\0\0\0\0\0\0\0\0\0\0\0\0\0\0\0\0\0\0\0\0\0\0\0\0\0\0\0\0\0\0\0\0\0\0\0\0\0\0\0\0\0\0\0\0\0\0\0\0\0\0\0\0\0\0\0\0\0\0\0\0\0\0\0\0\0\0\0\0\0\0\0\0\0\0\0\0\0\0\0\0\0\0\0\0\0\0\0\0\0\0\0\0\0\0\0\0\0\0\0\0\0\0\0\0\0\0\0\0\0\0\0\0\0\0\0\0\0\0\0\0\0\0\0\0\0\0\0\0\0\0\0\0\0\0\0\0\0\0\0\0\0\0\0\0\0\0\0\0\0\0\0\0\0\0\0\0\0\0\0\0\0\0\0\0\0\0\0\0\0\0\0\0\0\0\0\0\0\0\0\0\0\0\0\0\0\0\0\0\0\0\0\0\0\0\0\0\0\0\0Apple\0iPhone 5\0\0\0\0\0H\0\0\0\0\0\0H\0\0\0Microsoft Windows Photo Viewer 6.2.9200.16384\02014:04:18 00:11:21\0\0\0\0\0\0\0\0>\0\0\0\0\0\0F\"\0\0\0\0\0\0\0\'\0\0\0\0\0\0\0\0\0\0\0\00221\0\0\0\0\0\0N\0\0\0\0\0\0b\0\0\0\0\0\0\n\0\0\0\0\0v\0\0\0\0\0\0~\0\n\0\0\0\0\0\0\0\0\0\0\0\0	\0\0\0\0\0\0\0\n\0\0\0\0\0\0\0\0\0\0\0\0\0\0\0\0\00100\0\0\0\0\0\0\0\0\0\0\0\0\0	\0\0\0\0\0\0\0\0\0\0\0\0\0\0\0\0\0\0\0\0\0\0\0\0\0\0\0\0\0\0\0\0\0\0!\0\0\0\0\0\0\0\0\0\0\0\0\0\0\0\n2\0\0\0\0\0\0\0\0\0\0\0\0\0\0\0\0\0\0\0\0\0\0\0\0\0\0\0\0\0\0\0\0\0\0\0\0\0\0\0\0\0\0\0\0\0\0\0\0\0\0\0\0\0\0\0\0\0\0\0\0\0\0\0\0\0\0\0\0\0\0\0\0\0\0\0\0\0\0\0\0\0\0\0\0\0\0\0\0\0\0\0\0\0\0\0\0\0\0\0\0\0\0\0\0\0\0\0\0\0\0\0\0\0\0\0\0\0\0\0\0\0\0\0\0\0\0\0\0\0\0\0\0\0\0\0\0\0\0\0\0\0\0\0\0\0\0\0\0\0\0\0\0\0\0\0\0\0\0\0\0\0\0\0\0\0\0\0\0\0\0\0\0\0\0\0\0\0\0\0\0\0\0\0\0\0\0\0\0\0\0\0\0\0\0\0\0\0\0\0\0\0\0\0\0\0\0\0\0\0\0\0\0\0\0\0\0\0\0\0\0\0\0\0\0\0\0\0\0\0\0\0\0\0\0\0\0\0\0\0\0\0\0\0\0\0\0\0\0\0\0\0\0\0\0\0\0\0\0\0\0\0\0\0\0\0\0\0\0\0\0\0\0\0\0\0\0\0\0\0\0\0\0\0\0\0\0\0\0\0\0\0\0\0\0\0\0\0\0\0\0\0\0\0\0\0\0\0\0\0\0\0\0\0\0\0\0\0\0\0\0\0\0\0\0\0\0\0\0\0\0\0\0\0\0\0\0\0\0\0\0\0\0\0\0\0\0\0\0\0\0\0\0\0\0\0\0\0\0\0\0\0\0\0\0\0\0\0\0\0\0\0\0\0\0\0\0\0\0\0\0\0\0\0\0\0\0\0\0\0\0\0\0\0\0\0\0\0\0\0\0\0\0\0\0\0\0\0\0\0\0\0\0\0\0\0\0\0\0\0\0\0\0\0\0\0\0\0\0\0\0\0\0\0\0\0\0\0\0\0\0\0\0\0\0\0\0\0\0\0\0\0\0\0\0\0\0\0\0\0\0\0\0\0\0\0\0\0\0\0\0\0\0\0\0\0\0\0\0\0\0\0\0\0\0\0\0\0\0\0\0\0\0\0\0\0\0\0\0\0\0\0\0\0\0\0\0\0\0\0\0\0\0\0\0\0\0\0\0\0\0\0\0\0\0\0\0\0\0\0\0\0\0\0\0\0\0\0\0\0\0\0\0\0\0\0\0\0\0\0\0\0\0\0\0\0\0\0\0\0\0\0\0\0\0\0\0\0\0\0\0\0\0\0\0\0\0\0\0\0\0\0\0\0\0\0\0\0\0\0\0\0\0\0\0\0\0\0\0\0\0\0\0\0\0\0\0\0\0\0\0\0\0\0\0\0\0\0\0\0\0\0\0\0\0\0\0\0\0\0\0\0\0\0\0\0\0\0\0\0\0\0\0\0\0\0\0\0\0\0\0\0\0\0\0\0\0\0\0\0\0\0\0\0\0\0\0\0\0\0\0\0\0\0\0\0\0\0\0\0\0\0\0\0\0\0\0\0\0\0\0\0\0\0\0\0\0\0\0\0\0\0\0\0\0\0\0\0\0\0\0\0\0\0\0\0\0\0\0\0\0\0\0\0\0\0\0\0\0\0\0\0\0\0\0\0\0\0\0\0\0\0\0\0\0\0\0\0\0\0\0\0\0\0\0\0\0\0\0\0\0\0\0\0\0\0\0\0\0\0\0\0\0\0\0\0\0\0\0\0\0\0\0\0\0\0\0\0\0\0\0\0\0\0\0\0\0\0\0\0\0\0\0\0\0\0\0\0\0\0\0\0\0\0\0\0\0\0\0\0\0\0\0\0\0\0\0\0\0\0\0\0\0\0\0\0\0\0\0\0\0\0\0\0\0\0\0\0\0\0\0\0\0\0\0\0\0\0\0\0\0\0\0\0\0\0\0\0\0\0\0\0\0\0\0\0\0\0\0\0\0\0\0\0\0\0\0\0\0\0\0\0\0\0\0\0\0\0\0\0\0\0\0\0\0\0\0\0\0\0\0\0\0\0\0\0\0\0\0\0\0\0\0\0\0\0\0\0\0\0\0\0\0\0\0\0\0\0\0\0\0\0\0\0\0\0\0\0\0\0\0\0\0\0\0\0\0\0\0\0\0\0\0\0\0\0\0\0\0\0\0\0\0\0\0\0\0\0\0\0\0\0\0\0\0\0\0\0\0\0\0\0\0\0\0\0\0\0\0\0\0\0\0\0\0\0\0\0\0\0\0\0\0\0\0\0\0\0\0\0\0\0\0\0\0\0\0\0\0\0\0\0\0\0\0\0\0\0\0\0\0\0\0\0\0\0\0\0\0\0\0\0\0\0\0\0\0\0\0\0\0\0\0\0\0\0\0\0\0\0\0\0\0\0\0\0\0\0\0\0\0\0\0\0\0\0\0\0\0\0\0\0\0\0\0\0\0\0\0\0\0\0\0\0\0\0\0\0\0\0\0\0\0\0\0\0\0\0\0\0\0\0\0\0\0\0\0\0\0\0\0\0\0\0\0\0\0\0\0\0\0\0\0\0\0\0\0\0\0\0\0\0\0\0\0\0\0\0\0\0\0\0\0\0\0\0\0\0\0\0\0\0\0\0\0\0\0\0\0\0\0\0\0\0\0\0\0\0\0\0\0\0\0\0\0\0\0\0\0\0\0\0\0\0\0\0\0\0\0\0\0\0\0\0\0\0\0\0\0\0\0\0\0\0\0\0\0\0\0\0\0\0\0\0\0\0\0\0\0\0\0\0\0\0\0\0\0\0\0\0\0\0\0\0\0\0\0\0\0\0\0\0\0\0\0\0\0\0\0\0\0\0\0\0\0\0\0\0\0\0\0\0\0\0\0\0\0\0\0\0\0\0\0\0\0\0\0\0\0\0\0\0\0\0\0\0\0\0\0\0\0\0\0\0\0\0\0\0\0\0\0\0\0\0\0\0\0\0\0\0\0\0\0\0\0\0\0\0\0\0\0\0\0\0\0\0\0\0\0\0\0\0\0\0\0\0\0\0\0\0\0\0\0\0\0\0\0\0\0\0\0\0\0\0\0\0\0\0\0\0\0\0\0\0\0\0\0\0\0\0\0\0\0\0\0\0\0\0\0\0\0\0\0\0\0\0\0\0\0\0\0\0\0\0\0\0\0\0\0\0\0\0\0\0\0\0\0\0\0\0\0\0\0\0\0\0\0\0\0\0\0\0\0\0\0\0\0\0\0\0\0\0\0\0\0\0\0\0\0\0\0\0\0\0\0\0\0\0\0\0\0\0\0\0\0\0\0\0\0\0\0\0\0\0\0\0\0\0\0\0\0\0\0\0\0\0\0\0\0\0\0\0\0\0\0\0\0\0\0\0\0\0\0\0\0\0\0\0\0\0\0\0\0\0\0\0\0\0\0\0\0\0\0\0\0\0\0\0\0\0\0\0\0\0\0\0\0\0\0\0\0\0\0\0\0\0\0\0\0\0\0\0\0\0\0\0\0\0\0\0\0\0\0\0\0\0\0\0\0\0\0\0\0\0\0\0\0\0\0\0\0\0\0\0\0\0\0\0\0\0\0\0\0\0\0\0\0\0\0\0\0\0\0\0\0\0\0\0\0\0\0\0\0\0\0\0\0\0\0\0\0\0\0\0\0\0\0\0\0\0\0\0\0\0\0\0\0\0\0\0\0\0\0\0\0\0\0\0\0\0\0\0\0\0\0\0\0\0\0\0\0\0\0\0\0\0\0\0\0\0\0\0\0\0\0\0\0\0\0\0\0\0\0\0\0\0\0\0\0\0\0\0\0\0\0\0\0\0\0\0\0\0\0\0\0\0\0\0\0\0\0\0\0\0\0\0\0\0\0\0\0\0\0\0\0\0\0\0\0\0\0\0\0\0\0\0\0\0\0\0\0\0\0\0\0\0\0\0\0\0\0\0\0\0\0\0\0\0\0\0\0\0\0\0\0\0\0\0\0\0\0\0\0\0\0\0\0\0\0\0\0\0\0\0\0\0\0\0\0\0\0\0\0\0\0\0\0\0\0\0\0\0\0\0\0\0\0\0\0\0\0\0\0\0\0\0\0\0\0\0\0\0\0\0\0\0\0\0\0\0\0\0\0\0\0\0\0\0\0\0\0\0\0\0\0\0\0\0\0\0\0\0\0\0\0\0\0\0\0\0\0\0\0\0\0\0\0\0\0\0\0\0\0\0\0\0\0\0\0\0\0\0\0\0\0\0\0\0\0\0\0\0\0\0\0\0\0\0\0\0\0\0\0\0\0\0\0\0\0\0\0\0\0\0\0\0\0\0\0\0\0\0\0\0\0\0\0\0\0\0\0\0\0\0\0\0\0\0\0\0\0\0\0\0\0\0\0\0\0\0\0\0\0\0\0\0\0\0\0\0\0\0\0\0\0\0\0\0\0\0\0\0\0\0\0\0\0\0\0\0\0\0\0\0\0\0\0\0\0\0\0\0\0\0\0\0\0\0\0\0\0\0\0\0\0\0\0\0\0\0\0\0\0\0\0\0\0\0\0\0\0\0\0\0\0\0\0\0\0\0\0\0\0\0\0\0\0\0\0\0\0\0\0\0\0\0\0\0\0\0\0\0\0\0\0\0\0\0\0\0\0\0\0\02013:05:13 09:07:26\02013:05:13 09:07:26\0\0\0\0\0o\0\0\0\0~\0\0O\0\0-5\0\0\0\0\0d_qq\0\0\0\0\0\0\0\0\0\0\Z\0\0\0\0\0\0\0\0\0\0\0\0(\0\0\0\0\0\0\0\0\0\0\0\0\0\0\0\0\0\0\0\0\0\0\0\0\0\0H\0\0\0\0\0\0H\0\0\0\0C\0		\n\r\Z\Z $.\' \",#(7),01444\'9=82<.342\0C			\r\r2!!22222222222222222222222222222222222222222222222222\0\0\0x!\0\0\0\0\0\0\0\0\0\0\0\0	\n\0\0\0\0}\0!1AQa\"q2#BR$3br	\n\Z%&\'()*456789:CDEFGHIJSTUVWXYZcdefghijstuvwxyz\0\0\0\0\0\0\0\0	\n\0\0\0w\0!1AQaq\"2B	#3Rbr\n$4%\Z&\'()*56789:CDEFGHIJSTUVWXYZcdefghijstuvwxyz\0\0\0?\0f$oE\'nr$bGV&\ZގM#ck mJ\02k\Zm3X5ZWΩ$נě@J钳9dga]Ƿrboe\0\Z4JeaJ﹁[XLa/Jv[W{m<IYs^*,ftwhHOr>a]5?Q?]!\'vGs\Z\0+}Ƚ\rYNayLv秥xNs=BSmthxcBiu͗p8S0H%)_.cRZz?|EEi}1HڵG[\\1ƕxh|&hѶD1*acu5c#. _+BKQR10\0sRYbyWed=_ιwc4W:̖J`{\rbqMZL%]k|_O\"DoGTr*IPw}h.OQ<X {\Z]X=ڣGvO@()jyvM<lX?j×Z\\ڝ=i(\r8\Z2pd^];t&ŉɪ7>ec֜x;qŅ?n}(kZj@8,,rWCB#kXF0q4\"=he>[#.mOPtMCUL\0ӱПf<Ui\\.0+lmbe\0Qn@w=\0\0VsVFu{C~J$9<\ZkCw10³w:敌	R5Z,mcȮB-cw	j^2݇qj|9>YԮ̬y5WP֤\'TQ0v-yEQFm<1͍<\'?ĵsO7z)]1v\'\'rm\0\n)VV(\"負d޳c5v/\\:u(elXJ/z9\0	w|\0bҠKPHkgۤjPE*g@GY:VE?(dMV-S=8u\'7~\"*$1OlZ3-\"վܱk+yݎb6+(b!1L0YJ<ы[,@s]8Ft\\D28@\"\0gm?9UxQVGHw2J\ntʮe[tj6D,XsE9JW5cc\'ƺdz21[ʲ\"R\rpK_xmwy7\"<]rzrゼ#A:yc@p\ZGe~mǆeb9o$/W\0Y,vҮnQ;}qX:pl?xVQ78	}Co2}UF\'!9J.-ukeu攚tx8/]A rJCTu=ơN@j{˃$%FOaEpD(GX?=<=n!~k0]]E]|?as)\rT5[RKsk7)3XN[a4bdKgU\\U1uvSV*wQi;1kIߔ^\0=;7\Z+GIMS\\W5\r&I4짺n2-*kjK$u@cڶ49CZ5P?R5I]lp|}j0Suz=8Ɨ8-Jc4-y֫gL\"LWo_µ\'cH[Tk\\\\[2^ Bb:ҾS]H&I{,JI{ZL**ganMN:gچ`\"¾V]߅`\n+hn3[Rs&v?	#(w>˰9u)@\'8z<td2ڵ1]i{\'p(amnqh!RA{=WirG5Q*d\n=EbލVTsi^A;\\1dj\nMVխVbOzbwiH\0nW+Z\'(i6&/OEi\".-Ym#I-2SsdolImmqy\"\n;\0wWKOpu?Zޔ՜ժYXXcB¥t(iQE+x(mQ ,Eli\")\nFWq\r`ݦv7@GyOr	S#/;INKXme[4\\n\']v<]qswOqo.YS\0\\4#bI	\'k.VNcް,B[C$h,I\nlܙle|H6Wrb9\0w)&BVQr>֬@Hʒ`JS,Ջ9ڶL\Z($;Y~լsJ\"۶|I+xBY#m{润[wHD[yL,)OP}k=9Yk-cnJ5xsxbOS%ea9\"nOym\ZԥQ&qkk$uۇ,haWG} ]M=y	V]F	$[ڶZ!hńʍRC\0\rf!r+9UՙzP<OD\\ crߝwW9VRW,3|%	[$-n~ޝ995mh|g+|\'$ˋkCʐ[Mfz#^MMGKf0IR#Mt҆Hf\'>Kh1_aڻ\r1渆/9Q@jaJ\']$]Y\"\0`4(519]B٭_YafCZEB\'+jmh6N{kSI̂s3ǵ9jsi\\{X1X]6$c랕Iic\\~R)3<A{\rϙYB	M\"D@wqo1l[@wN;<X^*7F}5 QƟ,xk_-Mp@vFћu(Ot>TKsΊFr_I,bpt=>T|z[ysnL\0@\rT`Ci#{Z1Z	~,L7Eϣ)S%fCZXܺ7	}kNrGjH09\r[N{MHR]	q?\n+L0cO)BXdOKRKt \0\r._(gŻoU4yn(ʲZ4vaG	nuZv֗Ln$ćfм*km6\0nqƮ\r2Z23*ElI,kv\r<jdgޡ1{=K@&r-aA;v57$|n蘣<Sk4CK%w}\rCuB\nh^HK~֤7qpaT!I:{U7Hy	-,6->ǽ-h6GRMt׎;޾ٯ2f执)H.U\Z]5~\"DH۠-=@tw7M0K;m`\\e=IǷ/-ohك1sqڴ!Me.͙d*pp\05z(\0\n+Fؿū!#N+	(+&Rv5t롧xpIPwSw:hC}EuMZ^dȈ\nzqѸ/?5#Ҋ \Z	>mE$g칵<>k[!Ztw̐Lzǩ9t5 i.}WӬn-82\' yA\\ߗݹ`\'\0xjtsl2(VdXH6;(PsTр=FpXDꑭc<w$BF\"\"k_GpĎp+6Iܷz)\"+e{.G@\0zՆ3X$j]EhBVPy,9WSQȺӡl+<>|\\HJj瞊r9>}c©\'Z^/h.^Y~}J1dV曼y/mY,eFĤ\rhJZ}>h:V2_n+nAjDmG#%.~\0#4$\'JA]IhD_r,kr6[vGqtVTgPm?#YGQHT2bhb9fD|EC|w56XEm ֨G?=F\ran#!|v5cPloburvTgszREkn549>dL\'\0[Qoii\0N]SlaZɧ<?O+T4K	 B	x=jkJ2S_IzZ	9aҺVbv$)\Zjzٴ䈒Y@$抖\ZkM[\r!د-2Ȳ:@tes@\nц<?g>\\n-N>֭^xKvGҳpV:ԺR#c5\ra}Jz/[AŖn\0}u9m~`p{Sz&|\"TZeE&R`Th+\04=i\04Fckt(zuwb$?LL;jX\\ ZE̯5s7K֝BƳF&rI	=W }(;D??\09ghttp://ns.adobe.com/xap/1.0/\0<x:xmpmeta xmlns:x=\"adobe:ns:meta/\" x:xmptk=\"XMP Core 4.4.0\">\r\n	<rdf:RDF xmlns:rdf=\"http://www.w3.org/1999/02/22-rdf-syntax-ns#\">\r\n		<rdf:Description rdf:about=\"\" xmlns:mwg-rs=\"http://www.metadataworkinggroup.com/schemas/regions/\" xmlns:stDim=\"http://ns.adobe.com/xap/1.0/sType/Dimensions#\" xmlns:apple-fi=\"http://ns.apple.com/faceinfo/1.0/\" xmlns:stArea=\"http://ns.adobe.com/xmp/sType/Area#\">\r\n			<mwg-rs:Regions rdf:parseType=\"Resource\">\r\n				<mwg-rs:AppliedToDimensions rdf:parseType=\"Resource\">\r\n					<stDim:w>3264</stDim:w>\r\n					<stDim:h>2448</stDim:h>\r\n					<stDim:unit>pixel</stDim:unit>\r\n				</mwg-rs:AppliedToDimensions>\r\n				<mwg-rs:RegionList>\r\n					<rdf:Bag>\r\n						<rdf:li rdf:parseType=\"Resource\">\r\n							<mwg-rs:Extensions rdf:parseType=\"Resource\">\r\n								<apple-fi:Timestamp>-264753123</apple-fi:Timestamp>\r\n								<apple-fi:ConfidenceLevel>281</apple-fi:ConfidenceLevel>\r\n								<apple-fi:FaceID>12</apple-fi:FaceID>\r\n								<apple-fi:AngleInfoRoll>270</apple-fi:AngleInfoRoll>\r\n							</mwg-rs:Extensions>\r\n							<mwg-rs:Area rdf:parseType=\"Resource\">\r\n								<stArea:y>0.802</stArea:y>\r\n								<stArea:w>0.141</stArea:w>\r\n								<stArea:unit>normalized</stArea:unit>\r\n								<stArea:x>0.342</stArea:x>\r\n								<stArea:h>0.188</stArea:h>\r\n							</mwg-rs:Area>\r\n							<mwg-rs:Type>Face</mwg-rs:Type>\r\n						</rdf:li>\r\n						<rdf:li rdf:parseType=\"Resource\">\r\n							<mwg-rs:Extensions rdf:parseType=\"Resource\">\r\n								<apple-fi:Timestamp>-264753123</apple-fi:Timestamp>\r\n								<apple-fi:FaceID>11</apple-fi:FaceID>\r\n								<apple-fi:ConfidenceLevel>277</apple-fi:ConfidenceLevel>\r\n								<apple-fi:AngleInfoYaw>45</apple-fi:AngleInfoYaw>\r\n								<apple-fi:AngleInfoRoll>270</apple-fi:AngleInfoRoll>\r\n							</mwg-rs:Extensions>\r\n							<mwg-rs:Area rdf:parseType=\"Resource\">\r\n								<stArea:y>0.618</stArea:y>\r\n								<stArea:w>0.159</stArea:w>\r\n								<stArea:unit>normalized</stArea:unit>\r\n								<stArea:x>0.273</stArea:x>\r\n								<stArea:h>0.212</stArea:h>\r\n							</mwg-rs:Area>\r\n							<mwg-rs:Type>Face</mwg-rs:Type>\r\n						</rdf:li>\r\n					</rdf:Bag>\r\n				</mwg-rs:RegionList>\r\n			</mwg-rs:Regions>\r\n		</rdf:Description>\r\n		<rdf:Description xmlns:xmp=\"http://ns.adobe.com/xap/1.0/\"><xmp:CreatorTool>Microsoft Windows Photo Viewer 6.2.9200.16384</xmp:CreatorTool></rdf:Description></rdf:RDF>\r\n</x:xmpmeta>\r\n                                                                                                    \n                                                                                                    \n                                                                                                    \n                                                                                                    \n                                                                                                    \n                                                                                                    \n                                                                                                    \n                                                                                                    \n                                                                                                    \n                                                                                                    \n                                                                                                    \n                                                                                                    \n                                                                                                    \n                                                                                                    \n                                                                                                    \n                                                                                                    \n                                                                                                    \n                                                                                                    \n                                                                                                    \n                                                                                                    \n                                                                                                    \n                                                                                                    \n                                                                                                    \n                                                                                                    \n                                                                                                    \n                                                                                                    \n                                                                                                    \n                                                                                                    \n                                                                                                    \n                                                                                                    \n                                                                                                    \n                                                                                                    \n                                                                                                    \n                                                                                                    \n                                                                                                    \n                                                                                                    \n                                                                                                    \n                                                                                                    \n                                                                                                    \n                                                                                                    \n                                                                                                    \n                                                                                                    \n                                                                                                    \n                                                                                                    \n                                                                                                    \n                                                                                                    \n                                                                                                    \n                                                                                                    \n                                                                                                    \n                                                                                                    \n                                                                                                    \n                                                                                                    \n                                                                                                    \n                                                                                                    \n                                                                                                    \n                                                                                                    \n                                                                                                    \n                                                                                                    \n                                                                                                    \n                                                                                                    \n                                                                                                    \n                                                                                                    \n                                                                                                    \n                                                                                                    \n                                                                                                    \n                                                                                                    \n                                                                                                    \n                                                                                                    \n                                                                                                    \n                                                                                                    \n                                                                                                    \n                                                                                                    \n                                                                                                    \n                                                                                                    \n                                                                                                    \n                                                                                                    \n                                                                                                    \n                                                                                                    \n                                                                                                    \n                                                                                                    \n                                                                                                    \n                                                                                                    \n                                                                                                    \n                                                                                                    \n                                                                                                    \n                                                                                                    \n                                                                                                    \n                                                                                                    \n                                                                                                    \n                                                                                                    \n                                                                                                    \n                                                                                                    \n                                                                                                    \n                                                                                                    \n                                                                                                    \n                                                                                                    \n                                                                                                    \n                                                                                                    \n                                                                                                    \n                                                                                                    \n                                                                                                    \n                                                                                                    \n                                                                                                    \n                                                                                                    \n                                                                                                    \n                                                                                                    \n                                                                                                    \n                                                                                                    \n                                                                                                    \n                                                                                                    \n                                                                                                    \n                                                                                                    \n                                                                                                    \n                                                                                                    \n                                                                                                    \n                                                                                                    \n                                                                                                    \n                                                                                                    \n                                                                                                    \n                                                                                                    \n                                                                                                    \n                                                                   <?xpacket end=\'w\'?>\0C\0		\n\n\n\n		\n\n\n	\0C																																																			\0	\"\0\0\0\0\0\0\0\0\0\0\0\0	\n\0\0\0\0}\0!1AQa\"q2#BR$3br	\n\Z%&\'()*456789:CDEFGHIJSTUVWXYZcdefghijstuvwxyz\0\0\0\0\0\0\0\0	\n\0\0\0w\0!1AQaq\"2B	#3Rbr\n$4%\Z&\'()*56789:CDEFGHIJSTUVWXYZcdefghijstuvwxyz\0\0\0?\0a%|ypGjDbt0L[4;GSQI=ɹ\\|	3:i!@Dn\n9һ)lƸ!礂$7lGZ4J]YRG&؏A.(ö3Un,E\Zܹ:V[%m-3gS0LB%(}Z7z\\4\n9V;I5a~ ^psڣ\\B)R?|Gh+ljm\'C5nG6\\LH5o5ٛ$ʧS	xq9k)Uoq[L;U\'y)I2*܁oglYKeyb|v7|=֧cb̜4VRF%uaHVh]@R5sqw\\FzF|[޳~K#Hak5v]MǾ0O}dSˀQM)_i.WIc=ፄݞO:[\'ޏ_>\0J,Qm>9\'`Q޵zۈN$\0\nY;J>gc_P<s(乴l-oH3XuSXw!\0.xc_X$48hII-}2KC<JǷ?ҿzDremVpʹs֖%sPo>\Z*QN7u<iCm	4Y]n\n5֋iiZ̎[TO!xׇeecSW0jM?b\Z3ߞRS)Q!+oX69<f֙hŭN9\'ҫI{}:ܥ,j,\0Н\rSҋ\"fE>?4Fho-45Qvr!E621ϭk<$7m4,s{q!jV0ۤۖ.IȭiI%bcRN7jjFQOGeOn^[Y[%O\'XS$&\0IR5؛vvfuc\"5;0e3GlѣLDm;{V8nL~Ѳ\'pjYDbVW碴n[ye8c?SIHR<]xVݏb{Fcm5Gln4l8[34$c\0\ZmktmVm2Hdb#Ղf5p0on3:ӠEmyY>*9[7&%c-21\r*!?Jʜbr)ӊZai<9+x˛\\n<bQE19oa\'#k\0=ЕTΪd]K-dUqMsjo慎[6Sn`72Cˢ9gsa6W,c`<FӸִF2ɿx	.m@~{t8Xż;I$$T^(QNsTֳEEU\\\\ۘ0wm2w,w/	,_?SKc3ڠe܁!^Nd)\n\0R;RϱA;e<uK3ccwcSAn`(BנpT܀ȹ\0\riZ(u##Y1Ǳ`)ZIQaΝ^ksƬۆ|Ŵ^1\\Z\\*\\zJ赒c D$6*Ln`}^\ZIneVRGkNfu\Z755kXfڕgiR8ֿ#>J\"%$C8jt+8\"AnBlr:W|T-~?R-eHcީܬSB/{M_9f`{\nf77hѕ8޿4x˙GN|LWLm}=4ʷqAS&0߃TMIr\'$/S]1-ٯ%1n{h<;1Kӡ0$w^E:H珒\Z:=DAªUXJb7E%kwdih&gC	n{	n[t8ZڄN q*TYbIK}<_)5k	%6\07A!τnZ2RA)(=8)b$9%X/\"H#ms~N^J2=9Z+9i\\W8ɴjE-5y&,6c^Ei62^zNXbب=16yzzsKrz;Eʣ>8fXբbF_>xq[JIrwڦWjÒoZ):fTu̾uݻFkEy$;Uvm=Z˺1QGvZH<q]Ny\'&{}I8`3ѽjW#1ҒRIi+ϩUݞhϛ\\`\0Z1HNO<ªnV8mn.pƱr%l0W=̱n\0~Z%[8?ݩTx7w5pCH31)>Qea_]?iH݈sk[y߹}+ߌCxb{;OSֽM Ώi.zk=p9Wϸ(u9p+VЄ\r|;F-7%ֿj1_\'V+ws\'dRvޣ7o늰#lH=tA_z\n7<[\Z-ؒJ؁U_\nl皂&r	oF2Uy7_dm݀߳2`Ficf9k:	=j%tisdQ+mFPߍ}>|dkcjή-\'dW|&2#؟ڧ]M<7\nTߗ*8uV:\\.x.դQƮި3^ܴ!ynU#-iqizMdu=wr~m\"웨xz`GjKQKٲ.|<QI##+?>Ak} \'J|<pݻB B&A#\Z\0HNՎ2Wnsj۵0Z\\f0Q|*;E\0T#$q\\>*<N/9wWq\0-Ҽ?kLtF!{o+DoHڭKBzs38\\fn&b|Or9YN̊+8y\r3^TdmFa)bN5]2gq85e}i0NڙVb8j:@`!@G9oS^h$ʎ0Sb7dYpUs$紏<	ºXL;\"	hߏG\'\"ۘN}\n]BL}ZPѬQ\r7\r3f]i%DlX*F:yoa-d gwKؑ7K&&42m$rBbwouk*$qjcM\"-M<!fYyV.3g,,!p,\\kfZwHȓ{kHhֱ%²oUm;\nGnƚ)ҋXI\0yt.}\0I\"ʹh?XSw*Io\"88yOk<PBIFu\rlN{FN$m:٦OiP3\\\ZҺ8|ºn&\nҐ8~j#$\\$щqCjϼ0QW;MwP\\Z3\\T¦7. rTj{Wku`QD9?4~XĻ7 s}VPU\rsuY6D<kJv稥\ZZZ;[*G翠7^G,=uyEׅ+㷑h/E[0H(\nh/V4|6L޵b)b?jgKh0\Z>}js]WI3/F^g%We	#gp8a <\'Ҝ~kVm*$W!r=ܲ/I{,sNdspiQh\nm\'Gy%R؂r\0:m5?e]Vg+Hj?LԘ喸uyѶbHϥdh+pKv$1JlH-E><:֔Y ?*!A/!oZ(|YFǩ^w:hU,`oa*b)J\\~uc3{SldxՊNP)e	%@/85%.>@\0\'P͕IԚxO,݀}PZݶd{/*ݵ^drlpD\r){#v#tә.O/C<$08=[֞\'\'+;#w\\\0Z4\r8>nc7kLΧv9c[ε֦J=D7nuI$y +!Xz5Ssʩq:U_B.JIAjSA$1_KF&,V])Q	\\NȆD\n#Z}&d{H<n\"+oiy-ʍz⭴D\'yM[P;WH\'D7!*>pzO:rD j|m-Ni6l`yںs!-OIruN^.ax=ݶT>\r\rEks~1UmL.xV\\rLmn>EZ݈L{Ĉ\0џ^\rDKYn=}Yڭ:9uVZ|imk6J6vrJWfޮ	[8f隶Il4mˀIT:Kd~*8f4vs[)YvcJeNj[xro8yH-.ޕ\\ʏURazuRj{{0I:i#<K%َ٥pk[ms$XdSA*1Zr\'\0ҢkTPFpb9U=(||Lԍ<1̊%h^+=,lΑQ#T\'t)VMԗ;[yHs[q,38=ȢdEVx&ՙb{i9Ba]ʿ{Dt9%*; {\n[Y-H*#C~\rB\"\Z\ric G\0zTg)QhwB[#YK%N(UdXӊDI${cN>R;+Yfxc+$R[iZgwo%r@_~#۰#\0`$Q; Ga1&n3]4%jE(N!5օ|O\n\0QQ	g1\0s>vK%F9z]\\eIn汭%2mB$}wgo59i\\c=kda.̎C=6THQdrz9j٬VD#GPb|@B\0Ka:(_t:\\<Nc.cO4A\0gݟ|ӮRx=\0\nʷ,s՗6SiBr[*CvlX\05kI na*̒$6JT\"ќRN具Y&\rӚVL˸ϖzƝ<Ռ3X+ʙina2I	m+#Grr;q֛ʡ\0lctSqu*={֐RR\"z5:jgSet|OCm.ag?tXvBi$Ml%i V*//g)9#?ުys3II#Cgf#mP^<Y;ϵf@!0d67tֶyVHkycrj2!Vak7KA*<:Fb-.3Ǡ0L!}iǵq@NzqForFfU.?E̌\"I\0\Z$|/q@-8+ե^Q\\>6Xd\r7$0:\Z%|Df$k_	]ҟ!$8cQ/h7B:J6M(rK&=C*$aq>ei;@CnX@u)\\m%5+@>7HXw`!2Ldz}RY\0;VŗwB+ǘbB ,r1TZ0auPy[evϒSgyp(On2+xGRIk桍sּ]a\r`OFuoه}%e̬k.kf^,=ER嫅S\0}Vկcb]\0\nON^ZCN[cJ4O͜P>ܺW3\0O(cXϢG\nI櫹?j$7O_gn#$Qxؿ\0]+2pdzgޱZ夰c,qz{3̷wPǵ9\0\Z?\ZͿP;31$k/P@2+LJR.*6^Z.\0hb=%\"_LqYl7Hz\ny\0xWW@+?-#3H9`vm]WPKٵ;#w`\ZnSK9b)I^VCyg\'[wi=qSzkgl6D\';@KwF42\'_WZ||A+\"ʑ_eN+C\rJpFsF{YɌe_t!\0_.fiU0K2P{ښ,ș%EP	hQ1ϰ4<ʴS~-.iPFӾv%\0>v\r	~5;.D_5ǆKȻd>Y][\"2Npַm\\=kΖ\Zʹy9zW7:5ql$UXO\'Ҿ}^MQs$_q_\0\rqM`L dv_\0	\0ߵoËm+KG\'>xeՂ^>PUT\\OB+Y}j[w_=&$\\5xÞ%]zцҌr$0C`|4\0:iX-Lq4v`nOwC|PĉuX\'C<)؎d@VDLqW](ɣF#?*|M\\]i?\rǏ77m:<IM \"KUrIr׺s_?j>mgL-|]Lr<1#E}cC\'{k}?x0[4+C|n\0~\rKg}Iҁ,1c|)ߵg[RG~/E*fn0IKlFCkl<_𥮥4Lэ0r;]ho\Z	ؗC6rLQpDîo#Rq|:y6ې\'\0Gߦ;_c,z7yFIޓܖG\0b/cZ:ţnHr(;7aqz;1Vw?1\0썠ҬI\"g>գ~ߴޝ-ׁc]@$Ƥnla2x<f\Zmi7\0\0dq|F|QgÍKVh.ܹ/#}Ѵ=q6^ǱNJ#v-^]&>lPMs\rt\"T,|\0ֽxoo%zMV[8B$\\Nݏ\'ZRI2yQ0;ZSSF\"Gb&Κ~1߂psȬ1*͐ZUمJ\"a:Ϸkk8 ,wޛ=qykt9 ϽHH䯭\"溛uM|bn1U	ã$zY/%vgc{tڄxYz\n܏\\+\njF\"1p~\05j&Xn4z\nϺwLJ9-9[>rIǡNNq(Ua\0XXBYTDdSչ9n{Wӟ|%o/EHe? V0>&~	ռR%1Jᘼhg1^{c\0	?|Kz/d	$0t⢎JH\Z5d|[nD:7^*\rio0$o|@\'l;ׁ^Ou4	!?S_?Lw4$i\Z8vpWqzG8}rÕt>S%g\'wZzj,PDWGN+ش\0G 5x~9%q\0\r-IBy~XV\0\n	Bڝ2$<lGIs򜒡Bd.z)bw#8Nc$9*Afe(EmG[p(:*SkVS<p(\\a5i\ZQOBC|eFoXJmX7m	1qڶm>̮>ͣ$r.ۘZIUpUYS2;URH43OcN98;3(l֭.sp3k	%1HJ$ y;S2<0Ǳu\\ۇ*$HdG$df.`ͫ\Z-;*\0rNg3Nx^mc>])Jy*#;@=?tŐ0ߐGzKK	g*Oj,WJ&$E988\'A(ZI?\0$Cpʃ bId\0g=5ri-ogH\nRw=DkU(ޫqpf	 FEV\nO=`He \rnYxc\r2.p& uwTxÓrO5VkNGL՛O9!ʶ2	OZ\\$&Wէm/GRY0\n?Ko\'f1Ri\" C5	*w!/\'nVHu9˹i\"Gr|5rFᡊ6Xc#i&re)a\\{U_vQ}TlȆ5ilc\'\0jġVs;˻l\rp]8=#f`φm+ɰ0bX=i\' }\"B@=cSxuF*#}*hx؁i#K8>{!ݼ=nsε2,1¬zQac(h@A=湨΂Ɂ#\'֜W!Bb0JG/F3-1^L=jh\"C1ME	\rz0ٲ\nt;rŤ32/jޤWܵ+ȶs٫ZroYd]x\\\0ℱi|otI+m\Zo!FqS*E	fwx/?Hvy\Zh>SU66\"nmrJ12:DbcZ9!5	#~imk++B=ǧX2\"I\n] \ZܶmPRq5c-YOڦ\r\\Ux$G\\;[ז1[ϓ$\0?[)KNmؙ<uMFyYs\"w#`ýtEw~\ZڔlgZwV7W,{\ndp29\\tK:H `ֻ2Hǒ[^$y$tV~F\0JX|~Ucm(N>k<ĊϠ]tnYI-Ȑm0\nm-BOKu=*6øN=+poeʯ9ⴹtU[hdC1ڌHH|Fꭧ%]zBgmI;{{ZkgK9m\0Ե=QX\n(\n(\n(\",z\Z¹ҠYBϴN\0렦-1[ӫrWs~][Lm<1#IVv@sr\'\0ݞŷ٤L؃c_HJ:dPڬ\"?Ғ!Q׸u08)xQ[\\%Nw>irwWgUP:sHWH$\0HjdrVhgq\"p*ʁɵ:$sSҳ_B~Fh&m[-͸T>SʧnzM:c+2ؑ\0<SCq?5ŭG:>@sY!ؠ95Dl>HyEr:l[wjdB_q]+i,plF\nT%kPʪ;8s9nX<9۟֯[1YTjH*ǙqjY	4`Dn\"t	95ZViϙMXh,ɫR#ë{n+wO,2	\0Ï&ȭܒS#\Z)dIg{xQy?pTw1wI02O;}럗O݅v\r,1#\\`Wұ,-av;qP=khS5eޟEpdcw\":`O_ś\0x6R[,Yx S$*yQ_!Kk;]M&BZ(H;1ׂ:9CsHT⨯ew\rtԥ\'y>uX¾`*sҳ$/K@2}oSRZreUIv\\b{}k	Uȗ{s_)*?Ku!ՙ֗-|ɇs;kkr%q1qNۼjTGd\n;n.\Z8%UaMy\n\'?YO=4n<>*ZBcևnqtz{֍Hҷ?vA\rqy8ӊ7(ʸ$ɻxx,ӂى®ɼwe9CMw}\n2}+Y*;GE$|U֕I9UϵU/i$N^yf>tD\rwy=3%+=P-*#ɶ#֠ˉo.79Xrbwc;mJ$x[&|9n3I̱N)W`x*8ϽV4F\'&eV8*\\u4|g{&\0{y0#RKcY#7\'$g$qEfI?Zoffez}k>h澊%$H{Vʛ^Dڄ=ٰO=keԙEUSfnYg{U?:y5qʲKy6AEE!xMpN;ֱi3s.̫$rpTm9#O<ѻ`Pq޲)\np+֧oKMu2o%\02#FEaPƢW[X|eh]\ZSzFOAOiJWV$,\\SUH#HRTbb|,cM7Y\\+V,0hN{ɾIPK85ɖo*;$1elpvGf!P@SK4]Bv)-Z;y$\07Vj#\01YzQM#vb>jZᕁRx>MYm~mPObZEg+]VOhLg2\'{~[Me~l3ǐ~=U}d};~fąbFOLV3YoHDHŻf10SiG<)#_뭏]Ivg{s	pT]SY۔`dNTưdz5N[c<˷l5^댌>ͨB\"IpZ\\1l Gz̅d\ZiP{\n#Cʉ:**LqJ7\rRﭦHoG\"\"K<Ԕ	!WBZt{5J &\"*D@칭iA.*[Aj|0X{De;ýc{Rڱ|qZbl술DO@;g{5nxsy\n0b4k_3hDƴ#h}Y958E%9vn3>\'[~\0\0ZTP_m5YSiYo^{2YʲqWQqyXU	Ell={2Ψ6A\'t)V52mm{y΢үKI!>bN?)Tl\"L$Tp\'hd\\9Ijo4nhua5LE>\\eGe)1\Z,u3P3OczN94vH`H3R@nw7\"̧бardpUvkc.У$\0դ&fjAII(gު1].zEczhRaGW-M1(qs!E샐kSr惩Y1v?H娞xa|WiO*`Vk+ɼ\"O3xo\\rvHq5.ڙ5牮R{}+>Xի}NNp\'i$e8>\Z*_G;WYuSPcnX|c)/6oۜԋ0+6=6b\Z>QF@u,+.<AOYiG`uS=>zZ	L{~\064I\Z<0#GKI\'Zto!zW7D޺djq!ُ\0zTbkE7	(YDQ\0mZyEOvwدC:0VhWVy{sk\'\\`pr:^&qg$oy῭}B+	/(B}\\<⚖VP$6zgҾ+֑[d67淴n=	cRDW~ٌ~qޭ\'OFrI7kHG,zWWHA^^@=ff%D;[묰 x\n֔\n:<<<\038赕.}3f\"{y^~Wa\0	Uv޴\ZcR\0U[jeMɴq]\'`u#>#a{ho|ULs۵]6Höb펔Ev0,_AySn3Eyn{yo8F8=\nVb_r{.DI6zͼk,%NF{ޜ4\ZyIKßL,Bd!t<Q4)I.y<rsƗtLKn\0\\E嶱mV#<k0Z\'T`{Ԏ\0N9=W\\Q<Pl-L1C_]ne~LdIok>!%\0dӧ	4<2Ìb1rK_&ra۝}+r$K,rGsPxr(N-\"s*ǯҫ6.#N6ZtWVv#$ghqi\0XSvfR	᱑U	?JܸŐvFW`V`:5i9_	]^+rkOf==iNKFRWq[-,Qxz\"ΐ0.́<q@Xm٣Ql1_Q+2 v v5&Iu YPu+^G]79n+Y{դ	mAn\0Mb\Z2;p*ι34G 9Rxz*pۓ\0ڴcdfiiQCplxJ\'dцp?uB=kO\rn  \0w	(18 {}jq+[Ȥ7 ,gZ3,e1\0}kxkgE>kQ$cḍT±]$WD0oj:4N3BvBV-z=\\gY@|y #ПjȆX&\"vYpLl;[S)XIa!^@\no\n[K\Z¦N7.ai>!gDK.5Z뀫mi@ʏP9ui\r%>^[>-e={Www/V%\rl=)o\nʂm!8j.\\cK=nFd}룏ō$6fy7h&8=s[S\Z\\ꮶmˠS!<\\n`y[<_tFe\nHj6jɫg%puj\rw9eŃSѧX3\'\no+.k{ӗl!x\\їϷ*HU-$gv8#57e+dk#ms=&ڄS]ԷloKMBeUYxzlDc_jc~gr%sʬy\0{%\nC\0\n	k7FK}ˌl>sSN?[ l%;\ZtMmdf\';=L^NOC^[wG\Z4|\0>>~	᷷E\'ӹ+\rD$EJ\rVuhD\\!y޾^#ҚI<mֺwVݬP6%!C._@&6u5$zA:E9KY\"yX{ԑH\\\\\"6C1Σ,>Mv.G\"OkQtP25`Uŷd-Z91Vo^ѕ`n֌N;m|`t$zx!\0qHcIBPݻp{ܭzw@z/bFÃV<.ƌ\0|zՖ2T1w3+UK|Չ)\n)uVȫwb az\n͙iƱ)Q:icp6x54$fUFɪby3q;еh[{%0J\0yn!9Aʲ\ZLpʌMn٢}\Z\0iCA4qG\'\rսc見UYf#sV<*\0*$}jQۖ(ǿs[^a>\\35\Z]\nep<5j-Hٺ\"M{DVG9}i@ʎV$mN|x$ZJʒ6́VO;ZxYc\ZY!,\"`?.DZ.~Pݨ,I*wb.7p{(chR\'N\Z0GѻAwTW1t\"f!{ֶj_2_^7+W2nI*O\'zXV6C]tRIf[3[U*]c7P/\"\Z<K!e>Knݎ4ReK[}	1MB/>p@AV4W񨥉.$lc5c^c66ch]u[p\ri^AS^\\@V\'85B0<~caIή$k\"nN7v=f5ִ%uqJ\rdPQ.ܿHU]{\Z\"p֬4fy6>=;Hu$\Z,uY};V0S]GT+$mڑcV$\0;`T:}X6˙DXWsA)\r`g]79\0\nl଑m#?wޮ4ƼR+<Fm#ċPaU&Ѥmۑ(o/`qƴc\'iGmp=j\0~\rbxH8je?뼆ݱJc5$yq=WcQxK|[a{fԮ=e6\0jqYТ[W\"6C+lB9]fbpѐ0\0,8!hwqVK41.=sB 7%Ą@H_sQdHs0nm\0P*Ax\0Tq3\"߀랽EZP%SuD()#PIˣ׵EsuDj3bH(&F;r2Y~O*\')sYipZebC?\'\0׫iYZ\"<j!M_)S)8\ZK6I{|{JֺDaW~UCGgom幃=4wW]ڣi@J\ZG?zȾn~@V!	<YoUKմ(+.b= ~Ŀ\namI4-F-y\'ھՆ9.BfU7(Do87v3\"׃R:3MOGZYmnAr	I\'\n#GE}&?2)knhVX}ILG=G\r}\ZUbT\0Uֱj7s\\$oz.\r5~vn8_\0eυ$.:ėǫ،\ZcMK-JKcaܝ_^-exjUeU:ǡT4ohq4y$r\0wcхΙV7cI0WlE]\r|9gc!]u+,sǞDhÇXiZqvI([ֺOx;k]AXګϥc\r*;\ZEet;=׊G,,^ҿk?>iFmˇ(r`~	\0|aUo\ZėV00^% jbp u{#1\"?O\\~5`_E[N;HSB(y?EW7ڧŧ~4渁%H\0\'Hg	>nڢJc\nz]<u\r>̓[΍#W2iu?sBot\Zfekg0$wVn-F$`_*;]),|p\"*\rBIҰ9-AzV/\066|,n!qi\ZV`~\"9稫XvK:k2:qXdwheŞ5\0bSk/Gޝiz,sUaN3w\0_*-x#2GoE~~f{X\n(\0|Q\nZ|VVDĬa<JRpZSm>)FD`_Jαoハw7R:,q6760kWD\"ܔ9I_w?oSF\rŔIp͜ǭIc\rԓ&<#Vo\ZX\\B9⶚O42\0$ǧYD+EsvЄ^#<xN󮤸FOU5o-=2=IRiM)~_\Zy<WI1]ʠ@jVl@N9GҞ&JI=ϭ5&pՍ3%Y\ZS`[#[@pG*On޽Q-mo2ZeHЏǁyS,	!\Z\\ۋ{\rFau y(8\r~gKM\'N#_|]k|$\'kkenJF>Y9	\'rw`{|VǇnΪV@#_ӗU9<\rgvoYE|\n\' {s<	5moWXWSz>hwZ.W!.zF#\nz3|w\'Ȣ\\od\'DdR9uzH)-Wk-01Uծ#-8\0\ZN:IBYQwa1\"fU`@I;\\D]p{Cz:k`gnGrHxq\Z\Zh,XaZ%0l\n\0V3i7=@kn{};,b`\\ES?Z:-@0u^)mvt\\N9YfB8PsU.XIǭeU-ypRn6+6dmI$è[a4whKPXֳ&tGgZ2^Kp\nyne&;SǦw0KU!\'Lʸnfrtcr$*1ީ&wG~k.v40n%nI{o12n&?2+)#3yg;Zd!u嗎=*yH\rhl}*hqEv9-IF@~Rsڥks,qΊ1#OOf[U${:}+F5WIkIXZ#Z7 =kTHCcRMBA0rs533#Hݫ^n\0U$F%V5l ߜq KFѶ3ץ\\ǹՉ.$c`y`\'/s&Z࿃x3-[5%͚ޤ1u\'K[XlBTߚ0[!7mCĖ`# JΧ$Q[iNFc9HL.C;!kRKE_c٧rWp=kI\Z\0t8=L+yzZpDq^}=kqGm8i[9<ˊF\"M]*\rDYW?w\",9j{hZGA\'	OXvhL\'c5-9_\"6?!j ͩ)rkD#,\0\0B+aAZ~BJ\0{+13,\"mPCʁAetBHUZ1}iSz#05-I<Bg=^fbɷq\\ڰAai>L\0I$RD#GCkڲp@cƲF^z%p_\\Zڴ+yLbfӨHb3=kI$Wnұ,6H/*xb,՘Z5>cr6=cH<Y<=ֹ-\"˞o7%\0sڻ{uʒ\"_vF}0yvXΧJio<[1l@;RmS{QX:lP,(A_Wg|/L+S\nZp##ݷj_,;Cj	\0isҹ21fxHv\0mFt*{ӕw9%OH5QE`SQE((((%ȸ@ 5}gyHX!G9$w+TM~w:v;*Fj,1ăv\\EQhT:Mh<-1}HbO[.e/ָeR7%ErTْv zT-!q W@tb]d$V4OFa&(ۿFk	!bk[2F[AF׊?chw,kj[raFZ8RiDWr<rf;B¹(PM;||ÅsR<\"}ĠKVttD:w3:1=gB\0\nP+7^1>;\\Qc$p}jVKsz-vYEXn[n0}3kdmu\\4M$IQk9+ͣտ$jބ0<\nC#cܱ0ǾGj.fpI(J0({v6+܎c-|ݓOzi1W.jhM0oΊ;C޵e/\\dNvu:uܻFyC+mԎq;~ڿ\Zkj\'<?_G\rXKLE$dקZl|m;FH\"m]r}hԓ}	$<&\\+U$HBqڵ\"LMp\0w5ԋąKJWUt}O]jD29>Tkh[ؘ\n֞\ZxLs@<ީlbD³F03\\$oyM3\n&$ӷ\'&bdmu#R\"^\0?TڝkX\"DHQ]E CumkI=*\rJd_5rFzy~K<,wIbq\ZH;9!š;z/m%]\\z8Ykfqbi]h2w$#{Vu&\"ãm*+RwEC+-eZv܊;[qګi#W_i9.2Bܑ^i|\'FI2(fsSOuokY K}֫\'~GU(ܩ&\\2Kwls5T(ds \0МJΌwps[gA\Z6Qb33#.D-7qa|g7ҫKr[5oEj!Ls	Qz$;C7|SVp}̩#~VmVs0cwO=Y{w0P}*)dVE;5OK)\\ιs.@\'Z\\Z<d)Wy\0`~&y.#\'\n+Μ,۩g<a\\NԖG~Xl:ek}7S1ZKeA~g>ԗ:dB0й\r\0?Z:_ȫڲKx%y\Z|J{Z9Dcq梉ip}jH0ʊXy1?ڣ*d8\\(*Uj4ZX@_Fz\'XA| u\0QfhY\\桐+&Pzִq\'9}^I\0lGTӬ⹽\r7nV.[4ɼpj<B$uT>--l$x&3u\0_62l\r$e@zPjW7qnl^52ݺw=5V.$`u#\'q$Sre-%;\Z2Ȥw$ޣ)ExI]YP,lY<Ð;\n0\\fc\n~|gJdkR~t-TWxhrMoE	Dtk<@dU*r94ؕP	lm$X⩬~dkR6G6I#(͌G<甯L5;D,ΓMV>&0^hU/zόx6$d\n\\2\\M\no\")rIckm/%<nHee\\GO,~~Zڵhyy#ֲi\Zc䨌/wrQx>acQ4.Nds\Z?\'km}3S9RXwY3$I#aY\nw%[	<I^Zt.>{Kl|xao5FOޡR&P%Fbhu$pb~^]!6mE{wód:\0\0\ZHbkqI~\nob.Qۉ.\"[xEXV^J:鋒AU6tAw-\n\ZP0oFfˊBxOM$[xWrmǜ{SF\ZVW\Z-eTXlu^\"/r{<9v!}/ -\n;𧨭c/#l]{<>SFf~WNZouKp&M\'H!tv/~%K얗ʔO\\tYg-Z2[̷|Hw2L`w_Qx<JIR+@;2c_pZʧC>9g,O>v4NVT1bѸthW%5Ado(Rb\\0T!(y5m+%\'\\ۙiG?v1	_+Wz\Z46lwz\0`xvLn_y\ZPNrvz\0U~hi\0O\"\'J\Z/-!m{J>C9\'p;\\V17Vb0>kYJdMׯhnt$nqw+G\'&w٧C3G;ֹmmBf^Xi3ǹFnkoKQp==ʫnGN4vDdDyAkf(ϗ\"|0[޼WQ̾fW<\"c5p2,\0_ZДwi*Mnz啝RZ2ΪCn]K@7s\\!+@PM{hHV%o{0lG#2GF^fѵ\'Y,_z?RzҎQ鏛G&/yuKxck|è=?i6\"m$</OY4 D:ך͛Åȷ،\nw#\0m\Z0j`u%r跩m3N8PjōB$(;kLY̯,)uNFyUvi%VR]E2C1;OPb;Ur{JK$>j2~kԠu*9SMOx~\npc$m\0Zv<]VI3	;\"sʎwkAsO\"ăfo	GQ.q_ں$v)zjGQe	W&@:ה隖D<=)-uT7&RwyE74\'\r!yy7J$}GskzZYHLe)3\rӱN:~U_ϾEd@	\0^	,2m卸sT?iibiR.oGl\0Z*rU.m,L;na\0q\\\"څ@H?+gM&x5;I#w<(m7\nMц+΢ﭖLLwOVE.y<Js4@F{1Hg=kO}epFy^R:Akj-ONwl>QȒ1Kp=mEڭ9.2z֍档]Ii\Z)\0 G`zufyDd}+IDF=zŢo:obTք\Zs.|ng)\0Vygq,ojǻᲺ s5B1<K)nA}뜊+hFw\\o	R1s\r:\\7nJ =ߨ3AYB\'aX>QZgRK`Б~W3b0hpnWe{stnF.ui\"Wy F݅tW!HLbܿp>+\"	17aT䑟tlzVv6}N\'DMϘ\"*	;OһKmJ1YxsO}VEbH[$ieׁǧhS\\yk:q\Ztv$18SJom28O<e2 bg@wxD1\\e-(Itz֜> SZiI-r+^UMz3>ϙ{we$0g2m nos+.?iWp%\rqֽo4bK0Xڿ,\ZnLq\'eRr:qW\\79?ưK2feI=k:O ޸<5\r\Zڳ[E>E #$fT=}$27Ƞr*X(+)\\Sˍo\Z<oi#G|̊;TvƵK\nr@q8(5=oVEڣ3\\\';%Is)v[\Zo|\\.WZݪ64HlĒG#<~5řb*eIVzsO\ZFd}8?[prYXĶ#nIqGHYU!fM{Y)w?(Ei\04>2Ġ1dcWhesIrM޼\nŹ\\FOҥ<R>ב#KuٞM2Ho߂{/!qN+I/	r1{յI |ڳKWzQKwI79\rמbmc4=Ŝa_7Gal-G1ydf4+@``Q;b\nܜk#aӻbkmۏL,lC?^ds ]q+3TK^Be`1W(]bQe0	b\\p@iFsF5ΛX$H$ RG2ΥV;xI*9$ӥѯ/|ȑyUG2a)D,Nҙ!C0%}G]˵1G$dvTRSvm 7=j3ʰ7\\iFaǚ_QȨ71E83:I%a]CZ|Tz`縭9b.xdpzx%]ƋҺ9hPzudy >N8r?ZtpL8|=+:\'.8\\K|=y+VVOjk*a2=?*^Gu0}Fc!\'SBMf=e%X|=1Rʢc]s-)_a[GƋ6K`Y\\H\'HCbNzk%aBQOQj.ۘp8w\0+ƲY\"\"/0ҢI-Ѐz?cUd\'Fr*$5ޭ>tm%̒dgRiT9B*WVSOpe	<8ȱIYpOv9c;ոCh\rվ4m޻P@#۹sjĸYB0#rQSepx{TA#I}!;I<ҒQ<e\r7dHfUF<z^tPDkRb$IUHd#ioުy?06JxG\ZheDhAm*	\ZVE30si&xuI$b1/pF<WVR\\l2gXʂn}?\nm\\\0FPx~U˸feO/l9e(c={\"2:4	 ]Meބzՙb1T-&t7ϭ+kKMM>nTQ³媚Xx\0R-ӓ 9pkU(!aU;H8PyEˢ]H|t$S?!a5WInLOrX6GQSbks³\\D@9$sՑ4I!P#&0-dBXEgyGl\0eg%mh$>]I_>\\Oӱ:z$\'nXbTl b$GzȨPb\n$:ON6bˏQi\" # oVm52Yss]4>RBq*B+a喇;U\'#[<W嶵у9o]%o-֣P(P޶mdAvX.9\0I\'cwFZBF;keEVy\'g@Þu\'VB?WM8$8=F+w:lb>ǌW?+kwE}hF\r{ō7wldkh\Zh	zQZj+߰/gIem?@?>&¾\"%Kig.mevwa8~k,M͢9 qr3,,yc;=O8GZ\\6~G-/3\'.%Z!$/XHL׃j~a,mvAITis8{q1U8<>\"!Ţk^ӮneI;=s2\Zi/R>c0	=r6mMMs5э	9Q?n.<Hǌt=n;W`Ay]E&\"\\\0FFGn:ь[ϗf6yԴ;d$r⫋9y^o5~=im:qk\'x&LӺ>GM-\Zu]CT/rb<g};b%bcge5_}ND`)\0\ZQo44/\"\nl>E\\3{B,@%\\RXAn0anwcɐAGTH#(SWnF:^\"ViF^\0r;-)VyBdgWk\'v=3Z9K[AI{rB<ޤ[o3!\"(on`d\\R<]1w9_SMeHmg8\0nM5v\'AI$ 9ϭjD}H11\0=TL2F\"hh\'i^Ᏻmd,=kykb{txam\rcCnĠdXsqUo3<GNx]hyp!>Z[-vmڪNs_]U$KQx}W~0Q-3\\I,k Pn<# 澓.0Y#yUXͦ}\03oBO7\n\\nv\"IE~-1\0_߲}<k<rm[7;\n~ 7+68֝iMρͩKv=5^@VkC[L\'IPCkƧV<o\nEsN+JϹO$Pctn:CNEuvڜ:;$nU{mֻ1\ZۉMt_rd$pzfڇzl|֝9\']ɜq:n;I\0yZy\r-	*QkJgm#OxD?v*ВH)`kծdR#G\nc\'#]@G	1[_K̎>\\l9jZSoƹxnVm(t6Ȉ8^;W<`4K\\~A*c5$3uݫ=Ab&M̥ˈ?Ҁ 97h\"GQԏCYZ(؄?xu뚆9nZjW\\و8=	![M.)jJ׊)egeAs+,O5mX1]<(Sx8ˀGU?-4Eܟ޶2{*̖f\0uTI~ӑs쵳k	<>6ǰpyJ	Yz=Njg]Y1_ֵ[d	rXoG$3ս1Z2G\"ww^)2*3H[T\n\nxIYN*+#46劓Z*JS H8D7$a*$F<6;#DI#Vg78C?Wde!$0n Jh*\'gvp0T	\0\\;M\\x2HHj3\n	M̉-D|ٺ z{UuI\'X$*a\noz衙T7pjg2Wk8\ZVӤڄ+tsþP]؞?MVH8Æ8MnDa]BD^vn@\\rhE,6k*I`Ccֶm!uX#	\nIu滖3޷Ck\Z,zoSW5cM4$g}+}!taUvR歊j.\nn7u\0[|\0T{?Tk~\nr\02ƌQ̐cm2}f(p2\0Mskͷ1(f%*NڝT+e1)\0WIePq;NvbuXu!WG`V6-?˷#\nuGɷyG}?սb\'?,o#f#m-5M$΂;bNWX!+#NIQ@*2Op{W+$pʬO5rN噙\"rk`0dWq`hޱ;mbUx$nUclU}z^m#Y\001ċ5d]\ZHq\0TvlZ-G%\rf-l\\!uAb`J#]|UMAwz1R2QXEPEPEPEPEP#ZUN(#fYŰ}pk]T&V\r-ëBb N6Aҿ4{{kV1Jv?_pLfN󎧞q;{I*eA>TZּȐ8KziȊA+[LʱcBĶ;栝u\0k]T掊O!1۱9nUwYW=vyv5nx>˽_l;\0\0+]NFIUS)٧io4$u8{}BB$d\0<ZaHbvr9_֫=̜sTHcY\n\rž^٬I&gy`@n>Pymk	*3\'T2v\r#0 {H\0Y C;Uu:n#@:VrOn:UJkUEϓ.2fŦQ>N*\Zdr7l5%nto9LCTd0OA\\Jgm\"D}\0ԶuA\'~67\\E(cVBO2c=o!zEy\Z}̝ ##_>{]<7rڋȍ\';A=׽:;}V`mp>bkX\0\0b{[fKMN}IX\\`{_̏WZ[rg=|\Z;{R&9R#iY~+&	! v}N>HPܜz\Z-,GC\".\\CbY\0M=sSXObN9Q_@`sHɦ\"*hCWZɴ2/;#VGD7\0u#2&;ƹk\\8ٴ/ұ3Oom3dbHoLք,LPgQ;ܤ{q ڥ6^ˏ1ԩby/n| <I5Jy5S,.T9AZr%oFhS8\0R۪SGs@$0[\'֜~ېD\\^^9WS?ޮq<\\F!Yb{*qڛ]ܯb\\/\0]W%!6b#?2<3#5rϙj>KmҨȦtYl~l̷\nn\r^乆8`s]^VBMߘ,eXS2l$z\"ewEy`4Ry$\n3*؈fi[t1X8J%!2	&_4c/ji?4H֪69@k&ݤR&HGr\Z^M\nw?`]yNƮAId8S[bZBY#Ԛ;hܫȸlj@\Z[r1ޕ$02p؅AjgE,%綝YZU >fSZW wPK*lO+vS9GEm\ns֡I	sPjVpGv4RGXu;Rf\'n%ML{8C/\\E,M<k9e\"k˴Gn8Oݧȯf2JGZreӃ5-!5z>}jeuFfrjU\0I#) 5snnvӋn趎r>j$#vFߺ2w֬Ie̮3HhဆC۸NKvyթonOqIͺ9º?~ZJ!YU#+كH,g{C?JR+#9U^I~3ƪvnxFFcDQڭ;Lq=M0ÞzhVhUkMz#d\"PxϭS$yJ\\e܌~_Oʫ]-\0xT4&J6H=ǵO.62uᏧ,6K>_J@wۑ2hAυT!n$I\'P+7`Siq7Ȥr]ٚ( #Hs;TVvgi[p=MO\rI+دǥS{I\Z$5QJH*7\\Vs*!*XkVyfKc\0ZQhbݹ\rӷ\0ť1nU\Zh7Z±hSU\"]A|~ozb̪yʣSzg}䳈vƄmxhH*³$GubuOS>Mb\rVr^9 2Y\rimwimi\ZBy?\n)vYaAZؖRvUAdS/ndoEGi䪪do<{TR[YۙB1bϽz@H<#h~}SO\ZLq}}ڷ64\'$1M.X݆:>N+75]`62B7|+c[uKiW%>n8#0@c&RGbǽ6\0;afV>WƩob- vl0<YruHl\0+͉[W_R0`\'ŎW˺b9юNsھ4쑣#549Qڿ~9C\n>iW,\nr#*EtG`eh7v~πӢbſ:kC$QDLH7m]g\Z[}E\'N@ǥr£)-h#N\"nOsX\nXVSlxONk>f]9,mJ;B`s@7Ή{5k!UCcgӒ?nyKUI.8VV9q2J:\"mrzپlK|Y/+mDFaS?fʕx?>HϵpNl$z]j\rwN--Cw1]䄐\'{\Zo좆Vh\\\'+N{c˯526p+ճیԴbFv\0Pq֍O\'dϧr263)uKu3:)\0NRn\r[ͷ\'K<jџ^xZ7V݆JknsXfrk};Ї9=iY(ʍןuksg,c2NinׇyމyYX<KB dtR;5ZV{#-p\0hoIm\\63׵5t\rJמV\n,q=vN7O9RTjԑ>@Q+ۚƊGLw`uB[\Zo%-i	8EczѢu*$8=F;=Ou!iP\\k0r-cڡYYv-SJ%N0\\-gr~EJoٰ7\ns,KTr=c3ӊ`bu4L@No[Kb.2qѪ7[j$J l˷¹Ly\'%YqTm#}ZFErf.Kg2O<P2<qcSQ!dFīzlY[RrFTuc~FZEAA~qޫ-]N c&~0@F#5+KtD@\\BMsX]4FCYg35\"Vi\r!]\'t~%0nE\0@-w3o#9\'3\Z乆T2H$%Gs ydXFy}NޅqYj6qϓ\'{lww]UW%5|iؘDQwp1i|p[lx?T&mLi$\rSEBs)nAz槊}1VOS]dWAb9:VGܥݵ۬&A8?CW68%BC\ZZiv05@ZXƱiF\n[thq`;r&r3wU*}BvSo@ P?++]#Qȉ<L57/w:htWS0#6Nwǅo\n&<#8$g^?:[էyyaMd:1m]O?og&AaYRL&_D\\^G-*jvw14Ѽ Yv3R9kkfE;Lk^X-_)\0ʺ?Ju	 d2c<S<m\rSnLL^Xar71\'j8\0ַjwn1;#ҼKv\ZF[f>՞}̱,/.1ƯҚLi\Z6)~i`A\ZOyZV7\0,#Զmy;WmGϩEy߅`gy5>Y,d3t^?\Z%Kb5!\'np**\'q{FsnmkL2588>w[)$3Nh37\07һ[N-Bn!WB=WxZ1 -˙^GkynLl.vОIuKyQ\".>x~3rqY\Z$%lL|紴v2C挣o`k6\0S,!].b6=YyL[7a8Pmy~ަE߂] h`;hbqq)6I$YgʬJ+\'HC[A!kkMjTvL*a\0ݻ]\0QrEwm->3赘 ,?<O<,UQM?kg+D3 y}+f	g3pꉆb>ҫPd6^v2-ҹyЩhl<f%,swE˙s=\r`DD.	d¯_O\nylhX4{JwS̨ZG+I>VT(%H\0=i43[yl<&ȫк31>Np}VKb@0G(HM;R3wȪak+S@\\?^ԝ2kݹ\Z6HG5f(nmj{iVX\'G=~}ddI4igb|<0\nSk\nIS971җ}*l*\\xD(u.̙|zb{\\cئ,2D`F:fY]ed(}o9ʫ\'!$#<ސ-}ϑ<\\eo4<Z#ώ];H\0}Qn\nfgoc\0Kgз!=+%o \'tNH9&]NҬh!xw)B9Y;bdFrH;Ԓ}{.u\r9yF+Ox\\qU.+61Eܟy#f&8J,grGr0yRI0y匧ehB3\0Ģ{o A\"5-Ip])r*O4\Zȼxr5<2DNUSx%0ySڟ&ZR>犷#C%}Ny[U$#@ \0ֵc	da.=\rV2lm_B*6ja1;0ypSW-	eU\Z܍OcR$vrV,MJzp/\r;f`p5Uvӣ	=>2;	ɭFIfpos$\0>ziU3gҥJdH$rGoZ늾Q+{Dhy=4xLJ8z~\"etȔ7@&I[w_oƢ8jq#W}YϮ2}w!u7S=vSD0`Qzs13*ֶ̥P̒(Fp=\0!$!}\nӚ(\rڔ3ǠҠ$Xu̘=xMs\'YS0WȇEEC|>c٩բP (w:>nr,N	+HiXmN+>@j`W8;(7;Z#yAfU>3Z@$R\0ɉTK\Zya[ln69`XUKG#j#R4Ґ[nc {eVN_\'njA<_)/0kg;1#E_g<C` eڨĖi(|?\n%8;C\rF6ՠ&nm:ՙe_dlQrU.\"&;\0׭NRcTm=~kuf.LgH)^0))>X &oJ%mcC\Z1FRL.ݘȋz\\Չ7lgA|vkj0&F.z\n4q7SU+i?~]+KI;`n6sԸʓEFCVEiPmX77[vG>@?9di$ZF]\nG}o*NSS~&ij>mΫfhb.4fXW\'VeӍX5\"C&adY6JPr	I$&90>R8\nIacr:NgfsZƞ_ 4S흁5e*<̮b{UF9*Ok^v9;E\0\Z6,Q^qkh\"Uscl>Tn]>R!VCj\ZT3JL|;:U:|pDǻG}vo<J)o3)v8_YV;eJkՏ%Et~)huڡ|i*F&XmwS[fq\0bO,*A~νTi?!BN4Ցy=rHm;?٬+Ti>(jMN(\0/\nN[1TnBy*JdSj^U(I۽M{{/1\0p\rE-:|N:fn/!qFLGiNOZW[N+F7$Fq5v{\"gH|Yr,\n&*HHjk$YSm	j\\鐳G!hǧH?pS8n,?c:EE.nSV\nTu6@K\0d=	\0A<\'BO&X\0\0+@<CiZ}(,uQo\\Zdӊ,h.䯿9eܪkR_[XŕU\n\0@cPsjPҠT\rZ{6P/Z,<\0jmfwWǗ:mɦ,>H\0\"nyaJ\\eX%0^+谜cӒˡf<9/SB.7/S{H5i{XUyӦ\r{&<$%6y]z\\9D`rR)s+<<*Rqz\03ZȫzOLw*n_+\Zn	_66#Ϯkm<vP{c/.\"ݥXِǭ}u+>CXfӚ7eܒ	PQ;E|\r!8kOOK2_2K~(̾]ⲫdEbcV҃>wQY^Y^`PkMi!XMB~$7<AFEiv.kmj3+mQh͹\0s[udp\\8R\0$z>x6gfIu\0\0c=+\0J	g-[nTi\Z׵%$`aּ=^$c@#ooj%խ\'O&Mǌwʫ:;id.$B6:}T]IpI/`؀;rrx\"\'uv#a<qTe_+.={VŒaԸ9$arR<!/]rVU),@M)Tf՝׺u\"銞0?oV\\H\'͊P\0\Z{iAyr3}u*^fEJۚLItu;ؠsTo [#ڮط1̹簭$ru,I,%ujXWrJ>FGn9!O.N!Vޡ$]B0:IsxNr[m\0dVYE.V}JuФ%nҢIu6fݜl{v$\"\\Zdi!fbi|PsԊrZ\ZG$np+a?Ѡt7\0{{,Br#<.{\nێu9Y8D#/>:E}ޛ.es$\'%.8:եx/N?++C+cFΥHK!(KHPepcRegZKK34j:zA1uȋjHdYnU^5n]G`hckbR9aùj47-\0d7vaȮy.CvLr[P>Lx1fYKH6p8ޭXqi#M$Bh|ASЁV`Vև.df;,H&[iLaqՂZ\r4>S?zֱ< 1IH(V2z,q\0Bΐ	N:WXhH;O\0\Z޵wdD߽tS8lFY;W#fҺ$q2|ml$eٜcq*꭮fޱF\0]%s7yA[z~5YDξrit`=uFa!4tJƑI}NmaH7W0N 5V<@7C1燕B*mጱd4c(봷QVc򎃽tc-*H\n^۝ƺ/.)\0VbBbvd[0)\'%}2WuZ+>QEfhQE\0QE\0QE\0QE\0QE\0~[^C i.\Z>6~oZs*͝+\0?՚O7yۂsE4Aq,~E=+ReчOEW(\ncM/U_PXzUXoRńW4v wpU&q4Gv\\-#g_;RgPYpS?=sQd\"A=F;dS${֬MGH%*-C\Z;@\\Jyޥm9-B\r(NY\'VP]Fh	ګ<J#tU^]c[bQݕG9^u[K\"gޛɐ?OCw\r\r吐wFmXѻzZڶZ*zEݤ/%\\qmJi#[P+77(əd@R2:$՝N;hcN˄f8GV~E5{7HU8ԨfElH\"v#\nw2o iKE!+\n^1k$,dWAe#3C(hqD\rEY1jōkϠ\0* rXt6;ץ/fk\Z?Pynl|CF($Uʉlt}>VPG @^MO\\%-lG-\nPzCswc=+QFV?Iع/?\0%$1EoJLxֶoc,p=%iDz4iqV>TTЃ}(?|Zn\\YR=pQ`*gkQvRw:YV1o<,qF>[JHHAKicn[֭]-mၥTXэ&oXNO9/Eoɫ0[	S«]ڔU1Ʋ9BҾ[k{Ib9W>Z+o($|*y!\01NՁcV+y(FP(?ş+*gg$qSW\"TyPzO2[hëbA5N1LӛО!xX(DJ/BL\0/z6he#-tCTL%Likè@N?*F1bL:VG1<|S˥e65̾mU-`Q%`qW{F\0TGk\\&;¼=&[b`٭&gFd89VMw\"ц8cm+hrde%H\0xQ?aũ\0U^fH?˛{{\"50/gGVv\r3SĻ:ɀ[ۺZ85diA9-R>W]8E&M	r\r\\IS!#cR:@eyJǑzLس%7ǎSUXⅣ *lpŉn$e:2(!&o$gR\\\Z3ڬ2-ミJ/JIL)-寔@QM;#lNO֤\0f0JL뜿.f8T};-Y||zVxذF$t7l*ȅZdMx|c\0}rk1i]|wckieNTMr_-O1_][Ds`W\0V$݆q3G5G0Tg~J1}B*jzN)W+F<k*Ks\\F<$\0^2fӃPUcmب\"K-j)ȩ<ç7&c(jh.H\0$$','\0JFIF\0\0`\0`\0\0\0;CREATOR: gd-jpeg v1.0 (using IJG JPEG v80), quality = 95\n\0C\0			\n\n\n\n\n\n	\n\n\n\0C\n\n\n\n\n\n\n\n\n\n\n\n\n\n\n\n\n\n\n\n\n\n\n\n\n\n\n\n\n\n\n\n\n\n\n\n\n\n\n\n\n\n\n\n\n\n\n\n\n\n\n\0\0\0x\"\0\0\0\0\0\0\0\0\0\0\0\0	\n\0\0\0\0}\0!1AQa\"q2#BR$3br	\n\Z%&\'()*456789:CDEFGHIJSTUVWXYZcdefghijstuvwxyz\0\0\0\0\0\0\0\0	\n\0\0\0w\0!1AQaq\"2B	#3Rbr\n$4%\Z&\'()*56789:CDEFGHIJSTUVWXYZcdefghijstuvwxyz\0\0\0?\0R(\\lq⿝Ewsw4Eˉ W~O|񏄮Fx/EY^f	Y?q>|YcA{-^ƝNpρ_[f*Uc8z_M:_\Z?hfwdI.6 \'	 }:~ɺKy;ĊSMۡ`WQ_:uY#`Q;BAB7ucXc9XTo3(]o|g\0֫{.\r$_oq$zB3\rM[83:?\0\0?Oq&焼eeܤffнь-0zM_k]svma{[+l_u+{гD{=2ۍUǩU;@a{k;¿\ZJ}HH%%wķc/OM|w)%J_Qp9qʷ\0 j)N:\"cMVmvGq侴&	bD.IΕj}ک\Z<\Z<i͠O\rxv]=]TVlHd5W㖳qYܷ7\'~W#5Q~\ZGy$e	O\0*oH>v4ւ|\0ƾ(Ό}9%^ncάŶo{,.n[|P{ul\0s	⭃fnw7,,)wH7̪4FmnUW,Oz[h^IzqҾz+pf\0]-v\".I\0Fj:>OōᏲ4KˮNjc1T㺁E}RU!w\0\0M:*->].}o\'+B\rO÷$ST0< q%i5؏{{FyH_TZ_cv3![9vO+{c\'ozژNWQFKSӧHլ\n$9<f:tNhmaW1-\0V\'w3M	P\0Xz}oþBYUӃ_	<y⥎xL3?	$3^/z\r+jCcsmEuH<My498Ǽ+B.OOs?YOh>.}j21<4mۿz\'Dx\"m[N_E\0Iv!Ͼq\n?|Vy48u?&i\ngaa3_\Z>!>,V+}ԡA^>Zbjwx4$ռ7*w\0jY|Ju(0Ic%+X~=}kO|Hx_$U9# ;WW![Q׼3KD0Ix ks?SgFdڅā-XC\0IW@8|qp\rQaK]l:}_Oaߵ֥s?Ҿ[6MH(\0\0?*jOJѿsT`	$#	_ПO]nmä\'?rY9Q\0GSWZ+}k-ʶӃ	ʜ:W㡆%gk*hWR};-uYZtYy]/\nO-ܸQ3ǹgAWMb<}?Z%hjQp0{Oƾ8$M>ڜ>aʤ\n[_Q?.[Eh:дX\06ͦx\'JY{HqxB*9$Evfإ)|\0r$4w~\Zw췤7MWH\\lN0Eb#dHlI\0~?RKuO<W9HW+ˮSO\nS[_Wl5K#Sҵ]>Qͤeh܂<:q_\ZOO%x\0\Zo쿱4۝R6RBI\'$סV:4;},UOS\0I~(|HQ\ZCg5Ȍti%T@*2k0~4x~mCAt\Z֘VON\"a-3\n6w/ɤxM+D`ΐ$d際,4X5oO.)PqI^\nk97GOoܵz\0H~*;O<K;~zğ民fRHkU2Jժ\\N=^K}HA>Ԇ奴5ݸYNyT߲|;1)xK|7{5m=*7Amb;L62p<i/ڝ|YL+?@+UfUǕj\0C#O3_\n2<)ڍ~$aom)<1niwpTVnNs:(=읩\\X>|1}Ev_\r,iz[ʥY@t\0<>3xB6Gl\0kţRniZh[5A7iK=ߙ@>ʺ\roOC}r)Xܺe\Z[Y_r89Ld:1_j`~XZ^mׄ-HVAyS|<0׬& /j0	lY0Og_]\ZJKEg`~OY_C_\"7V2H~&|0%-Ci\0G-/_-REl`5\r\0~+j\Z֟VZcHVCD8b3s+;ZnO&=Jk8!V̪iF龚9jNZk㱳?ҵuJ᢯MN\'m!\0q{38|0|9Ϫ)$\\@c%G]/ĿjcM*)xn3vӋ}uM%ϱgA+3\0_kQ8\ZYV8<4WݣG,BEzbgUC6%;$|DSq9Ɂ_/Wk%6gstwG,w)\0r$}w>\'g2T.IxOO]#uy\Zt5ȢG$lde\' =yR-5s(gfiO\0g/k|Qg&h捗8Sp\\OZt?\nM2y,Y\0&Fr<\0CVN_>תPb5b8fQaOMuՠU\Zh`<	#%=N\rxu:iG	N4t#>3|+kQ-mƺ7i/fe.ŌJ9۞yk|y\r:\ZQ2rK}7WoO=c^gmI\ny rxWT+|&\n5(yRd\"h+휹eMK/Ú6[=V_?7@{OVhGacN~{+о~?~2ǄK8];O^bM*m2̽C20A	>x -Bp12gK@[P7T+uoj{xRQץ@x->k?{_N.tlD{m!N$I~^x	w4_[EE+x}\\0	 \n\'f,Kf{!R@\rrrII?S]XK/P~\0hU^)E_d|Zm}n{qG|+Z$Vwk]\\rJܻgl61+>JFY#WPb5n<vxc3Wо2xWM9/PڮyҎiw_\r\0w1\Zo4`m=jwvG2s^[ZR\Z.u,sI\0|}GAQ^ܾłGnBJB*pwIf))8R0(FЅ xW}t?/>+Mn|aY\Z<wX\0o7ᵹy_W}37_=ђ2,˖<}.>1xQhĭ,;J3kƫtf09#h=@W\'խltc#M>mH{uxg\0`Oo`#OßYvIbB.e0eIVz_ce;g+_KZH-N꒓{#؏7|\'gOWoukɶ9`\0\0\0=+\Zτ|_\rK_ܚG3ȫ9rBrs,\"z_ B>Ev}mRIȿ%Oğ\0G\'zg[Gi1xޗ6WPpDQWvsɯ+o]s㿉oH%\nOho4hTeݸv\0:ҿ7_Y4?O;}/LlW<5.{<W\0g/~~\04gf?hR`ICmSddU}M+Gku}TT1X\ZӝiBIZ-}RZTkݔ3OśǸcܽDsI̪@x/luK߃7?\r4bOX[˛QB&<d/1ΧE]GtryaKk,`<ۃ38>\'z;fWvyZ烻Y*6h>	.{\\ßRkW02piZ|0֯{!͒hA\rm}Аzg:o7ėS̰$dm7\'rdَ1e硝LLcu8-r//d\r\r#ǰU9\0B6}gy0J͌q+/G>n*k|_ᕪ~\Z֙Oq\n0 i pA\'q\0}wx^QI87\rC\r9>gۡ#2h+.tO5Yigkhb#A\0:VYkFm4Ȩ+ZzU\08ꯚެ\Z*Jmn>kT+&xVRvr>\Z+/fgoI\'h;ټƆ؜f~O^wz»AekeMN^;W߳/oi5AynCrNBͿJǺd1Uscqnl\'6 B?_(`ב~\0	,xkK{Kïdm5{k\"Ip\ZW.O;׺.WYt\r/^,\'gw0s-wI4,ybNV\n\r|gt}Kߊ)cZ\0] 018]JkӼAQh&e=OQygQ\'yE}u(Re+Y6;\'Gb9TPi/{wdufM.Y;<Q|N}\'VG\nueڱnYfTvU>]߄0?-;Rltռ!xrӢX!%xtTccG<y\r_h!j(T7_w΅P<\Z5b&8u|Q[ɭGxZ-)+	-J۰e%NpQ^Nz9MgSK[Z:Jnge{nv_3k\ZÑckIz2aS;Uz),R<]fg=UCFH_)(hO͍Hlީo-Bs~]}kģOum\n	1,p[ \n\nXYEw8s):Ӣ_Y]3b-Yɍ0W7oN3++K[&s#\0>6Zy1\0QTPGQ!mnomEqxwA\'$}R攬ݒ<#ѾjZ>dw ;qa9IOƽ6p|Ƽ-5aH2!V#{|QkCpOerֱXw־ǀ4\0S>;}{Jui͏6qP+VK_2*P^}}ux]u!>4P<<e*O?+gx\\l=7E ӡv Ջ9кҧ>%Bmh\0bwU%Lpp68\'Ѿ.x[L񞕦6I/\Z7#2ʠ90\\SxYlX||SXz^xƲgf_5%??a\\U55Mr8Ll_M[^@F?\n7gkgY͊$j\'\0{5K|+n|cю\np}𯌫[W>\0T)S,z/s_^-7^֤W0[㟰αa\nfPqܓG?oOٓoIk<7e,W1#oqmf\0#?\0YF7ZݭQ]vQ㜊Oo<gc@ЧHx,N*	V!]vfXⱴbwC0=Fb$r+|Vzom\ZYh:pJcɹe2y%V.V@\n\n7gĶ\04:u\\^k\rYrYJ:?[oYd<C(Tލ3ECqrHyIG?f>3F&M%tu;W	*n8#i%{՗2<+S4e8t|VMj>k|Oċ-7K-\0=|~u=7\\mMe~V[y`).P\0)nGO\ZOzeƀ| >3xFf;^FdY7a\\#J\Z/͙xYk<JZm-hߙ_e߃>=gd04 sTA=*+-/Ż2ؐ<[7,}=F	+<eG\'|aw6F2\0hܺ۫\0X\n/<f+k[?ik{*xDL0FVNNدi&yNzI:w}:RVR>˩ˀA}F8u1~ξ0f䅽̽N	plk_\05k|=:-!0q	eLB7$6dqdIwπy#d0ǩ*;vȬ^s4i*NRջ>݇ Nu2/]ˠ8em[\\K,3|.)nxa+x~$SP˭(Tv=Bzw=&Жk;L{c<{FoVxeN^Z_W|<!TxIho\\${/٧|8) 1QM]Qe{<Sd\n2qQ^u\\#Uy21ؗzNiG/-->M?S[t7V3:#%O#8<^wSѼ+:{2WRsYg^ACG|	;ֹXn\rq*$0=h[\rW5+]-?˻#>~ʍg:k1T~gz<MKC񍝜աQǔbOn{\0\0bO߭φ2M.##Jv6r#I;9kZӣbu\'ut^p;ʲ|)Uk_Z-=Hs&=;VHԒi0]U샫I>is݈o\'Xgve/\"D[(񴑜c^Tu<o]qiPF#4f+uV\0.s[/Y?^\r-υ~h@aUn¨p$a\0\ZE76/\Z\\+Yxu_NqKKMWKw_]?|~\0)\0	Gtk㔖t60\0x8\\F\0ba+|»o	u-\n=>u[$<!lM19|)s`㍛q_;5oPX}ZAB!WIi呞{SRiitxB}.]Ȉd77__!t];qx\rsׂ	1s4oٮ$+uV<^{r렵U*hsB߹)k,_,	ПLɭ\n0wgW? 5H|gቭ\"2mѐ0Iꣁ׹y|[xTF,V)1&ucەvJ:[i[3Ĥ3!@xmɩK]OK[IQ\Zih\0~;;S³h<FW1L\nO7\094Z=֝iMo&K&*YzAE^9[|EV59qq`H ^sjᔗz!1G_,d!hbx?/ݎyMjs,}$z;/\\\0b$>]՚\0f7>`.߻v\0?.OvoQgC+}m%0n$L9ܤV|׹KjTvz_oFyxk\ZQ|IGqa#E|:5	)j #?3/}@GB~ytY+%sTw5	ki+#\')у9fKGӼQdq޽[WuM7Bmm&2_M\03&z}=+=\"O]cQKkc*I=4\\&OigU4ޣg-Z\ZΧImr.!|6c*?*[ybU|ᯄ>4iD\\ 9by\'W#q]mgm0@QL\'\'~\r70Om4^[8K\0Ov2\0;^薺FErla,ѺJFۂܱ#\"R	mt[]b؉trU$W\ri_|y	|[VӢwHd)DO̤A$dr]-*~Wf[\Z>6FӼXu+45(ȸl1+u$p2NA$ױ7ן,.g\"xb+\\.ÏA$gᮓe^\rOLaw\nnn䑞įk4/9%|<F>џY򾧎2\"!aUߙ4iƕ)[w\rE(m3ͻQE\06N暷j?~\0ۙ%+kWL2yP?ybRh\0j5CioR5O{˱\'5g\0||5ki\r/嗉4-8F\"͊[9c=rw,\ni/<.#?u]t7]խm%EWPr+[DQ]xV[vrO1\0:D	\n}|>\0Pj5yrܚH08*K)c@-\0WZ>\0q|P|F;uf`.:ʓ`0ku9>WvySƥ$Re}Q廸օIglTZ0p9#\"fOv%̓<K=6D67czEy*ʣ?ϱs~z/<e46M3oh1Qp\Z8o|3ǈ5;}STcճ{?4`[i+y(W8^ªst[,PLpE>=*ł.Bӹ]hC\"בpcƾL:bXȸd>E{KTV^hi4i4?.(|$u/^.mg+{h@1~\0QB_\nGAyiFb8v#~0|mo^ŐH0H@G\0^/N>+gDҵ5LGه\'{W,b)Q.U.֟#UGn>aumYsq&-zEѼicu# 7ďg{x5dKCp8_q^[q|;Kׇ}50-z1Ikmrkko6H4׸->(ѮXs#cgr2s_W|EVZ(2\';9+tW#rk<QtS`rp׸ĩ]~gUҦ-c1_u[1sۘ\"?(8ᇠ8<{Q_3\0.|v]@}ق.|Qé=3-<&e(.|\0','7620_IMG_0594.JPG','image/jpeg','/../ximages/item/9',2207950,NULL,NULL),(2,22,'\0JFIF\0\0H\0H\0\0(Exif\0\0MM\0*\0\0\0\0\0\0\0\0\0\0\0\0\0\0	\0\0\0\0\0\0\0\0\0\Z\0\0\0\0\0\0\0\0\0\0\0\0(\0\0\0\0\0\0\01\0\0\0\0.\0\02\0\0\0\0\0\0\0\0\0\0\0\0\0i\0\0\0\0\0\0	\0\0\0\0\0\0\0\0\0\0\0\0\0\0\0\0\0\0\0\0\0\0\0\0\0\0\0\0\0\0\0\0\0\0\0\0\0\0\0\0\0\0\0\0\0\0\0\0\0\0\0\0\0\0\0\0\0\0\0\0\0\0\0\0\0\0\0\0\0\0\0\0\0\0\0\0\0\0\0\0\0\0\0\0\0\0\0\0\0\0\0\0\0\0\0\0\0\0\0\0\0\0\0\0\0\0\0\0\0\0\0\0\0\0\0\0\0\0\0\0\0\0\0\0\0\0\0\0\0\0\0\0\0\0\0\0\0\0\0\0\0\0\0\0\0\0\0\0\0\0\0\0\0\0\0\0\0\0\0\0\0\0\0\0\0\0\0\0\0\0\0\0\0\0\0\0\0\0\0\0\0\0\0\0\0\0\0\0\0\0\0\0\0\0\0\0\0\0\0\0\0\0\0\0\0\0\0\0\0\0\0\0\0\0\0\0\0\0\0\0\0\0\0\0\0\0\0\0\0\0\0\0\0\0\0\0\0\0\0\0\0\0\0\0\0\0\0\0\0\0\0\0\0\0\0\0\0\0\0\0\0\0\0\0\0\0\0\0\0\0\0\0\0\0\0\0\0\0\0\0\0\0\0\0\0\0\0\0\0\0\0\0\0\0\0\0\0\0\0\0\0\0\0\0\0\0\0\0\0\0\0\0\0\0\0\0\0\0\0\0\0\0\0\0\0\0\0\0\0\0\0\0\0\0\0\0\0\0\0\0\0\0\0\0\0\0\0\0\0\0\0\0\0\0\0\0\0\0\0\0\0\0\0\0\0\0\0\0\0\0\0\0\0\0\0\0\0\0\0\0\0\0\0\0\0\0\0\0\0\0\0\0\0\0\0\0\0\0\0\0\0\0\0\0\0\0\0\0\0\0\0\0\0\0\0\0\0\0\0\0\0\0\0\0\0\0\0\0\0\0\0\0\0\0\0\0\0\0\0\0\0\0\0\0\0\0\0\0\0\0\0\0\0\0\0\0\0\0\0\0\0\0\0\0\0\0\0\0\0\0\0\0\0\0\0\0\0\0\0\0\0\0\0\0\0\0\0\0\0\0\0\0\0\0\0\0\0\0\0\0\0\0\0\0\0\0\0\0\0\0\0\0\0\0\0\0\0\0\0\0\0\0\0\0\0\0\0\0\0\0\0\0\0\0\0\0\0\0\0\0\0\0\0\0\0\0\0\0\0\0\0\0\0\0\0\0\0\0\0\0\0\0\0\0\0\0\0\0\0\0\0\0\0\0\0\0\0\0\0\0\0\0\0\0\0\0\0\0\0\0\0\0\0\0\0\0\0\0\0\0\0\0\0\0\0\0\0\0\0\0\0\0\0\0\0\0\0\0\0\0\0\0\0\0\0\0\0\0\0\0\0\0\0\0\0\0\0\0\0\0\0\0\0\0\0\0\0\0\0\0\0\0\0\0\0\0\0\0\0\0\0\0\0\0\0\0\0\0\0\0\0\0\0\0\0\0\0\0\0\0\0\0\0\0\0\0\0\0\0\0\0\0\0\0\0\0\0\0\0\0\0\0\0\0\0\0\0\0\0\0\0\0\0\0\0\0\0\0\0\0\0\0\0\0\0\0\0\0\0\0\0\0\0\0\0\0\0\0\0\0\0\0\0\0\0\0\0\0\0\0\0\0\0\0\0\0\0\0\0\0\0\0\0\0\0\0\0\0\0\0\0\0\0\0\0\0\0\0\0\0\0\0\0\0\0\0\0\0\0\0\0\0\0\0\0\0\0\0\0\0\0\0\0\0\0\0\0\0\0\0\0\0\0\0\0\0\0\0\0\0\0\0\0\0\0\0\0\0\0\0\0\0\0\0\0\0\0\0\0\0\0\0\0\0\0\0\0\0\0\0\0\0\0\0\0\0\0\0\0\0\0\0\0\0\0\0\0\0\0\0\0\0\0\0\0\0\0\0\0\0\0\0\0\0\0\0\0\0\0\0\0\0\0\0\0\0\0\0\0\0\0\0\0\0\0\0\0\0\0\0\0\0\0\0\0\0\0\0\0\0\0\0\0\0\0\0\0\0\0\0\0\0\0\0\0\0\0\0\0\0\0\0\0\0\0\0\0\0\0\0\0\0\0\0\0\0\0\0\0\0\0\0\0\0\0\0\0\0\0\0\0\0\0\0\0\0\0\0\0\0\0\0\0\0\0\0\0\0\0\0\0\0\0\0\0\0\0\0\0\0\0\0\0\0\0\0\0\0\0\0\0\0\0\0\0\0\0\0\0\0\0\0\0\0\0\0\0\0\0\0\0\0\0\0\0\0\0\0\0\0\0\0\0\0\0\0\0\0\0\0\0\0\0\0\0\0\0\0\0\0\0\0\0\0\0\0\0\0\0\0\0\0\0\0\0\0\0\0\0\0\0\0\0\0\0\0\0\0\0\0\0\0\0\0\0\0\0\0\0\0\0\0\0\0\0\0\0\0\0\0\0\0\0\0\0\0\0\0\0\0\0\0\0\0\0\0\0\0\0\0\0\0\0\0\0\0\0\0\0\0\0\0\0\0\0\0\0\0\0\0\0\0\0\0\0\0\0\0\0\0\0\0\0\0\0\0\0\0\0\0\0\0\0\0\0\0\0\0\0\0\0\0\0\0\0\0\0\0\0\0\0\0\0\0\0\0\0\0\0\0\0\0\0\0\0\0\0\0\0\0\0\0\0\0\0\0\0\0\0\0\0\0\0\0\0\0\0\0\0\0\0\0\0\0\0\0\0\0\0\0\0\0\0\0\0\0\0\0\0\0\0\0\0\0\0\0\0\0\0\0\0\0\0\0\0\0\0\0\0\0\0\0\0\0\0\0\0\0\0\0\0\0\0\0\0\0\0\0\0\0\0\0\0\0\0\0\0\0\0\0\0\0\0\0\0\0\0\0\0\0\0\0\0\0\0\0\0\0\0\0\0\0\0\0\0\0\0\0\0\0\0\0\0\0\0\0\0\0\0\0\0\0\0\0\0\0\0\0\0\0\0\0\0\0\0\0\0\0\0\0\0\0\0\0\0\0\0\0\0\0\0\0\0\0\0\0\0\0\0\0\0\0\0\0\0\0\0\0\0\0\0\0\0\0\0\0\0\0\0\0\0\0\0\0\0\0\0\0\0\0\0\0\0\0\0\0\0\0\0\0\0\0\0\0\0\0\0\0\0\0\0\0\0\0\0\0\0\0\0\0\0\0\0\0\0\0\0\0\0\0\0\0\0\0\0\0\0\0\0\0\0\0\0\0\0\0\0\0\0\0\0\0\0\0\0\0\0\0\0\0\0\0\0\0\0\0\0\0\0\0\0\0\0\0\0\0\0\0\0\0\0\0\0\0\0\0\0\0\0\0\0\0\0\0\0\0\0\0\0\0\0\0\0\0\0\0\0\0\0\0\0\0\0\0\0\0\0\0\0\0\0\0\0\0\0\0\0\0\0\0\0\0\0\0\0\0\0\0\0\0\0\0\0\0\0\0\0\0\0\0\0\0\0\0\0\0\0\0\0\0\0\0\0\0\0\0\0\0\0\0\0\0\0\0\0\0\0\0\0\0\0\0\0\0\0\0\0\0\0\0\0\0\0\0\0\0\0\0\0\0\0\0\0\0\0\0\0\0\0\0\0\0\0\0\0\0\0\0\0\0\0\0\0\0\0\0\0\0\0\0\0\0\0\0\0\0\0\0\0\0\0\0\0\0\0\0\0\0\0\0\0\0\0\0\0\0\0\0\0\0\0\0\0\0\0\0\0\0\0\0\0\0\0\0\0\0\0\0\0\0\0\0\0\0\0\0\0\0\0\0\0\0\0\0\0\0\0\0\0\0\0\0\0\0\0\0\0\0\0\0\0\0\0\0\0\0\0\0\0\0\0\0\0\0\0\0\0\0\0\0\0\0\0\0\0\0\0\0\0\0\0\0\0\0\0\0\0\0\0\0\0\0\0\0\0\0\0\0\0\0\0\0\0\0\0\0\0\0\0\0\0\0\0\0\0\0\0\0\0\0\0\0\0\0\0\0\0\0\0\0\0\0\0\0\0\0\0\0\0\0\0\0\0\0\0\0\0\0\0\0\0\0\0\0\0\0\0\0\0\0\0\0\0\0\0\0\0\0\0\0\0\0\0\0\0\0\0\0\0\0\0\0\0\0\0\0\0\0\0\0\0\0\0\0\0\0\0\0\0\0\0\0\0\0\0\0\0\0\0\0\0\0\0\0\0\0\0\0\0\0\0\0\0\0\0\0\0\0\0\0\0\0\0\0\0\0\0\0\0\0\0\0\0\0\0\0\0\0\0\0\0\0\0\0\0\0\0\0\0\0\0\0\0\0\0\0\0\0\0\0\0\0\0\0\0\0\0\0\0\0\0\0\0\0\0\0\0\0\0\0\0\0\0\0\0\0\0\0\0\0\0\0\0\0\0\0\0\0\0\0\0\0\0\0\0\0\0\0\0\0\0\0\0\0\0\0\0\0\0\0\0\0\0\0\0\0\0\0\0\0\0\0\0\0\0\0\0\0\0\0\0\0\0\0\0\0\0\0\0\0\0\0\0\0\0\0\0\0\0\0\0\0\0\0\0\0\0\0\0\0\0\0\0\0\0\0Apple\0iPhone 5\0\0\0\0\0H\0\0\0\0\0\0H\0\0\0Microsoft Windows Photo Viewer 6.2.9200.16384\02014:04:18 00:11:21\0\0\0\0\0\0\0\0>\0\0\0\0\0\0F\"\0\0\0\0\0\0\0\'\0\0\0\0\0\0\0\0\0\0\0\00221\0\0\0\0\0\0N\0\0\0\0\0\0b\0\0\0\0\0\0\n\0\0\0\0\0v\0\0\0\0\0\0~\0\n\0\0\0\0\0\0\0\0\0\0\0\0	\0\0\0\0\0\0\0\n\0\0\0\0\0\0\0\0\0\0\0\0\0\0\0\0\00100\0\0\0\0\0\0\0\0\0\0\0\0\0	\0\0\0\0\0\0\0\0\0\0\0\0\0\0\0\0\0\0\0\0\0\0\0\0\0\0\0\0\0\0\0\0\0\0!\0\0\0\0\0\0\0\0\0\0\0\0\0\0\0\n2\0\0\0\0\0\0\0\0\0\0\0\0\0\0\0\0\0\0\0\0\0\0\0\0\0\0\0\0\0\0\0\0\0\0\0\0\0\0\0\0\0\0\0\0\0\0\0\0\0\0\0\0\0\0\0\0\0\0\0\0\0\0\0\0\0\0\0\0\0\0\0\0\0\0\0\0\0\0\0\0\0\0\0\0\0\0\0\0\0\0\0\0\0\0\0\0\0\0\0\0\0\0\0\0\0\0\0\0\0\0\0\0\0\0\0\0\0\0\0\0\0\0\0\0\0\0\0\0\0\0\0\0\0\0\0\0\0\0\0\0\0\0\0\0\0\0\0\0\0\0\0\0\0\0\0\0\0\0\0\0\0\0\0\0\0\0\0\0\0\0\0\0\0\0\0\0\0\0\0\0\0\0\0\0\0\0\0\0\0\0\0\0\0\0\0\0\0\0\0\0\0\0\0\0\0\0\0\0\0\0\0\0\0\0\0\0\0\0\0\0\0\0\0\0\0\0\0\0\0\0\0\0\0\0\0\0\0\0\0\0\0\0\0\0\0\0\0\0\0\0\0\0\0\0\0\0\0\0\0\0\0\0\0\0\0\0\0\0\0\0\0\0\0\0\0\0\0\0\0\0\0\0\0\0\0\0\0\0\0\0\0\0\0\0\0\0\0\0\0\0\0\0\0\0\0\0\0\0\0\0\0\0\0\0\0\0\0\0\0\0\0\0\0\0\0\0\0\0\0\0\0\0\0\0\0\0\0\0\0\0\0\0\0\0\0\0\0\0\0\0\0\0\0\0\0\0\0\0\0\0\0\0\0\0\0\0\0\0\0\0\0\0\0\0\0\0\0\0\0\0\0\0\0\0\0\0\0\0\0\0\0\0\0\0\0\0\0\0\0\0\0\0\0\0\0\0\0\0\0\0\0\0\0\0\0\0\0\0\0\0\0\0\0\0\0\0\0\0\0\0\0\0\0\0\0\0\0\0\0\0\0\0\0\0\0\0\0\0\0\0\0\0\0\0\0\0\0\0\0\0\0\0\0\0\0\0\0\0\0\0\0\0\0\0\0\0\0\0\0\0\0\0\0\0\0\0\0\0\0\0\0\0\0\0\0\0\0\0\0\0\0\0\0\0\0\0\0\0\0\0\0\0\0\0\0\0\0\0\0\0\0\0\0\0\0\0\0\0\0\0\0\0\0\0\0\0\0\0\0\0\0\0\0\0\0\0\0\0\0\0\0\0\0\0\0\0\0\0\0\0\0\0\0\0\0\0\0\0\0\0\0\0\0\0\0\0\0\0\0\0\0\0\0\0\0\0\0\0\0\0\0\0\0\0\0\0\0\0\0\0\0\0\0\0\0\0\0\0\0\0\0\0\0\0\0\0\0\0\0\0\0\0\0\0\0\0\0\0\0\0\0\0\0\0\0\0\0\0\0\0\0\0\0\0\0\0\0\0\0\0\0\0\0\0\0\0\0\0\0\0\0\0\0\0\0\0\0\0\0\0\0\0\0\0\0\0\0\0\0\0\0\0\0\0\0\0\0\0\0\0\0\0\0\0\0\0\0\0\0\0\0\0\0\0\0\0\0\0\0\0\0\0\0\0\0\0\0\0\0\0\0\0\0\0\0\0\0\0\0\0\0\0\0\0\0\0\0\0\0\0\0\0\0\0\0\0\0\0\0\0\0\0\0\0\0\0\0\0\0\0\0\0\0\0\0\0\0\0\0\0\0\0\0\0\0\0\0\0\0\0\0\0\0\0\0\0\0\0\0\0\0\0\0\0\0\0\0\0\0\0\0\0\0\0\0\0\0\0\0\0\0\0\0\0\0\0\0\0\0\0\0\0\0\0\0\0\0\0\0\0\0\0\0\0\0\0\0\0\0\0\0\0\0\0\0\0\0\0\0\0\0\0\0\0\0\0\0\0\0\0\0\0\0\0\0\0\0\0\0\0\0\0\0\0\0\0\0\0\0\0\0\0\0\0\0\0\0\0\0\0\0\0\0\0\0\0\0\0\0\0\0\0\0\0\0\0\0\0\0\0\0\0\0\0\0\0\0\0\0\0\0\0\0\0\0\0\0\0\0\0\0\0\0\0\0\0\0\0\0\0\0\0\0\0\0\0\0\0\0\0\0\0\0\0\0\0\0\0\0\0\0\0\0\0\0\0\0\0\0\0\0\0\0\0\0\0\0\0\0\0\0\0\0\0\0\0\0\0\0\0\0\0\0\0\0\0\0\0\0\0\0\0\0\0\0\0\0\0\0\0\0\0\0\0\0\0\0\0\0\0\0\0\0\0\0\0\0\0\0\0\0\0\0\0\0\0\0\0\0\0\0\0\0\0\0\0\0\0\0\0\0\0\0\0\0\0\0\0\0\0\0\0\0\0\0\0\0\0\0\0\0\0\0\0\0\0\0\0\0\0\0\0\0\0\0\0\0\0\0\0\0\0\0\0\0\0\0\0\0\0\0\0\0\0\0\0\0\0\0\0\0\0\0\0\0\0\0\0\0\0\0\0\0\0\0\0\0\0\0\0\0\0\0\0\0\0\0\0\0\0\0\0\0\0\0\0\0\0\0\0\0\0\0\0\0\0\0\0\0\0\0\0\0\0\0\0\0\0\0\0\0\0\0\0\0\0\0\0\0\0\0\0\0\0\0\0\0\0\0\0\0\0\0\0\0\0\0\0\0\0\0\0\0\0\0\0\0\0\0\0\0\0\0\0\0\0\0\0\0\0\0\0\0\0\0\0\0\0\0\0\0\0\0\0\0\0\0\0\0\0\0\0\0\0\0\0\0\0\0\0\0\0\0\0\0\0\0\0\0\0\0\0\0\0\0\0\0\0\0\0\0\0\0\0\0\0\0\0\0\0\0\0\0\0\0\0\0\0\0\0\0\0\0\0\0\0\0\0\0\0\0\0\0\0\0\0\0\0\0\0\0\0\0\0\0\0\0\0\0\0\0\0\0\0\0\0\0\0\0\0\0\0\0\0\0\0\0\0\0\0\0\0\0\0\0\0\0\0\0\0\0\0\0\0\0\0\0\0\0\0\0\0\0\0\0\0\0\0\0\0\0\0\0\0\0\0\0\0\0\0\0\0\0\0\0\0\0\0\0\0\0\0\0\0\0\0\0\0\0\0\0\0\0\0\0\0\0\0\0\0\0\0\0\0\0\0\0\0\0\0\0\0\0\0\0\0\0\0\0\0\0\0\0\0\0\0\0\0\0\0\0\0\0\0\0\0\0\0\0\0\0\0\0\0\0\0\0\0\0\0\0\0\0\0\0\0\0\0\0\0\0\0\0\0\0\0\0\0\0\0\0\0\0\0\0\0\0\0\0\0\0\0\0\0\0\0\0\0\0\0\0\0\0\0\0\0\0\0\0\0\0\0\0\0\0\0\0\0\0\0\0\0\0\0\0\0\0\0\0\0\0\0\0\0\0\0\0\0\0\0\0\0\0\0\0\0\0\0\0\0\0\0\0\0\0\0\0\0\0\0\0\0\0\0\0\0\0\0\0\0\0\0\0\0\0\0\0\0\0\0\0\0\0\0\0\0\0\0\0\0\0\0\0\0\0\0\0\0\0\0\0\0\0\0\0\0\0\0\0\0\0\0\0\0\0\0\0\0\0\0\0\0\0\0\0\0\0\0\0\0\0\0\0\0\0\0\0\0\0\0\0\0\0\0\0\0\0\0\0\0\0\0\0\0\0\0\0\0\0\0\0\0\0\0\0\0\0\0\0\0\0\0\0\0\0\0\0\0\0\0\0\0\0\0\0\0\0\0\0\0\0\0\0\0\0\0\0\0\0\0\0\0\0\0\0\0\0\0\0\0\0\0\0\0\0\0\0\0\0\0\0\0\0\0\0\0\0\0\0\0\0\0\0\0\0\0\0\0\0\0\0\0\0\0\0\0\0\0\0\0\0\0\0\0\0\0\0\0\0\0\0\0\0\0\0\0\0\0\0\0\0\0\0\0\0\0\0\0\0\0\0\0\0\0\0\0\0\0\0\0\0\0\0\0\0\0\0\0\0\0\0\0\0\0\0\0\0\0\0\0\0\0\0\0\0\0\0\0\0\0\0\0\0\0\0\0\0\0\0\0\0\0\0\0\0\0\0\0\0\0\0\0\0\0\0\0\0\0\0\0\0\0\0\0\0\0\0\0\0\0\0\0\0\0\0\0\0\0\0\0\0\0\0\0\0\0\0\0\0\0\0\0\0\0\0\0\0\0\0\0\0\0\0\0\0\0\0\0\0\0\0\0\0\0\0\0\0\0\0\0\0\0\0\0\0\0\0\0\0\0\0\0\0\0\0\0\0\0\0\0\0\0\0\0\0\0\0\0\0\0\0\0\0\0\0\0\0\0\0\0\0\0\0\0\0\0\0\0\0\0\0\0\0\0\0\0\0\0\0\0\0\0\0\0\0\0\0\0\0\0\0\0\0\0\0\0\0\0\0\0\0\0\0\0\0\0\0\0\0\0\0\0\0\0\0\0\0\0\0\0\0\0\0\0\0\0\0\0\0\0\0\0\0\0\0\0\0\0\0\0\0\0\0\0\0\0\0\0\0\0\0\0\0\0\0\0\0\0\0\0\0\0\0\0\0\0\0\0\0\0\0\0\0\0\0\0\0\0\0\0\0\0\02013:05:13 09:07:26\02013:05:13 09:07:26\0\0\0\0\0o\0\0\0\0~\0\0O\0\0-5\0\0\0\0\0d_qq\0\0\0\0\0\0\0\0\0\0\Z\0\0\0\0\0\0\0\0\0\0\0\0(\0\0\0\0\0\0\0\0\0\0\0\0\0\0\0\0\0\0\0\0\0\0\0\0\0\0H\0\0\0\0\0\0H\0\0\0\0C\0		\n\r\Z\Z $.\' \",#(7),01444\'9=82<.342\0C			\r\r2!!22222222222222222222222222222222222222222222222222\0\0\0x!\0\0\0\0\0\0\0\0\0\0\0\0	\n\0\0\0\0}\0!1AQa\"q2#BR$3br	\n\Z%&\'()*456789:CDEFGHIJSTUVWXYZcdefghijstuvwxyz\0\0\0\0\0\0\0\0	\n\0\0\0w\0!1AQaq\"2B	#3Rbr\n$4%\Z&\'()*56789:CDEFGHIJSTUVWXYZcdefghijstuvwxyz\0\0\0?\0f$oE\'nr$bGV&\ZގM#ck mJ\02k\Zm3X5ZWΩ$נě@J钳9dga]Ƿrboe\0\Z4JeaJ﹁[XLa/Jv[W{m<IYs^*,ftwhHOr>a]5?Q?]!\'vGs\Z\0+}Ƚ\rYNayLv秥xNs=BSmthxcBiu͗p8S0H%)_.cRZz?|EEi}1HڵG[\\1ƕxh|&hѶD1*acu5c#. _+BKQR10\0sRYbyWed=_ιwc4W:̖J`{\rbqMZL%]k|_O\"DoGTr*IPw}h.OQ<X {\Z]X=ڣGvO@()jyvM<lX?j×Z\\ڝ=i(\r8\Z2pd^];t&ŉɪ7>ec֜x;qŅ?n}(kZj@8,,rWCB#kXF0q4\"=he>[#.mOPtMCUL\0ӱПf<Ui\\.0+lmbe\0Qn@w=\0\0VsVFu{C~J$9<\ZkCw10³w:敌	R5Z,mcȮB-cw	j^2݇qj|9>YԮ̬y5WP֤\'TQ0v-yEQFm<1͍<\'?ĵsO7z)]1v\'\'rm\0\n)VV(\"負d޳c5v/\\:u(elXJ/z9\0	w|\0bҠKPHkgۤjPE*g@GY:VE?(dMV-S=8u\'7~\"*$1OlZ3-\"վܱk+yݎb6+(b!1L0YJ<ы[,@s]8Ft\\D28@\"\0gm?9UxQVGHw2J\ntʮe[tj6D,XsE9JW5cc\'ƺdz21[ʲ\"R\rpK_xmwy7\"<]rzrゼ#A:yc@p\ZGe~mǆeb9o$/W\0Y,vҮnQ;}qX:pl?xVQ78	}Co2}UF\'!9J.-ukeu攚tx8/]A rJCTu=ơN@j{˃$%FOaEpD(GX?=<=n!~k0]]E]|?as)\rT5[RKsk7)3XN[a4bdKgU\\U1uvSV*wQi;1kIߔ^\0=;7\Z+GIMS\\W5\r&I4짺n2-*kjK$u@cڶ49CZ5P?R5I]lp|}j0Suz=8Ɨ8-Jc4-y֫gL\"LWo_µ\'cH[Tk\\\\[2^ Bb:ҾS]H&I{,JI{ZL**ganMN:gچ`\"¾V]߅`\n+hn3[Rs&v?	#(w>˰9u)@\'8z<td2ڵ1]i{\'p(amnqh!RA{=WirG5Q*d\n=EbލVTsi^A;\\1dj\nMVխVbOzbwiH\0nW+Z\'(i6&/OEi\".-Ym#I-2SsdolImmqy\"\n;\0wWKOpu?Zޔ՜ժYXXcB¥t(iQE+x(mQ ,Eli\")\nFWq\r`ݦv7@GyOr	S#/;INKXme[4\\n\']v<]qswOqo.YS\0\\4#bI	\'k.VNcް,B[C$h,I\nlܙle|H6Wrb9\0w)&BVQr>֬@Hʒ`JS,Ջ9ڶL\Z($;Y~լsJ\"۶|I+xBY#m{润[wHD[yL,)OP}k=9Yk-cnJ5xsxbOS%ea9\"nOym\ZԥQ&qkk$uۇ,haWG} ]M=y	V]F	$[ڶZ!hńʍRC\0\rf!r+9UՙzP<OD\\ crߝwW9VRW,3|%	[$-n~ޝ995mh|g+|\'$ˋkCʐ[Mfz#^MMGKf0IR#Mt҆Hf\'>Kh1_aڻ\r1渆/9Q@jaJ\']$]Y\"\0`4(519]B٭_YafCZEB\'+jmh6N{kSI̂s3ǵ9jsi\\{X1X]6$c랕Iic\\~R)3<A{\rϙYB	M\"D@wqo1l[@wN;<X^*7F}5 QƟ,xk_-Mp@vFћu(Ot>TKsΊFr_I,bpt=>T|z[ysnL\0@\rT`Ci#{Z1Z	~,L7Eϣ)S%fCZXܺ7	}kNrGjH09\r[N{MHR]	q?\n+L0cO)BXdOKRKt \0\r._(gŻoU4yn(ʲZ4vaG	nuZv֗Ln$ćfм*km6\0nqƮ\r2Z23*ElI,kv\r<jdgޡ1{=K@&r-aA;v57$|n蘣<Sk4CK%w}\rCuB\nh^HK~֤7qpaT!I:{U7Hy	-,6->ǽ-h6GRMt׎;޾ٯ2f执)H.U\Z]5~\"DH۠-=@tw7M0K;m`\\e=IǷ/-ohك1sqڴ!Me.͙d*pp\05z(\0\n+Fؿū!#N+	(+&Rv5t롧xpIPwSw:hC}EuMZ^dȈ\nzqѸ/?5#Ҋ \Z	>mE$g칵<>k[!Ztw̐Lzǩ9t5 i.}WӬn-82\' yA\\ߗݹ`\'\0xjtsl2(VdXH6;(PsTр=FpXDꑭc<w$BF\"\"k_GpĎp+6Iܷz)\"+e{.G@\0zՆ3X$j]EhBVPy,9WSQȺӡl+<>|\\HJj瞊r9>}c©\'Z^/h.^Y~}J1dV曼y/mY,eFĤ\rhJZ}>h:V2_n+nAjDmG#%.~\0#4$\'JA]IhD_r,kr6[vGqtVTgPm?#YGQHT2bhb9fD|EC|w56XEm ֨G?=F\ran#!|v5cPloburvTgszREkn549>dL\'\0[Qoii\0N]SlaZɧ<?O+T4K	 B	x=jkJ2S_IzZ	9aҺVbv$)\Zjzٴ䈒Y@$抖\ZkM[\r!د-2Ȳ:@tes@\nц<?g>\\n-N>֭^xKvGҳpV:ԺR#c5\ra}Jz/[AŖn\0}u9m~`p{Sz&|\"TZeE&R`Th+\04=i\04Fckt(zuwb$?LL;jX\\ ZE̯5s7K֝BƳF&rI	=W }(;D??\09ghttp://ns.adobe.com/xap/1.0/\0<x:xmpmeta xmlns:x=\"adobe:ns:meta/\" x:xmptk=\"XMP Core 4.4.0\">\r\n	<rdf:RDF xmlns:rdf=\"http://www.w3.org/1999/02/22-rdf-syntax-ns#\">\r\n		<rdf:Description rdf:about=\"\" xmlns:mwg-rs=\"http://www.metadataworkinggroup.com/schemas/regions/\" xmlns:stDim=\"http://ns.adobe.com/xap/1.0/sType/Dimensions#\" xmlns:apple-fi=\"http://ns.apple.com/faceinfo/1.0/\" xmlns:stArea=\"http://ns.adobe.com/xmp/sType/Area#\">\r\n			<mwg-rs:Regions rdf:parseType=\"Resource\">\r\n				<mwg-rs:AppliedToDimensions rdf:parseType=\"Resource\">\r\n					<stDim:w>3264</stDim:w>\r\n					<stDim:h>2448</stDim:h>\r\n					<stDim:unit>pixel</stDim:unit>\r\n				</mwg-rs:AppliedToDimensions>\r\n				<mwg-rs:RegionList>\r\n					<rdf:Bag>\r\n						<rdf:li rdf:parseType=\"Resource\">\r\n							<mwg-rs:Extensions rdf:parseType=\"Resource\">\r\n								<apple-fi:Timestamp>-264753123</apple-fi:Timestamp>\r\n								<apple-fi:ConfidenceLevel>281</apple-fi:ConfidenceLevel>\r\n								<apple-fi:FaceID>12</apple-fi:FaceID>\r\n								<apple-fi:AngleInfoRoll>270</apple-fi:AngleInfoRoll>\r\n							</mwg-rs:Extensions>\r\n							<mwg-rs:Area rdf:parseType=\"Resource\">\r\n								<stArea:y>0.802</stArea:y>\r\n								<stArea:w>0.141</stArea:w>\r\n								<stArea:unit>normalized</stArea:unit>\r\n								<stArea:x>0.342</stArea:x>\r\n								<stArea:h>0.188</stArea:h>\r\n							</mwg-rs:Area>\r\n							<mwg-rs:Type>Face</mwg-rs:Type>\r\n						</rdf:li>\r\n						<rdf:li rdf:parseType=\"Resource\">\r\n							<mwg-rs:Extensions rdf:parseType=\"Resource\">\r\n								<apple-fi:Timestamp>-264753123</apple-fi:Timestamp>\r\n								<apple-fi:FaceID>11</apple-fi:FaceID>\r\n								<apple-fi:ConfidenceLevel>277</apple-fi:ConfidenceLevel>\r\n								<apple-fi:AngleInfoYaw>45</apple-fi:AngleInfoYaw>\r\n								<apple-fi:AngleInfoRoll>270</apple-fi:AngleInfoRoll>\r\n							</mwg-rs:Extensions>\r\n							<mwg-rs:Area rdf:parseType=\"Resource\">\r\n								<stArea:y>0.618</stArea:y>\r\n								<stArea:w>0.159</stArea:w>\r\n								<stArea:unit>normalized</stArea:unit>\r\n								<stArea:x>0.273</stArea:x>\r\n								<stArea:h>0.212</stArea:h>\r\n							</mwg-rs:Area>\r\n							<mwg-rs:Type>Face</mwg-rs:Type>\r\n						</rdf:li>\r\n					</rdf:Bag>\r\n				</mwg-rs:RegionList>\r\n			</mwg-rs:Regions>\r\n		</rdf:Description>\r\n		<rdf:Description xmlns:xmp=\"http://ns.adobe.com/xap/1.0/\"><xmp:CreatorTool>Microsoft Windows Photo Viewer 6.2.9200.16384</xmp:CreatorTool></rdf:Description></rdf:RDF>\r\n</x:xmpmeta>\r\n                                                                                                    \n                                                                                                    \n                                                                                                    \n                                                                                                    \n                                                                                                    \n                                                                                                    \n                                                                                                    \n                                                                                                    \n                                                                                                    \n                                                                                                    \n                                                                                                    \n                                                                                                    \n                                                                                                    \n                                                                                                    \n                                                                                                    \n                                                                                                    \n                                                                                                    \n                                                                                                    \n                                                                                                    \n                                                                                                    \n                                                                                                    \n                                                                                                    \n                                                                                                    \n                                                                                                    \n                                                                                                    \n                                                                                                    \n                                                                                                    \n                                                                                                    \n                                                                                                    \n                                                                                                    \n                                                                                                    \n                                                                                                    \n                                                                                                    \n                                                                                                    \n                                                                                                    \n                                                                                                    \n                                                                                                    \n                                                                                                    \n                                                                                                    \n                                                                                                    \n                                                                                                    \n                                                                                                    \n                                                                                                    \n                                                                                                    \n                                                                                                    \n                                                                                                    \n                                                                                                    \n                                                                                                    \n                                                                                                    \n                                                                                                    \n                                                                                                    \n                                                                                                    \n                                                                                                    \n                                                                                                    \n                                                                                                    \n                                                                                                    \n                                                                                                    \n                                                                                                    \n                                                                                                    \n                                                                                                    \n                                                                                                    \n                                                                                                    \n                                                                                                    \n                                                                                                    \n                                                                                                    \n                                                                                                    \n                                                                                                    \n                                                                                                    \n                                                                                                    \n                                                                                                    \n                                                                                                    \n                                                                                                    \n                                                                                                    \n                                                                                                    \n                                                                                                    \n                                                                                                    \n                                                                                                    \n                                                                                                    \n                                                                                                    \n                                                                                                    \n                                                                                                    \n                                                                                                    \n                                                                                                    \n                                                                                                    \n                                                                                                    \n                                                                                                    \n                                                                                                    \n                                                                                                    \n                                                                                                    \n                                                                                                    \n                                                                                                    \n                                                                                                    \n                                                                                                    \n                                                                                                    \n                                                                                                    \n                                                                                                    \n                                                                                                    \n                                                                                                    \n                                                                                                    \n                                                                                                    \n                                                                                                    \n                                                                                                    \n                                                                                                    \n                                                                                                    \n                                                                                                    \n                                                                                                    \n                                                                                                    \n                                                                                                    \n                                                                                                    \n                                                                                                    \n                                                                                                    \n                                                                                                    \n                                                                                                    \n                                                                                                    \n                                                                                                    \n                                                                                                    \n                                                                                                    \n                                                                                                    \n                                                                                                    \n                                                                                                    \n                                                                                                    \n                                                                   <?xpacket end=\'w\'?>\0C\0		\n\n\n\n		\n\n\n	\0C																																																			\0	\"\0\0\0\0\0\0\0\0\0\0\0\0	\n\0\0\0\0}\0!1AQa\"q2#BR$3br	\n\Z%&\'()*456789:CDEFGHIJSTUVWXYZcdefghijstuvwxyz\0\0\0\0\0\0\0\0	\n\0\0\0w\0!1AQaq\"2B	#3Rbr\n$4%\Z&\'()*56789:CDEFGHIJSTUVWXYZcdefghijstuvwxyz\0\0\0?\0a%|ypGjDbt0L[4;GSQI=ɹ\\|	3:i!@Dn\n9һ)lƸ!礂$7lGZ4J]YRG&؏A.(ö3Un,E\Zܹ:V[%m-3gS0LB%(}Z7z\\4\n9V;I5a~ ^psڣ\\B)R?|Gh+ljm\'C5nG6\\LH5o5ٛ$ʧS	xq9k)Uoq[L;U\'y)I2*܁oglYKeyb|v7|=֧cb̜4VRF%uaHVh]@R5sqw\\FzF|[޳~K#Hak5v]MǾ0O}dSˀQM)_i.WIc=ፄݞO:[\'ޏ_>\0J,Qm>9\'`Q޵zۈN$\0\nY;J>gc_P<s(乴l-oH3XuSXw!\0.xc_X$48hII-}2KC<JǷ?ҿzDremVpʹs֖%sPo>\Z*QN7u<iCm	4Y]n\n5֋iiZ̎[TO!xׇeecSW0jM?b\Z3ߞRS)Q!+oX69<f֙hŭN9\'ҫI{}:ܥ,j,\0Н\rSҋ\"fE>?4Fho-45Qvr!E621ϭk<$7m4,s{q!jV0ۤۖ.IȭiI%bcRN7jjFQOGeOn^[Y[%O\'XS$&\0IR5؛vvfuc\"5;0e3GlѣLDm;{V8nL~Ѳ\'pjYDbVW碴n[ye8c?SIHR<]xVݏb{Fcm5Gln4l8[34$c\0\ZmktmVm2Hdb#Ղf5p0on3:ӠEmyY>*9[7&%c-21\r*!?Jʜbr)ӊZai<9+x˛\\n<bQE19oa\'#k\0=ЕTΪd]K-dUqMsjo慎[6Sn`72Cˢ9gsa6W,c`<FӸִF2ɿx	.m@~{t8Xż;I$$T^(QNsTֳEEU\\\\ۘ0wm2w,w/	,_?SKc3ڠe܁!^Nd)\n\0R;RϱA;e<uK3ccwcSAn`(BנpT܀ȹ\0\riZ(u##Y1Ǳ`)ZIQaΝ^ksƬۆ|Ŵ^1\\Z\\*\\zJ赒c D$6*Ln`}^\ZIneVRGkNfu\Z755kXfڕgiR8ֿ#>J\"%$C8jt+8\"AnBlr:W|T-~?R-eHcީܬSB/{M_9f`{\nf77hѕ8޿4x˙GN|LWLm}=4ʷqAS&0߃TMIr\'$/S]1-ٯ%1n{h<;1Kӡ0$w^E:H珒\Z:=DAªUXJb7E%kwdih&gC	n{	n[t8ZڄN q*TYbIK}<_)5k	%6\07A!τnZ2RA)(=8)b$9%X/\"H#ms~N^J2=9Z+9i\\W8ɴjE-5y&,6c^Ei62^zNXbب=16yzzsKrz;Eʣ>8fXբbF_>xq[JIrwڦWjÒoZ):fTu̾uݻFkEy$;Uvm=Z˺1QGvZH<q]Ny\'&{}I8`3ѽjW#1ҒRIi+ϩUݞhϛ\\`\0Z1HNO<ªnV8mn.pƱr%l0W=̱n\0~Z%[8?ݩTx7w5pCH31)>Qea_]?iH݈sk[y߹}+ߌCxb{;OSֽM Ώi.zk=p9Wϸ(u9p+VЄ\r|;F-7%ֿj1_\'V+ws\'dRvޣ7o늰#lH=tA_z\n7<[\Z-ؒJ؁U_\nl皂&r	oF2Uy7_dm݀߳2`Ficf9k:	=j%tisdQ+mFPߍ}>|dkcjή-\'dW|&2#؟ڧ]M<7\nTߗ*8uV:\\.x.դQƮި3^ܴ!ynU#-iqizMdu=wr~m\"웨xz`GjKQKٲ.|<QI##+?>Ak} \'J|<pݻB B&A#\Z\0HNՎ2Wnsj۵0Z\\f0Q|*;E\0T#$q\\>*<N/9wWq\0-Ҽ?kLtF!{o+DoHڭKBzs38\\fn&b|Or9YN̊+8y\r3^TdmFa)bN5]2gq85e}i0NڙVb8j:@`!@G9oS^h$ʎ0Sb7dYpUs$紏<	ºXL;\"	hߏG\'\"ۘN}\n]BL}ZPѬQ\r7\r3f]i%DlX*F:yoa-d gwKؑ7K&&42m$rBbwouk*$qjcM\"-M<!fYyV.3g,,!p,\\kfZwHȓ{kHhֱ%²oUm;\nGnƚ)ҋXI\0yt.}\0I\"ʹh?XSw*Io\"88yOk<PBIFu\rlN{FN$m:٦OiP3\\\ZҺ8|ºn&\nҐ8~j#$\\$щqCjϼ0QW;MwP\\Z3\\T¦7. rTj{Wku`QD9?4~XĻ7 s}VPU\rsuY6D<kJv稥\ZZZ;[*G翠7^G,=uyEׅ+㷑h/E[0H(\nh/V4|6L޵b)b?jgKh0\Z>}js]WI3/F^g%We	#gp8a <\'Ҝ~kVm*$W!r=ܲ/I{,sNdspiQh\nm\'Gy%R؂r\0:m5?e]Vg+Hj?LԘ喸uyѶbHϥdh+pKv$1JlH-E><:֔Y ?*!A/!oZ(|YFǩ^w:hU,`oa*b)J\\~uc3{SldxՊNP)e	%@/85%.>@\0\'P͕IԚxO,݀}PZݶd{/*ݵ^drlpD\r){#v#tә.O/C<$08=[֞\'\'+;#w\\\0Z4\r8>nc7kLΧv9c[ε֦J=D7nuI$y +!Xz5Ssʩq:U_B.JIAjSA$1_KF&,V])Q	\\NȆD\n#Z}&d{H<n\"+oiy-ʍz⭴D\'yM[P;WH\'D7!*>pzO:rD j|m-Ni6l`yںs!-OIruN^.ax=ݶT>\r\rEks~1UmL.xV\\rLmn>EZ݈L{Ĉ\0џ^\rDKYn=}Yڭ:9uVZ|imk6J6vrJWfޮ	[8f隶Il4mˀIT:Kd~*8f4vs[)YvcJeNj[xro8yH-.ޕ\\ʏURazuRj{{0I:i#<K%َ٥pk[ms$XdSA*1Zr\'\0ҢkTPFpb9U=(||Lԍ<1̊%h^+=,lΑQ#T\'t)VMԗ;[yHs[q,38=ȢdEVx&ՙb{i9Ba]ʿ{Dt9%*; {\n[Y-H*#C~\rB\"\Z\ric G\0zTg)QhwB[#YK%N(UdXӊDI${cN>R;+Yfxc+$R[iZgwo%r@_~#۰#\0`$Q; Ga1&n3]4%jE(N!5օ|O\n\0QQ	g1\0s>vK%F9z]\\eIn汭%2mB$}wgo59i\\c=kda.̎C=6THQdrz9j٬VD#GPb|@B\0Ka:(_t:\\<Nc.cO4A\0gݟ|ӮRx=\0\nʷ,s՗6SiBr[*CvlX\05kI na*̒$6JT\"ќRN具Y&\rӚVL˸ϖzƝ<Ռ3X+ʙina2I	m+#Grr;q֛ʡ\0lctSqu*={֐RR\"z5:jgSet|OCm.ag?tXvBi$Ml%i V*//g)9#?ުys3II#Cgf#mP^<Y;ϵf@!0d67tֶyVHkycrj2!Vak7KA*<:Fb-.3Ǡ0L!}iǵq@NzqForFfU.?E̌\"I\0\Z$|/q@-8+ե^Q\\>6Xd\r7$0:\Z%|Df$k_	]ҟ!$8cQ/h7B:J6M(rK&=C*$aq>ei;@CnX@u)\\m%5+@>7HXw`!2Ldz}RY\0;VŗwB+ǘbB ,r1TZ0auPy[evϒSgyp(On2+xGRIk桍sּ]a\r`OFuoه}%e̬k.kf^,=ER嫅S\0}Vկcb]\0\nON^ZCN[cJ4O͜P>ܺW3\0O(cXϢG\nI櫹?j$7O_gn#$Qxؿ\0]+2pdzgޱZ夰c,qz{3̷wPǵ9\0\Z?\ZͿP;31$k/P@2+LJR.*6^Z.\0hb=%\"_LqYl7Hz\ny\0xWW@+?-#3H9`vm]WPKٵ;#w`\ZnSK9b)I^VCyg\'[wi=qSzkgl6D\';@KwF42\'_WZ||A+\"ʑ_eN+C\rJpFsF{YɌe_t!\0_.fiU0K2P{ښ,ș%EP	hQ1ϰ4<ʴS~-.iPFӾv%\0>v\r	~5;.D_5ǆKȻd>Y][\"2Npַm\\=kΖ\Zʹy9zW7:5ql$UXO\'Ҿ}^MQs$_q_\0\rqM`L dv_\0	\0ߵoËm+KG\'>xeՂ^>PUT\\OB+Y}j[w_=&$\\5xÞ%]zцҌr$0C`|4\0:iX-Lq4v`nOwC|PĉuX\'C<)؎d@VDLqW](ɣF#?*|M\\]i?\rǏ77m:<IM \"KUrIr׺s_?j>mgL-|]Lr<1#E}cC\'{k}?x0[4+C|n\0~\rKg}Iҁ,1c|)ߵg[RG~/E*fn0IKlFCkl<_𥮥4Lэ0r;]ho\Z	ؗC6rLQpDîo#Rq|:y6ې\'\0Gߦ;_c,z7yFIޓܖG\0b/cZ:ţnHr(;7aqz;1Vw?1\0썠ҬI\"g>գ~ߴޝ-ׁc]@$Ƥnla2x<f\Zmi7\0\0dq|F|QgÍKVh.ܹ/#}Ѵ=q6^ǱNJ#v-^]&>lPMs\rt\"T,|\0ֽxoo%zMV[8B$\\Nݏ\'ZRI2yQ0;ZSSF\"Gb&Κ~1߂psȬ1*͐ZUمJ\"a:Ϸkk8 ,wޛ=qykt9 ϽHH䯭\"溛uM|bn1U	ã$zY/%vgc{tڄxYz\n܏\\+\njF\"1p~\05j&Xn4z\nϺwLJ9-9[>rIǡNNq(Ua\0XXBYTDdSչ9n{Wӟ|%o/EHe? V0>&~	ռR%1Jᘼhg1^{c\0	?|Kz/d	$0t⢎JH\Z5d|[nD:7^*\rio0$o|@\'l;ׁ^Ou4	!?S_?Lw4$i\Z8vpWqzG8}rÕt>S%g\'wZzj,PDWGN+ش\0G 5x~9%q\0\r-IBy~XV\0\n	Bڝ2$<lGIs򜒡Bd.z)bw#8Nc$9*Afe(EmG[p(:*SkVS<p(\\a5i\ZQOBC|eFoXJmX7m	1qڶm>̮>ͣ$r.ۘZIUpUYS2;URH43OcN98;3(l֭.sp3k	%1HJ$ y;S2<0Ǳu\\ۇ*$HdG$df.`ͫ\Z-;*\0rNg3Nx^mc>])Jy*#;@=?tŐ0ߐGzKK	g*Oj,WJ&$E988\'A(ZI?\0$Cpʃ bId\0g=5ri-ogH\nRw=DkU(ޫqpf	 FEV\nO=`He \rnYxc\r2.p& uwTxÓrO5VkNGL՛O9!ʶ2	OZ\\$&Wէm/GRY0\n?Ko\'f1Ri\" C5	*w!/\'nVHu9˹i\"Gr|5rFᡊ6Xc#i&re)a\\{U_vQ}TlȆ5ilc\'\0jġVs;˻l\rp]8=#f`φm+ɰ0bX=i\' }\"B@=cSxuF*#}*hx؁i#K8>{!ݼ=nsε2,1¬zQac(h@A=湨΂Ɂ#\'֜W!Bb0JG/F3-1^L=jh\"C1ME	\rz0ٲ\nt;rŤ32/jޤWܵ+ȶs٫ZroYd]x\\\0ℱi|otI+m\Zo!FqS*E	fwx/?Hvy\Zh>SU66\"nmrJ12:DbcZ9!5	#~imk++B=ǧX2\"I\n] \ZܶmPRq5c-YOڦ\r\\Ux$G\\;[ז1[ϓ$\0?[)KNmؙ<uMFyYs\"w#`ýtEw~\ZڔlgZwV7W,{\ndp29\\tK:H `ֻ2Hǒ[^$y$tV~F\0JX|~Ucm(N>k<ĊϠ]tnYI-Ȑm0\nm-BOKu=*6øN=+poeʯ9ⴹtU[hdC1ڌHH|Fꭧ%]zBgmI;{{ZkgK9m\0Ե=QX\n(\n(\n(\",z\Z¹ҠYBϴN\0렦-1[ӫrWs~][Lm<1#IVv@sr\'\0ݞŷ٤L؃c_HJ:dPڬ\"?Ғ!Q׸u08)xQ[\\%Nw>irwWgUP:sHWH$\0HjdrVhgq\"p*ʁɵ:$sSҳ_B~Fh&m[-͸T>SʧnzM:c+2ؑ\0<SCq?5ŭG:>@sY!ؠ95Dl>HyEr:l[wjdB_q]+i,plF\nT%kPʪ;8s9nX<9۟֯[1YTjH*ǙqjY	4`Dn\"t	95ZViϙMXh,ɫR#ë{n+wO,2	\0Ï&ȭܒS#\Z)dIg{xQy?pTw1wI02O;}럗O݅v\r,1#\\`Wұ,-av;qP=khS5eޟEpdcw\":`O_ś\0x6R[,Yx S$*yQ_!Kk;]M&BZ(H;1ׂ:9CsHT⨯ew\rtԥ\'y>uX¾`*sҳ$/K@2}oSRZreUIv\\b{}k	Uȗ{s_)*?Ku!ՙ֗-|ɇs;kkr%q1qNۼjTGd\n;n.\Z8%UaMy\n\'?YO=4n<>*ZBcևnqtz{֍Hҷ?vA\rqy8ӊ7(ʸ$ɻxx,ӂى®ɼwe9CMw}\n2}+Y*;GE$|U֕I9UϵU/i$N^yf>tD\rwy=3%+=P-*#ɶ#֠ˉo.79Xrbwc;mJ$x[&|9n3I̱N)W`x*8ϽV4F\'&eV8*\\u4|g{&\0{y0#RKcY#7\'$g$qEfI?Zoffez}k>h澊%$H{Vʛ^Dڄ=ٰO=keԙEUSfnYg{U?:y5qʲKy6AEE!xMpN;ֱi3s.̫$rpTm9#O<ѻ`Pq޲)\np+֧oKMu2o%\02#FEaPƢW[X|eh]\ZSzFOAOiJWV$,\\SUH#HRTbb|,cM7Y\\+V,0hN{ɾIPK85ɖo*;$1elpvGf!P@SK4]Bv)-Z;y$\07Vj#\01YzQM#vb>jZᕁRx>MYm~mPObZEg+]VOhLg2\'{~[Me~l3ǐ~=U}d};~fąbFOLV3YoHDHŻf10SiG<)#_뭏]Ivg{s	pT]SY۔`dNTưdz5N[c<˷l5^댌>ͨB\"IpZ\\1l Gz̅d\ZiP{\n#Cʉ:**LqJ7\rRﭦHoG\"\"K<Ԕ	!WBZt{5J &\"*D@칭iA.*[Aj|0X{De;ýc{Rڱ|qZbl술DO@;g{5nxsy\n0b4k_3hDƴ#h}Y958E%9vn3>\'[~\0\0ZTP_m5YSiYo^{2YʲqWQqyXU	Ell={2Ψ6A\'t)V52mm{y΢үKI!>bN?)Tl\"L$Tp\'hd\\9Ijo4nhua5LE>\\eGe)1\Z,u3P3OczN94vH`H3R@nw7\"̧бardpUvkc.У$\0դ&fjAII(gު1].zEczhRaGW-M1(qs!E샐kSr惩Y1v?H娞xa|WiO*`Vk+ɼ\"O3xo\\rvHq5.ڙ5牮R{}+>Xի}NNp\'i$e8>\Z*_G;WYuSPcnX|c)/6oۜԋ0+6=6b\Z>QF@u,+.<AOYiG`uS=>zZ	L{~\064I\Z<0#GKI\'Zto!zW7D޺djq!ُ\0zTbkE7	(YDQ\0mZyEOvwدC:0VhWVy{sk\'\\`pr:^&qg$oy῭}B+	/(B}\\<⚖VP$6zgҾ+֑[d67淴n=	cRDW~ٌ~qޭ\'OFrI7kHG,zWWHA^^@=ff%D;[묰 x\n֔\n:<<<\038赕.}3f\"{y^~Wa\0	Uv޴\ZcR\0U[jeMɴq]\'`u#>#a{ho|ULs۵]6Höb펔Ev0,_AySn3Eyn{yo8F8=\nVb_r{.DI6zͼk,%NF{ޜ4\ZyIKßL,Bd!t<Q4)I.y<rsƗtLKn\0\\E嶱mV#<k0Z\'T`{Ԏ\0N9=W\\Q<Pl-L1C_]ne~LdIok>!%\0dӧ	4<2Ìb1rK_&ra۝}+r$K,rGsPxr(N-\"s*ǯҫ6.#N6ZtWVv#$ghqi\0XSvfR	᱑U	?JܸŐvFW`V`:5i9_	]^+rkOf==iNKFRWq[-,Qxz\"ΐ0.́<q@Xm٣Ql1_Q+2 v v5&Iu YPu+^G]79n+Y{դ	mAn\0Mb\Z2;p*ι34G 9Rxz*pۓ\0ڴcdfiiQCplxJ\'dцp?uB=kO\rn  \0w	(18 {}jq+[Ȥ7 ,gZ3,e1\0}kxkgE>kQ$cḍT±]$WD0oj:4N3BvBV-z=\\gY@|y #ПjȆX&\"vYpLl;[S)XIa!^@\no\n[K\Z¦N7.ai>!gDK.5Z뀫mi@ʏP9ui\r%>^[>-e={Www/V%\rl=)o\nʂm!8j.\\cK=nFd}룏ō$6fy7h&8=s[S\Z\\ꮶmˠS!<\\n`y[<_tFe\nHj6jɫg%puj\rw9eŃSѧX3\'\no+.k{ӗl!x\\їϷ*HU-$gv8#57e+dk#ms=&ڄS]ԷloKMBeUYxzlDc_jc~gr%sʬy\0{%\nC\0\n	k7FK}ˌl>sSN?[ l%;\ZtMmdf\';=L^NOC^[wG\Z4|\0>>~	᷷E\'ӹ+\rD$EJ\rVuhD\\!y޾^#ҚI<mֺwVݬP6%!C._@&6u5$zA:E9KY\"yX{ԑH\\\\\"6C1Σ,>Mv.G\"OkQtP25`Uŷd-Z91Vo^ѕ`n֌N;m|`t$zx!\0qHcIBPݻp{ܭzw@z/bFÃV<.ƌ\0|zՖ2T1w3+UK|Չ)\n)uVȫwb az\n͙iƱ)Q:icp6x54$fUFɪby3q;еh[{%0J\0yn!9Aʲ\ZLpʌMn٢}\Z\0iCA4qG\'\rսc見UYf#sV<*\0*$}jQۖ(ǿs[^a>\\35\Z]\nep<5j-Hٺ\"M{DVG9}i@ʎV$mN|x$ZJʒ6́VO;ZxYc\ZY!,\"`?.DZ.~Pݨ,I*wb.7p{(chR\'N\Z0GѻAwTW1t\"f!{ֶj_2_^7+W2nI*O\'zXV6C]tRIf[3[U*]c7P/\"\Z<K!e>Knݎ4ReK[}	1MB/>p@AV4W񨥉.$lc5c^c66ch]u[p\ri^AS^\\@V\'85B0<~caIή$k\"nN7v=f5ִ%uqJ\rdPQ.ܿHU]{\Z\"p֬4fy6>=;Hu$\Z,uY};V0S]GT+$mڑcV$\0;`T:}X6˙DXWsA)\r`g]79\0\nl଑m#?wޮ4ƼR+<Fm#ċPaU&Ѥmۑ(o/`qƴc\'iGmp=j\0~\rbxH8je?뼆ݱJc5$yq=WcQxK|[a{fԮ=e6\0jqYТ[W\"6C+lB9]fbpѐ0\0,8!hwqVK41.=sB 7%Ą@H_sQdHs0nm\0P*Ax\0Tq3\"߀랽EZP%SuD()#PIˣ׵EsuDj3bH(&F;r2Y~O*\')sYipZebC?\'\0׫iYZ\"<j!M_)S)8\ZK6I{|{JֺDaW~UCGgom幃=4wW]ڣi@J\ZG?zȾn~@V!	<YoUKմ(+.b= ~Ŀ\namI4-F-y\'ھՆ9.BfU7(Do87v3\"׃R:3MOGZYmnAr	I\'\n#GE}&?2)knhVX}ILG=G\r}\ZUbT\0Uֱj7s\\$oz.\r5~vn8_\0eυ$.:ėǫ،\ZcMK-JKcaܝ_^-exjUeU:ǡT4ohq4y$r\0wcхΙV7cI0WlE]\r|9gc!]u+,sǞDhÇXiZqvI([ֺOx;k]AXګϥc\r*;\ZEet;=׊G,,^ҿk?>iFmˇ(r`~	\0|aUo\ZėV00^% jbp u{#1\"?O\\~5`_E[N;HSB(y?EW7ڧŧ~4渁%H\0\'Hg	>nڢJc\nz]<u\r>̓[΍#W2iu?sBot\Zfekg0$wVn-F$`_*;]),|p\"*\rBIҰ9-AzV/\066|,n!qi\ZV`~\"9稫XvK:k2:qXdwheŞ5\0bSk/Gޝiz,sUaN3w\0_*-x#2GoE~~f{X\n(\0|Q\nZ|VVDĬa<JRpZSm>)FD`_Jαoハw7R:,q6760kWD\"ܔ9I_w?oSF\rŔIp͜ǭIc\rԓ&<#Vo\ZX\\B9⶚O42\0$ǧYD+EsvЄ^#<xN󮤸FOU5o-=2=IRiM)~_\Zy<WI1]ʠ@jVl@N9GҞ&JI=ϭ5&pՍ3%Y\ZS`[#[@pG*On޽Q-mo2ZeHЏǁyS,	!\Z\\ۋ{\rFau y(8\r~gKM\'N#_|]k|$\'kkenJF>Y9	\'rw`{|VǇnΪV@#_ӗU9<\rgvoYE|\n\' {s<	5moWXWSz>hwZ.W!.zF#\nz3|w\'Ȣ\\od\'DdR9uzH)-Wk-01Uծ#-8\0\ZN:IBYQwa1\"fU`@I;\\D]p{Cz:k`gnGrHxq\Z\Zh,XaZ%0l\n\0V3i7=@kn{};,b`\\ES?Z:-@0u^)mvt\\N9YfB8PsU.XIǭeU-ypRn6+6dmI$è[a4whKPXֳ&tGgZ2^Kp\nyne&;SǦw0KU!\'Lʸnfrtcr$*1ީ&wG~k.v40n%nI{o12n&?2+)#3yg;Zd!u嗎=*yH\rhl}*hqEv9-IF@~Rsڥks,qΊ1#OOf[U${:}+F5WIkIXZ#Z7 =kTHCcRMBA0rs533#Hݫ^n\0U$F%V5l ߜq KFѶ3ץ\\ǹՉ.$c`y`\'/s&Z࿃x3-[5%͚ޤ1u\'K[XlBTߚ0[!7mCĖ`# JΧ$Q[iNFc9HL.C;!kRKE_c٧rWp=kI\Z\0t8=L+yzZpDq^}=kqGm8i[9<ˊF\"M]*\rDYW?w\",9j{hZGA\'	OXvhL\'c5-9_\"6?!j ͩ)rkD#,\0\0B+aAZ~BJ\0{+13,\"mPCʁAetBHUZ1}iSz#05-I<Bg=^fbɷq\\ڰAai>L\0I$RD#GCkڲp@cƲF^z%p_\\Zڴ+yLbfӨHb3=kI$Wnұ,6H/*xb,՘Z5>cr6=cH<Y<=ֹ-\"˞o7%\0sڻ{uʒ\"_vF}0yvXΧJio<[1l@;RmS{QX:lP,(A_Wg|/L+S\nZp##ݷj_,;Cj	\0isҹ21fxHv\0mFt*{ӕw9%OH5QE`SQE((((%ȸ@ 5}gyHX!G9$w+TM~w:v;*Fj,1ăv\\EQhT:Mh<-1}HbO[.e/ָeR7%ErTْv zT-!q W@tb]d$V4OFa&(ۿFk	!bk[2F[AF׊?chw,kj[raFZ8RiDWr<rf;B¹(PM;||ÅsR<\"}ĠKVttD:w3:1=gB\0\nP+7^1>;\\Qc$p}jVKsz-vYEXn[n0}3kdmu\\4M$IQk9+ͣտ$jބ0<\nC#cܱ0ǾGj.fpI(J0({v6+܎c-|ݓOzi1W.jhM0oΊ;C޵e/\\dNvu:uܻFyC+mԎq;~ڿ\Zkj\'<?_G\rXKLE$dקZl|m;FH\"m]r}hԓ}	$<&\\+U$HBqڵ\"LMp\0w5ԋąKJWUt}O]jD29>Tkh[ؘ\n֞\ZxLs@<ީlbD³F03\\$oyM3\n&$ӷ\'&bdmu#R\"^\0?TڝkX\"DHQ]E CumkI=*\rJd_5rFzy~K<,wIbq\ZH;9!š;z/m%]\\z8Ykfqbi]h2w$#{Vu&\"ãm*+RwEC+-eZv܊;[qګi#W_i9.2Bܑ^i|\'FI2(fsSOuokY K}֫\'~GU(ܩ&\\2Kwls5T(ds \0МJΌwps[gA\Z6Qb33#.D-7qa|g7ҫKr[5oEj!Ls	Qz$;C7|SVp}̩#~VmVs0cwO=Y{w0P}*)dVE;5OK)\\ιs.@\'Z\\Z<d)Wy\0`~&y.#\'\n+Μ,۩g<a\\NԖG~Xl:ek}7S1ZKeA~g>ԗ:dB0й\r\0?Z:_ȫڲKx%y\Z|J{Z9Dcq梉ip}jH0ʊXy1?ڣ*d8\\(*Uj4ZX@_Fz\'XA| u\0QfhY\\桐+&Pzִq\'9}^I\0lGTӬ⹽\r7nV.[4ɼpj<B$uT>--l$x&3u\0_62l\r$e@zPjW7qnl^52ݺw=5V.$`u#\'q$Sre-%;\Z2Ȥw$ޣ)ExI]YP,lY<Ð;\n0\\fc\n~|gJdkR~t-TWxhrMoE	Dtk<@dU*r94ؕP	lm$X⩬~dkR6G6I#(͌G<甯L5;D,ΓMV>&0^hU/zόx6$d\n\\2\\M\no\")rIckm/%<nHee\\GO,~~Zڵhyy#ֲi\Zc䨌/wrQx>acQ4.Nds\Z?\'km}3S9RXwY3$I#aY\nw%[	<I^Zt.>{Kl|xao5FOޡR&P%Fbhu$pb~^]!6mE{wód:\0\0\ZHbkqI~\nob.Qۉ.\"[xEXV^J:鋒AU6tAw-\n\ZP0oFfˊBxOM$[xWrmǜ{SF\ZVW\Z-eTXlu^\"/r{<9v!}/ -\n;𧨭c/#l]{<>SFf~WNZouKp&M\'H!tv/~%K얗ʔO\\tYg-Z2[̷|Hw2L`w_Qx<JIR+@;2c_pZʧC>9g,O>v4NVT1bѸthW%5Ado(Rb\\0T!(y5m+%\'\\ۙiG?v1	_+Wz\Z46lwz\0`xvLn_y\ZPNrvz\0U~hi\0O\"\'J\Z/-!m{J>C9\'p;\\V17Vb0>kYJdMׯhnt$nqw+G\'&w٧C3G;ֹmmBf^Xi3ǹFnkoKQp==ʫnGN4vDdDyAkf(ϗ\"|0[޼WQ̾fW<\"c5p2,\0_ZДwi*Mnz啝RZ2ΪCn]K@7s\\!+@PM{hHV%o{0lG#2GF^fѵ\'Y,_z?RzҎQ鏛G&/yuKxck|è=?i6\"m$</OY4 D:ך͛Åȷ،\nw#\0m\Z0j`u%r跩m3N8PjōB$(;kLY̯,)uNFyUvi%VR]E2C1;OPb;Ur{JK$>j2~kԠu*9SMOx~\npc$m\0Zv<]VI3	;\"sʎwkAsO\"ăfo	GQ.q_ں$v)zjGQe	W&@:ה隖D<=)-uT7&RwyE74\'\r!yy7J$}GskzZYHLe)3\rӱN:~U_ϾEd@	\0^	,2m卸sT?iibiR.oGl\0Z*rU.m,L;na\0q\\\"څ@H?+gM&x5;I#w<(m7\nMц+΢ﭖLLwOVE.y<Js4@F{1Hg=kO}epFy^R:Akj-ONwl>QȒ1Kp=mEڭ9.2z֍档]Ii\Z)\0 G`zufyDd}+IDF=zŢo:obTք\Zs.|ng)\0Vygq,ojǻᲺ s5B1<K)nA}뜊+hFw\\o	R1s\r:\\7nJ =ߨ3AYB\'aX>QZgRK`Б~W3b0hpnWe{stnF.ui\"Wy F݅tW!HLbܿp>+\"	17aT䑟tlzVv6}N\'DMϘ\"*	;OһKmJ1YxsO}VEbH[$ieׁǧhS\\yk:q\Ztv$18SJom28O<e2 bg@wxD1\\e-(Itz֜> SZiI-r+^UMz3>ϙ{we$0g2m nos+.?iWp%\rqֽo4bK0Xڿ,\ZnLq\'eRr:qW\\79?ưK2feI=k:O ޸<5\r\Zڳ[E>E #$fT=}$27Ƞr*X(+)\\Sˍo\Z<oi#G|̊;TvƵK\nr@q8(5=oVEڣ3\\\';%Is)v[\Zo|\\.WZݪ64HlĒG#<~5řb*eIVzsO\ZFd}8?[prYXĶ#nIqGHYU!fM{Y)w?(Ei\04>2Ġ1dcWhesIrM޼\nŹ\\FOҥ<R>ב#KuٞM2Ho߂{/!qN+I/	r1{յI |ڳKWzQKwI79\rמbmc4=Ŝa_7Gal-G1ydf4+@``Q;b\nܜk#aӻbkmۏL,lC?^ds ]q+3TK^Be`1W(]bQe0	b\\p@iFsF5ΛX$H$ RG2ΥV;xI*9$ӥѯ/|ȑyUG2a)D,Nҙ!C0%}G]˵1G$dvTRSvm 7=j3ʰ7\\iFaǚ_QȨ71E83:I%a]CZ|Tz`縭9b.xdpzx%]ƋҺ9hPzudy >N8r?ZtpL8|=+:\'.8\\K|=y+VVOjk*a2=?*^Gu0}Fc!\'SBMf=e%X|=1Rʢc]s-)_a[GƋ6K`Y\\H\'HCbNzk%aBQOQj.ۘp8w\0+ƲY\"\"/0ҢI-Ѐz?cUd\'Fr*$5ޭ>tm%̒dgRiT9B*WVSOpe	<8ȱIYpOv9c;ոCh\rվ4m޻P@#۹sjĸYB0#rQSepx{TA#I}!;I<ҒQ<e\r7dHfUF<z^tPDkRb$IUHd#ioުy?06JxG\ZheDhAm*	\ZVE30si&xuI$b1/pF<WVR\\l2gXʂn}?\nm\\\0FPx~U˸feO/l9e(c={\"2:4	 ]Meބzՙb1T-&t7ϭ+kKMM>nTQ³媚Xx\0R-ӓ 9pkU(!aU;H8PyEˢ]H|t$S?!a5WInLOrX6GQSbks³\\D@9$sՑ4I!P#&0-dBXEgyGl\0eg%mh$>]I_>\\Oӱ:z$\'nXbTl b$GzȨPb\n$:ON6bˏQi\" # oVm52Yss]4>RBq*B+a喇;U\'#[<W嶵у9o]%o-֣P(P޶mdAvX.9\0I\'cwFZBF;keEVy\'g@Þu\'VB?WM8$8=F+w:lb>ǌW?+kwE}hF\r{ō7wldkh\Zh	zQZj+߰/gIem?@?>&¾\"%Kig.mevwa8~k,M͢9 qr3,,yc;=O8GZ\\6~G-/3\'.%Z!$/XHL׃j~a,mvAITis8{q1U8<>\"!Ţk^ӮneI;=s2\Zi/R>c0	=r6mMMs5э	9Q?n.<Hǌt=n;W`Ay]E&\"\\\0FFGn:ь[ϗf6yԴ;d$r⫋9y^o5~=im:qk\'x&LӺ>GM-\Zu]CT/rb<g};b%bcge5_}ND`)\0\ZQo44/\"\nl>E\\3{B,@%\\RXAn0anwcɐAGTH#(SWnF:^\"ViF^\0r;-)VyBdgWk\'v=3Z9K[AI{rB<ޤ[o3!\"(on`d\\R<]1w9_SMeHmg8\0nM5v\'AI$ 9ϭjD}H11\0=TL2F\"hh\'i^Ᏻmd,=kykb{txam\rcCnĠdXsqUo3<GNx]hyp!>Z[-vmڪNs_]U$KQx}W~0Q-3\\I,k Pn<# 澓.0Y#yUXͦ}\03oBO7\n\\nv\"IE~-1\0_߲}<k<rm[7;\n~ 7+68֝iMρͩKv=5^@VkC[L\'IPCkƧV<o\nEsN+JϹO$Pctn:CNEuvڜ:;$nU{mֻ1\ZۉMt_rd$pzfڇzl|֝9\']ɜq:n;I\0yZy\r-	*QkJgm#OxD?v*ВH)`kծdR#G\nc\'#]@G	1[_K̎>\\l9jZSoƹxnVm(t6Ȉ8^;W<`4K\\~A*c5$3uݫ=Ab&M̥ˈ?Ҁ 97h\"GQԏCYZ(؄?xu뚆9nZjW\\و8=	![M.)jJ׊)egeAs+,O5mX1]<(Sx8ˀGU?-4Eܟ޶2{*̖f\0uTI~ӑs쵳k	<>6ǰpyJ	Yz=Njg]Y1_ֵ[d	rXoG$3ս1Z2G\"ww^)2*3H[T\n\nxIYN*+#46劓Z*JS H8D7$a*$F<6;#DI#Vg78C?Wde!$0n Jh*\'gvp0T	\0\\;M\\x2HHj3\n	M̉-D|ٺ z{UuI\'X$*a\noz衙T7pjg2Wk8\ZVӤڄ+tsþP]؞?MVH8Æ8MnDa]BD^vn@\\rhE,6k*I`Ccֶm!uX#	\nIu滖3޷Ck\Z,zoSW5cM4$g}+}!taUvR歊j.\nn7u\0[|\0T{?Tk~\nr\02ƌQ̐cm2}f(p2\0Mskͷ1(f%*NڝT+e1)\0WIePq;NvbuXu!WG`V6-?˷#\nuGɷyG}?սb\'?,o#f#m-5M$΂;bNWX!+#NIQ@*2Op{W+$pʬO5rN噙\"rk`0dWq`hޱ;mbUx$nUclU}z^m#Y\001ċ5d]\ZHq\0TvlZ-G%\rf-l\\!uAb`J#]|UMAwz1R2QXEPEPEPEPEP#ZUN(#fYŰ}pk]T&V\r-ëBb N6Aҿ4{{kV1Jv?_pLfN󎧞q;{I*eA>TZּȐ8KziȊA+[LʱcBĶ;栝u\0k]T掊O!1۱9nUwYW=vyv5nx>˽_l;\0\0+]NFIUS)٧io4$u8{}BB$d\0<ZaHbvr9_֫=̜sTHcY\n\rž^٬I&gy`@n>Pymk	*3\'T2v\r#0 {H\0Y C;Uu:n#@:VrOn:UJkUEϓ.2fŦQ>N*\Zdr7l5%nto9LCTd0OA\\Jgm\"D}\0ԶuA\'~67\\E(cVBO2c=o!zEy\Z}̝ ##_>{]<7rڋȍ\';A=׽:;}V`mp>bkX\0\0b{[fKMN}IX\\`{_̏WZ[rg=|\Z;{R&9R#iY~+&	! v}N>HPܜz\Z-,GC\".\\CbY\0M=sSXObN9Q_@`sHɦ\"*hCWZɴ2/;#VGD7\0u#2&;ƹk\\8ٴ/ұ3Oom3dbHoLք,LPgQ;ܤ{q ڥ6^ˏ1ԩby/n| <I5Jy5S,.T9AZr%oFhS8\0R۪SGs@$0[\'֜~ېD\\^^9WS?ޮq<\\F!Yb{*qڛ]ܯb\\/\0]W%!6b#?2<3#5rϙj>KmҨȦtYl~l̷\nn\r^乆8`s]^VBMߘ,eXS2l$z\"ewEy`4Ry$\n3*؈fi[t1X8J%!2	&_4c/ji?4H֪69@k&ݤR&HGr\Z^M\nw?`]yNƮAId8S[bZBY#Ԛ;hܫȸlj@\Z[r1ޕ$02p؅AjgE,%綝YZU >fSZW wPK*lO+vS9GEm\ns֡I	sPjVpGv4RGXu;Rf\'n%ML{8C/\\E,M<k9e\"k˴Gn8Oݧȯf2JGZreӃ5-!5z>}jeuFfrjU\0I#) 5snnvӋn趎r>j$#vFߺ2w֬Ie̮3HhဆC۸NKvyթonOqIͺ9º?~ZJ!YU#+كH,g{C?JR+#9U^I~3ƪvnxFFcDQڭ;Lq=M0ÞzhVhUkMz#d\"PxϭS$yJ\\e܌~_Oʫ]-\0xT4&J6H=ǵO.62uᏧ,6K>_J@wۑ2hAυT!n$I\'P+7`Siq7Ȥr]ٚ( #Hs;TVvgi[p=MO\rI+دǥS{I\Z$5QJH*7\\Vs*!*XkVyfKc\0ZQhbݹ\rӷ\0ť1nU\Zh7Z±hSU\"]A|~ozb̪yʣSzg}䳈vƄmxhH*³$GubuOS>Mb\rVr^9 2Y\rimwimi\ZBy?\n)vYaAZؖRvUAdS/ndoEGi䪪do<{TR[YۙB1bϽz@H<#h~}SO\ZLq}}ڷ64\'$1M.X݆:>N+75]`62B7|+c[uKiW%>n8#0@c&RGbǽ6\0;afV>WƩob- vl0<YruHl\0+͉[W_R0`\'ŎW˺b9юNsھ4쑣#549Qڿ~9C\n>iW,\nr#*EtG`eh7v~πӢbſ:kC$QDLH7m]g\Z[}E\'N@ǥr£)-h#N\"nOsX\nXVSlxONk>f]9,mJ;B`s@7Ή{5k!UCcgӒ?nyKUI.8VV9q2J:\"mrzپlK|Y/+mDFaS?fʕx?>HϵpNl$z]j\rwN--Cw1]䄐\'{\Zo좆Vh\\\'+N{c˯526p+ճیԴbFv\0Pq֍O\'dϧr263)uKu3:)\0NRn\r[ͷ\'K<jџ^xZ7V݆JknsXfrk};Ї9=iY(ʍןuksg,c2NinׇyމyYX<KB dtR;5ZV{#-p\0hoIm\\63׵5t\rJמV\n,q=vN7O9RTjԑ>@Q+ۚƊGLw`uB[\Zo%-i	8EczѢu*$8=F;=Ou!iP\\k0r-cڡYYv-SJ%N0\\-gr~EJoٰ7\ns,KTr=c3ӊ`bu4L@No[Kb.2qѪ7[j$J l˷¹Ly\'%YqTm#}ZFErf.Kg2O<P2<qcSQ!dFīzlY[RrFTuc~FZEAA~qޫ-]N c&~0@F#5+KtD@\\BMsX]4FCYg35\"Vi\r!]\'t~%0nE\0@-w3o#9\'3\Z乆T2H$%Gs ydXFy}NޅqYj6qϓ\'{lww]UW%5|iؘDQwp1i|p[lx?T&mLi$\rSEBs)nAz槊}1VOS]dWAb9:VGܥݵ۬&A8?CW68%BC\ZZiv05@ZXƱiF\n[thq`;r&r3wU*}BvSo@ P?++]#Qȉ<L57/w:htWS0#6Nwǅo\n&<#8$g^?:[էyyaMd:1m]O?og&AaYRL&_D\\^G-*jvw14Ѽ Yv3R9kkfE;Lk^X-_)\0ʺ?Ju	 d2c<S<m\rSnLL^Xar71\'j8\0ַjwn1;#ҼKv\ZF[f>՞}̱,/.1ƯҚLi\Z6)~i`A\ZOyZV7\0,#Զmy;WmGϩEy߅`gy5>Y,d3t^?\Z%Kb5!\'np**\'q{FsnmkL2588>w[)$3Nh37\07һ[N-Bn!WB=WxZ1 -˙^GkynLl.vОIuKyQ\".>x~3rqY\Z$%lL|紴v2C挣o`k6\0S,!].b6=YyL[7a8Pmy~ަE߂] h`;hbqq)6I$YgʬJ+\'HC[A!kkMjTvL*a\0ݻ]\0QrEwm->3赘 ,?<O<,UQM?kg+D3 y}+f	g3pꉆb>ҫPd6^v2-ҹyЩhl<f%,swE˙s=\r`DD.	d¯_O\nylhX4{JwS̨ZG+I>VT(%H\0=i43[yl<&ȫк31>Np}VKb@0G(HM;R3wȪak+S@\\?^ԝ2kݹ\Z6HG5f(nmj{iVX\'G=~}ddI4igb|<0\nSk\nIS971җ}*l*\\xD(u.̙|zb{\\cئ,2D`F:fY]ed(}o9ʫ\'!$#<ސ-}ϑ<\\eo4<Z#ώ];H\0}Qn\nfgoc\0Kgз!=+%o \'tNH9&]NҬh!xw)B9Y;bdFrH;Ԓ}{.u\r9yF+Ox\\qU.+61Eܟy#f&8J,grGr0yRI0y匧ehB3\0Ģ{o A\"5-Ip])r*O4\Zȼxr5<2DNUSx%0ySڟ&ZR>犷#C%}Ny[U$#@ \0ֵc	da.=\rV2lm_B*6ja1;0ypSW-	eU\Z܍OcR$vrV,MJzp/\r;f`p5Uvӣ	=>2;	ɭFIfpos$\0>ziU3gҥJdH$rGoZ늾Q+{Dhy=4xLJ8z~\"etȔ7@&I[w_oƢ8jq#W}YϮ2}w!u7S=vSD0`Qzs13*ֶ̥P̒(Fp=\0!$!}\nӚ(\rڔ3ǠҠ$Xu̘=xMs\'YS0WȇEEC|>c٩բP (w:>nr,N	+HiXmN+>@j`W8;(7;Z#yAfU>3Z@$R\0ɉTK\Zya[ln69`XUKG#j#R4Ґ[nc {eVN_\'njA<_)/0kg;1#E_g<C` eڨĖi(|?\n%8;C\rF6ՠ&nm:ՙe_dlQrU.\"&;\0׭NRcTm=~kuf.LgH)^0))>X &oJ%mcC\Z1FRL.ݘȋz\\Չ7lgA|vkj0&F.z\n4q7SU+i?~]+KI;`n6sԸʓEFCVEiPmX77[vG>@?9di$ZF]\nG}o*NSS~&ij>mΫfhb.4fXW\'VeӍX5\"C&adY6JPr	I$&90>R8\nIacr:NgfsZƞ_ 4S흁5e*<̮b{UF9*Ok^v9;E\0\Z6,Q^qkh\"Uscl>Tn]>R!VCj\ZT3JL|;:U:|pDǻG}vo<J)o3)v8_YV;eJkՏ%Et~)huڡ|i*F&XmwS[fq\0bO,*A~νTi?!BN4Ցy=rHm;?٬+Ti>(jMN(\0/\nN[1TnBy*JdSj^U(I۽M{{/1\0p\rE-:|N:fn/!qFLGiNOZW[N+F7$Fq5v{\"gH|Yr,\n&*HHjk$YSm	j\\鐳G!hǧH?pS8n,?c:EE.nSV\nTu6@K\0d=	\0A<\'BO&X\0\0+@<CiZ}(,uQo\\Zdӊ,h.䯿9eܪkR_[XŕU\n\0@cPsjPҠT\rZ{6P/Z,<\0jmfwWǗ:mɦ,>H\0\"nyaJ\\eX%0^+谜cӒˡf<9/SB.7/S{H5i{XUyӦ\r{&<$%6y]z\\9D`rR)s+<<*Rqz\03ZȫzOLw*n_+\Zn	_66#Ϯkm<vP{c/.\"ݥXِǭ}u+>CXfӚ7eܒ	PQ;E|\r!8kOOK2_2K~(̾]ⲫdEbcV҃>wQY^Y^`PkMi!XMB~$7<AFEiv.kmj3+mQh͹\0s[udp\\8R\0$z>x6gfIu\0\0c=+\0J	g-[nTi\Z׵%$`aּ=^$c@#ooj%խ\'O&Mǌwʫ:;id.$B6:}T]IpI/`؀;rrx\"\'uv#a<qTe_+.={VŒaԸ9$arR<!/]rVU),@M)Tf՝׺u\"銞0?oV\\H\'͊P\0\Z{iAyr3}u*^fEJۚLItu;ؠsTo [#ڮط1̹簭$ru,I,%ujXWrJ>FGn9!O.N!Vޡ$]B0:IsxNr[m\0dVYE.V}JuФ%nҢIu6fݜl{v$\"\\Zdi!fbi|PsԊrZ\ZG$np+a?Ѡt7\0{{,Br#<.{\nێu9Y8D#/>:E}ޛ.es$\'%.8:եx/N?++C+cFΥHK!(KHPepcRegZKK34j:zA1uȋjHdYnU^5n]G`hckbR9aùj47-\0d7vaȮy.CvLr[P>Lx1fYKH6p8ޭXqi#M$Bh|ASЁV`Vև.df;,H&[iLaqՂZ\r4>S?zֱ< 1IH(V2z,q\0Bΐ	N:WXhH;O\0\Z޵wdD߽tS8lFY;W#fҺ$q2|ml$eٜcq*꭮fޱF\0]%s7yA[z~5YDξrit`=uFa!4tJƑI}NmaH7W0N 5V<@7C1燕B*mጱd4c(봷QVc򎃽tc-*H\n^۝ƺ/.)\0VbBbvd[0)\'%}2WuZ+>QEfhQE\0QE\0QE\0QE\0QE\0~[^C i.\Z>6~oZs*͝+\0?՚O7yۂsE4Aq,~E=+ReчOEW(\ncM/U_PXzUXoRńW4v wpU&q4Gv\\-#g_;RgPYpS?=sQd\"A=F;dS${֬MGH%*-C\Z;@\\Jyޥm9-B\r(NY\'VP]Fh	ګ<J#tU^]c[bQݕG9^u[K\"gޛɐ?OCw\r\r吐wFmXѻzZڶZ*zEݤ/%\\qmJi#[P+77(əd@R2:$՝N;hcN˄f8GV~E5{7HU8ԨfElH\"v#\nw2o iKE!+\n^1k$,dWAe#3C(hqD\rEY1jōkϠ\0* rXt6;ץ/fk\Z?Pynl|CF($Uʉlt}>VPG @^MO\\%-lG-\nPzCswc=+QFV?Iع/?\0%$1EoJLxֶoc,p=%iDz4iqV>TTЃ}(?|Zn\\YR=pQ`*gkQvRw:YV1o<,qF>[JHHAKicn[֭]-mၥTXэ&oXNO9/Eoɫ0[	S«]ڔU1Ʋ9BҾ[k{Ib9W>Z+o($|*y!\01NՁcV+y(FP(?ş+*gg$qSW\"TyPzO2[hëbA5N1LӛО!xX(DJ/BL\0/z6he#-tCTL%Likè@N?*F1bL:VG1<|S˥e65̾mU-`Q%`qW{F\0TGk\\&;¼=&[b`٭&gFd89VMw\"ц8cm+hrde%H\0xQ?aũ\0U^fH?˛{{\"50/gGVv\r3SĻ:ɀ[ۺZ85diA9-R>W]8E&M	r\r\\IS!#cR:@eyJǑzLس%7ǎSUXⅣ *lpŉn$e:2(!&o$gR\\\Z3ڬ2-ミJ/JIL)-寔@QM;#lNO֤\0f0JL뜿.f8T};-Y||zVxذF$t7l*ȅZdMx|c\0}rk1i]|wckieNTMr_-O1_][Ds`W\0V$݆q3G5G0Tg~J1}B*jzN)W+F<k*Ks\\F<$\0^2fӃPUcmب\"K-j)ȩ<ç7&c(jh.H\0$$','\0JFIF\0\0`\0`\0\0\0;CREATOR: gd-jpeg v1.0 (using IJG JPEG v80), quality = 95\n\0C\0			\n\n\n\n\n\n	\n\n\n\0C\n\n\n\n\n\n\n\n\n\n\n\n\n\n\n\n\n\n\n\n\n\n\n\n\n\n\n\n\n\n\n\n\n\n\n\n\n\n\n\n\n\n\n\n\n\n\n\n\n\n\n\0\0\0x\"\0\0\0\0\0\0\0\0\0\0\0\0	\n\0\0\0\0}\0!1AQa\"q2#BR$3br	\n\Z%&\'()*456789:CDEFGHIJSTUVWXYZcdefghijstuvwxyz\0\0\0\0\0\0\0\0	\n\0\0\0w\0!1AQaq\"2B	#3Rbr\n$4%\Z&\'()*56789:CDEFGHIJSTUVWXYZcdefghijstuvwxyz\0\0\0?\0R(\\lq⿝Ewsw4Eˉ W~O|񏄮Fx/EY^f	Y?q>|YcA{-^ƝNpρ_[f*Uc8z_M:_\Z?hfwdI.6 \'	 }:~ɺKy;ĊSMۡ`WQ_:uY#`Q;BAB7ucXc9XTo3(]o|g\0֫{.\r$_oq$zB3\rM[83:?\0\0?Oq&焼eeܤffнь-0zM_k]svma{[+l_u+{гD{=2ۍUǩU;@a{k;¿\ZJ}HH%%wķc/OM|w)%J_Qp9qʷ\0 j)N:\"cMVmvGq侴&	bD.IΕj}ک\Z<\Z<i͠O\rxv]=]TVlHd5W㖳qYܷ7\'~W#5Q~\ZGy$e	O\0*oH>v4ւ|\0ƾ(Ό}9%^ncάŶo{,.n[|P{ul\0s	⭃fnw7,,)wH7̪4FmnUW,Oz[h^IzqҾz+pf\0]-v\".I\0Fj:>OōᏲ4KˮNjc1T㺁E}RU!w\0\0M:*->].}o\'+B\rO÷$ST0< q%i5؏{{FyH_TZ_cv3![9vO+{c\'ozژNWQFKSӧHլ\n$9<f:tNhmaW1-\0V\'w3M	P\0Xz}oþBYUӃ_	<y⥎xL3?	$3^/z\r+jCcsmEuH<My498Ǽ+B.OOs?YOh>.}j21<4mۿz\'Dx\"m[N_E\0Iv!Ͼq\n?|Vy48u?&i\ngaa3_\Z>!>,V+}ԡA^>Zbjwx4$ռ7*w\0jY|Ju(0Ic%+X~=}kO|Hx_$U9# ;WW![Q׼3KD0Ix ks?SgFdڅā-XC\0IW@8|qp\rQaK]l:}_Oaߵ֥s?Ҿ[6MH(\0\0?*jOJѿsT`	$#	_ПO]nmä\'?rY9Q\0GSWZ+}k-ʶӃ	ʜ:W㡆%gk*hWR};-uYZtYy]/\nO-ܸQ3ǹgAWMb<}?Z%hjQp0{Oƾ8$M>ڜ>aʤ\n[_Q?.[Eh:дX\06ͦx\'JY{HqxB*9$Evfإ)|\0r$4w~\Zw췤7MWH\\lN0Eb#dHlI\0~?RKuO<W9HW+ˮSO\nS[_Wl5K#Sҵ]>Qͤeh܂<:q_\ZOO%x\0\Zo쿱4۝R6RBI\'$סV:4;},UOS\0I~(|HQ\ZCg5Ȍti%T@*2k0~4x~mCAt\Z֘VON\"a-3\n6w/ɤxM+D`ΐ$d際,4X5oO.)PqI^\nk97GOoܵz\0H~*;O<K;~zğ民fRHkU2Jժ\\N=^K}HA>Ԇ奴5ݸYNyT߲|;1)xK|7{5m=*7Amb;L62p<i/ڝ|YL+?@+UfUǕj\0C#O3_\n2<)ڍ~$aom)<1niwpTVnNs:(=읩\\X>|1}Ev_\r,iz[ʥY@t\0<>3xB6Gl\0kţRniZh[5A7iK=ߙ@>ʺ\roOC}r)Xܺe\Z[Y_r89Ld:1_j`~XZ^mׄ-HVAyS|<0׬& /j0	lY0Og_]\ZJKEg`~OY_C_\"7V2H~&|0%-Ci\0G-/_-REl`5\r\0~+j\Z֟VZcHVCD8b3s+;ZnO&=Jk8!V̪iF龚9jNZk㱳?ҵuJ᢯MN\'m!\0q{38|0|9Ϫ)$\\@c%G]/ĿjcM*)xn3vӋ}uM%ϱgA+3\0_kQ8\ZYV8<4WݣG,BEzbgUC6%;$|DSq9Ɂ_/Wk%6gstwG,w)\0r$}w>\'g2T.IxOO]#uy\Zt5ȢG$lde\' =yR-5s(gfiO\0g/k|Qg&h捗8Sp\\OZt?\nM2y,Y\0&Fr<\0CVN_>תPb5b8fQaOMuՠU\Zh`<	#%=N\rxu:iG	N4t#>3|+kQ-mƺ7i/fe.ŌJ9۞yk|y\r:\ZQ2rK}7WoO=c^gmI\ny rxWT+|&\n5(yRd\"h+휹eMK/Ú6[=V_?7@{OVhGacN~{+о~?~2ǄK8];O^bM*m2̽C20A	>x -Bp12gK@[P7T+uoj{xRQץ@x->k?{_N.tlD{m!N$I~^x	w4_[EE+x}\\0	 \n\'f,Kf{!R@\rrrII?S]XK/P~\0hU^)E_d|Zm}n{qG|+Z$Vwk]\\rJܻgl61+>JFY#WPb5n<vxc3Wо2xWM9/PڮyҎiw_\r\0w1\Zo4`m=jwvG2s^[ZR\Z.u,sI\0|}GAQ^ܾłGnBJB*pwIf))8R0(FЅ xW}t?/>+Mn|aY\Z<wX\0o7ᵹy_W}37_=ђ2,˖<}.>1xQhĭ,;J3kƫtf09#h=@W\'խltc#M>mH{uxg\0`Oo`#OßYvIbB.e0eIVz_ce;g+_KZH-N꒓{#؏7|\'gOWoukɶ9`\0\0\0=+\Zτ|_\rK_ܚG3ȫ9rBrs,\"z_ B>Ev}mRIȿ%Oğ\0G\'zg[Gi1xޗ6WPpDQWvsɯ+o]s㿉oH%\nOho4hTeݸv\0:ҿ7_Y4?O;}/LlW<5.{<W\0g/~~\04gf?hR`ICmSddU}M+Gku}TT1X\ZӝiBIZ-}RZTkݔ3OśǸcܽDsI̪@x/luK߃7?\r4bOX[˛QB&<d/1ΧE]GtryaKk,`<ۃ38>\'z;fWvyZ烻Y*6h>	.{\\ßRkW02piZ|0֯{!͒hA\rm}Аzg:o7ėS̰$dm7\'rdَ1e硝LLcu8-r//d\r\r#ǰU9\0B6}gy0J͌q+/G>n*k|_ᕪ~\Z֙Oq\n0 i pA\'q\0}wx^QI87\rC\r9>gۡ#2h+.tO5Yigkhb#A\0:VYkFm4Ȩ+ZzU\08ꯚެ\Z*Jmn>kT+&xVRvr>\Z+/fgoI\'h;ټƆ؜f~O^wz»AekeMN^;W߳/oi5AynCrNBͿJǺd1Uscqnl\'6 B?_(`ב~\0	,xkK{Kïdm5{k\"Ip\ZW.O;׺.WYt\r/^,\'gw0s-wI4,ybNV\n\r|gt}Kߊ)cZ\0] 018]JkӼAQh&e=OQygQ\'yE}u(Re+Y6;\'Gb9TPi/{wdufM.Y;<Q|N}\'VG\nueڱnYfTvU>]߄0?-;Rltռ!xrӢX!%xtTccG<y\r_h!j(T7_w΅P<\Z5b&8u|Q[ɭGxZ-)+	-J۰e%NpQ^Nz9MgSK[Z:Jnge{nv_3k\ZÑckIz2aS;Uz),R<]fg=UCFH_)(hO͍Hlީo-Bs~]}kģOum\n	1,p[ \n\nXYEw8s):Ӣ_Y]3b-Yɍ0W7oN3++K[&s#\0>6Zy1\0QTPGQ!mnomEqxwA\'$}R攬ݒ<#ѾjZ>dw ;qa9IOƽ6p|Ƽ-5aH2!V#{|QkCpOerֱXw־ǀ4\0S>;}{Jui͏6qP+VK_2*P^}}ux]u!>4P<<e*O?+gx\\l=7E ӡv Ջ9кҧ>%Bmh\0bwU%Lpp68\'Ѿ.x[L񞕦6I/\Z7#2ʠ90\\SxYlX||SXz^xƲgf_5%??a\\U55Mr8Ll_M[^@F?\n7gkgY͊$j\'\0{5K|+n|cю\np}𯌫[W>\0T)S,z/s_^-7^֤W0[㟰αa\nfPqܓG?oOٓoIk<7e,W1#oqmf\0#?\0YF7ZݭQ]vQ㜊Oo<gc@ЧHx,N*	V!]vfXⱴbwC0=Fb$r+|Vzom\ZYh:pJcɹe2y%V.V@\n\n7gĶ\04:u\\^k\rYrYJ:?[oYd<C(Tލ3ECqrHyIG?f>3F&M%tu;W	*n8#i%{՗2<+S4e8t|VMj>k|Oċ-7K-\0=|~u=7\\mMe~V[y`).P\0)nGO\ZOzeƀ| >3xFf;^FdY7a\\#J\Z/͙xYk<JZm-hߙ_e߃>=gd04 sTA=*+-/Ż2ؐ<[7,}=F	+<eG\'|aw6F2\0hܺ۫\0X\n/<f+k[?ik{*xDL0FVNNدi&yNzI:w}:RVR>˩ˀA}F8u1~ξ0f䅽̽N	plk_\05k|=:-!0q	eLB7$6dqdIwπy#d0ǩ*;vȬ^s4i*NRջ>݇ Nu2/]ˠ8em[\\K,3|.)nxa+x~$SP˭(Tv=Bzw=&Жk;L{c<{FoVxeN^Z_W|<!TxIho\\${/٧|8) 1QM]Qe{<Sd\n2qQ^u\\#Uy21ؗzNiG/-->M?S[t7V3:#%O#8<^wSѼ+:{2WRsYg^ACG|	;ֹXn\rq*$0=h[\rW5+]-?˻#>~ʍg:k1T~gz<MKC񍝜աQǔbOn{\0\0bO߭φ2M.##Jv6r#I;9kZӣbu\'ut^p;ʲ|)Uk_Z-=Hs&=;VHԒi0]U샫I>is݈o\'Xgve/\"D[(񴑜c^Tu<o]qiPF#4f+uV\0.s[/Y?^\r-υ~h@aUn¨p$a\0\ZE76/\Z\\+Yxu_NqKKMWKw_]?|~\0)\0	Gtk㔖t60\0x8\\F\0ba+|»o	u-\n=>u[$<!lM19|)s`㍛q_;5oPX}ZAB!WIi呞{SRiitxB}.]Ȉd77__!t];qx\rsׂ	1s4oٮ$+uV<^{r렵U*hsB߹)k,_,	ПLɭ\n0wgW? 5H|gቭ\"2mѐ0Iꣁ׹y|[xTF,V)1&ucەvJ:[i[3Ĥ3!@xmɩK]OK[IQ\Zih\0~;;S³h<FW1L\nO7\094Z=֝iMo&K&*YzAE^9[|EV59qq`H ^sjᔗz!1G_,d!hbx?/ݎyMjs,}$z;/\\\0b$>]՚\0f7>`.߻v\0?.OvoQgC+}m%0n$L9ܤV|׹KjTvz_oFyxk\ZQ|IGqa#E|:5	)j #?3/}@GB~ytY+%sTw5	ki+#\')у9fKGӼQdq޽[WuM7Bmm&2_M\03&z}=+=\"O]cQKkc*I=4\\&OigU4ޣg-Z\ZΧImr.!|6c*?*[ybU|ᯄ>4iD\\ 9by\'W#q]mgm0@QL\'\'~\r70Om4^[8K\0Ov2\0;^薺FErla,ѺJFۂܱ#\"R	mt[]b؉trU$W\ri_|y	|[VӢwHd)DO̤A$dr]-*~Wf[\Z>6FӼXu+45(ȸl1+u$p2NA$ױ7ן,.g\"xb+\\.ÏA$gᮓe^\rOLaw\nnn䑞įk4/9%|<F>џY򾧎2\"!aUߙ4iƕ)[w\rE(m3ͻQE\06N暷j?~\0ۙ%+kWL2yP?ybRh\0j5CioR5O{˱\'5g\0||5ki\r/嗉4-8F\"͊[9c=rw,\ni/<.#?u]t7]խm%EWPr+[DQ]xV[vrO1\0:D	\n}|>\0Pj5yrܚH08*K)c@-\0WZ>\0q|P|F;uf`.:ʓ`0ku9>WvySƥ$Re}Q廸օIglTZ0p9#\"fOv%̓<K=6D67czEy*ʣ?ϱs~z/<e46M3oh1Qp\Z8o|3ǈ5;}STcճ{?4`[i+y(W8^ªst[,PLpE>=*ł.Bӹ]hC\"בpcƾL:bXȸd>E{KTV^hi4i4?.(|$u/^.mg+{h@1~\0QB_\nGAyiFb8v#~0|mo^ŐH0H@G\0^/N>+gDҵ5LGه\'{W,b)Q.U.֟#UGn>aumYsq&-zEѼicu# 7ďg{x5dKCp8_q^[q|;Kׇ}50-z1Ikmrkko6H4׸->(ѮXs#cgr2s_W|EVZ(2\';9+tW#rk<QtS`rp׸ĩ]~gUҦ-c1_u[1sۘ\"?(8ᇠ8<{Q_3\0.|v]@}ق.|Qé=3-<&e(.|\0','307_IMG_0594.JPG','image/jpeg','/../ximages/item/22',2207950,NULL,NULL),(3,28,'\0JFIF\0\0H\0H\0\0\0C\0\n\n\n		\n\Z%\Z# , #&\')*)-0-(0%()(\0C\n\n\n\n(\Z\Z((((((((((((((((((((((((((((((((((((((((((((((((((\0\"\0\0\0\0\0\0\0\0\0\0\0\0\0\0\0\0@\0\0!1AQ\"aq2#BR3$brCS%4\0\0\0\0\0\0\0\0\0\0\0\0\0\07\0\0\0\0!1A\"Qaq2#B3$4CR\0\0\0?\0T֪i䑉rt@ߝbБ 8=cmm(ǼRc{̊@` 1\Z`$ivvR9ۓ߭Tu=X2J[Z=urDѾu{[:A qS2dȴJci֭6^2$!Cr^oekI󒡷OLMRmF$LiՑpSY13\r\"--d\0uR65b,v3Nt)8ތ`ԙm58F#&Rۉ0j	J\0`	Vo\r2#E/B u\0(TX\'`\"s\\s\'x?\\p08UrR1ޘud=q]1\r92Q6\"MIK`DZqV%>;SmPP\n)fcqwYjڶhoQp\"y4\"ǫ`q-95d7$?J\\EX4EScڪ	1,z+oT`u(dj%QF	&t\04;x]uϴPmz@=?j6\'SPqϽz1)\\dJ_Ak6ms]~($CСtƷ;|Z<=SԝˈZ 9ibӑU\0yjP@DOI/6\0\\h@2Ȗ+DK@l\naԹ(BDҥxfeyK)=cq\rD\0:{KͅHZA\'@71IꌹL67((\0RqbB>~(?Mq\"BfXZ	dvr]ׁ]ܖP1C5sd$\\T55b M<[4AP\'=%9RADT9]x7rF#3RT@Gn廍	LUshr({+6d>jc-*Q	?t6_ҹpDu~WiQ$nܤ)ۉMUx+[%18ϵ-ybGI2`$cߚZ_4 9WZ(j[\0FJY4[+		Po3fmJJ]\\!@ LSAfU\Z&9&[,*1BI\0Aat&x<X.oqSi\0M¼/qg?4)LTp,1+\0!k2@<Dϵ*v{j0$9 o^e+/~`#\0q鮭v(~يZH RmI,g%TG3ҋIh\nyRԏ-,NB$\n,ԕurZBLʈss3M;Gz-xBѸtўyS,R`͙eag;R\'d}܄[jkJ w9Y&%8kꌄw5\r)-%#q*~>.2HN!BFGғe+ؙ8%eCOn۲0N> a~G?jQYWV_I\0~	l[@el`&7jFI\0TڣLلBDZ*֠Au]DѺT9?W	\'λQʌ⤱^y`FE=byY;rJdwGʂN2{wRł${4We8V~񇳥 !(@.NI}x#<MTVqjgiV`lǿ4ResR^),9 D^)D {V)Kv?3\"uj d(7.dTdLKWH(9Wĩj\"ZJQ=rkj+h0Ib>U{\0\'47s-W ʲU9VOSFY%\n!%<^\\Y׃ޢe21IȠrAFocp?~)M͊ҳ*Z]0uIoL1ǽV8W(pe6Gj`左7Z cinIAues*mBNUW\0,\'\nɰxB\"&-\"~ڧiĞchVѶ	P3zRl0ؑlJWq1$*03D<6w3zNkw\nTx_qj	\09Nc۳LDމ/$798Y0^81B-sI/hAdrG炣ޗ\'-(Vӣb=X{kKL.@ EZZyRg1[(N(ՠ+P`6A@NI۵$	nc(JATk2JNdպuKxUO\0t:IS%0LuڅPy$s:nI	\'	#hD6&3Ґ@0z0-%iuW\0\0l-9L.!*-U@=\rڞJl]T9H4TVF\n)mAY1TFj\n+M!Si\nQ@8J&_12SgHH/jl[*Q?z^;su)Gbf dbe}\\ǔ95Rm.ۃG-^jt>m\06T$ޔpo&N%_ĺs׷M%r1ڦ_B\nTGV`\'rS[Ic?49.\n\0+U%{H*C1)B$A==zdH=}9,(tK) hD6 \0Db)3RQq HE\0|\n%6,HLT6Tcڒx!#\0	bhʹ\0kUaBO^ÌRf7qyMLdI=Z|;pWɎwтT!Q`}Eu^bVXþј_\nKnR\'Cx-Z$֬\nܼ\'Ev>	)t}I%L=PӌSX	XLZYCi09:zw4f{NR*	sRqC0\"q=&ZpdNNqj\"8\"u_\r%א&JIFn?aYUZZwϊ.ЦY3\'Tn^shVA.!*HUFG0Ng4`~faz>a1#t:82xTL:C! :TTByOI3)cZOjQyuА`@>ݍB!1\'ͨzsh\",cݮެa¤2A9S1\"\"=@5.v`ǉ>+\n<A<Uk#s:\ncpzoۂz2Mm[B31HݪZ92@-$䞱M4\rQ*à%_S[6ZdL=&=.kKҠ94dlT\rQ5%2T s\r8nl[g5$\\q)\n+}\0b8䚼^=B\'QK9	ZSW#IJDޟiZˤ+i:\Z\0;HN`\"\n=W3N{U\"\rroJFVOjb0G=%I\Z:\0&bYE \nT0c\\!-i].۔\"x Gt{RV\"Y ´[uf߂)ݹV©^\ZZ{&:|IBr+haUj7قdzKz4d{Yh)iJ$H޼!$GTP\'5EH^B-FTϵ/``fo	PCLxIz}\\fXcQ\0\0Rْ~iG;<Peח>J$u&3%`Ɍ4:wrLzek#%Ҡ\0ȁ;\ZK5Wt]u(phU^\"J\"mv[6dՕ7ny%$ҫUԂ%d&I)giYCT2mlD1=*hmCF\'qP,yN\0RSOe۩J۶Dbg $>\Z,P(^mZ$3P6J`f}e_B#\n?X*Cl%FzAm%;ՀǂmL	MPחN(	jwJ\0}aH\"sTDE7wo޿_e >\'#\0֬sܪޖ&Eԟ֫bt \'z`WW(!TZIX34 #>*qXq }86@ÿ5+S9gtpH8\0bEe)	=z:d\0\0$hmW=9I	RR\n$bRL`ČZ@Za޲TFNLF\'j\0N~`ؠ\rϤ0#wpt##I˻}\'\r	\0wH\0NU$drOX5R\nCmۀ?Z!<sC2])Y楴HTrx\\0Rpv33\n$u\'ҥJ秷9\"Fs&K`lyhK<A.\re Db&=#ƟZM Eeri}	wPueJB|}+)м1阌ʂڸPG*eqh\rok%y%U{rL6p:\ndI@9KaLDcޖA\'8bT)n6%\nag|.?9;zk(Ѳ9jyTrI?ҩm$ ̎xzi1#9,90h:#!	&$)DZh0AnY@%aP8Q~\"P^h<ӯڔ!c҅a\\Z]m93<t?5VD;bcc:\nQI_5GMN1ӃTG_QH8Yi RBP#vTB@=hy\Zä+W:mI$rgZnh3ګVnJ9\0<gIT1&+<J9<)rҗwEUB`MY0q> /Ҭ	i䲋}	PȞ~*nTRGڜ]\n4f!Oc)^&.mbZ\'O@(TeKP\"y\'^mELI=~kj;AH>$wnQ%>TDSdf@\0=;W1Y\0[\'WPr\n\0wPn<	zmd)So\0NOsMj!d;tE[`nh_[jIOVpBhJYNqr`UυTՐYpRJJI_Q3O.m	H<IbA@+wLwJB\Z7gh*&#k+5D`Xm&	qC[kMiig<p#[TWpeMGj3WcͰuI1$wMm[&fPsYBwĝ+PXҴf텲Q\n(<*#znm][TeoZ/]ݒ/8L\0}M	5ܜ8=R3j)뱏ttM}__ѻfe(VVN2O& )qpY*=ZglÉRB`N`뚾ⶍ_P@D^:\rҙڐ؄:eI$<E[4\Z).L7RN:\nyxcMI]%N(<\'m~Wj0[>?J!ȃi~tB\"\'uNᥖ<N8Nwqn+=i*Jui,E1<L+Z\'RbVky(*Tm4Hrq7I=8IQ$OL-vXO9jqJ7K]Ln<t;t9\"ܘ$$cK.JIK()ĐGO`tYcyJSnMA&`]Fܕ1^\0Ԯn`73\0s?J@١~#1LP%^DK<ҙpc%&Ji!.$:Dh6\"8Yu]ǤZNd=0	Z1n簭sހ@n-PNHS*O嘁`v A_s#wcnzҢprLJސIhXAc-\n\0sT҇^]xԽFT`c5LeZTv8I_%\"pڵ4 ٖl@K<ʖy^PrR@<UOjF?l	@So:wu\r)H 8Kl\n!Q»uL`1[cdm4Ify&U[\' $	W\0!\0tG18*IFVN*[RqqU\"]h7g9+<Mil H#*ᕥ\nN\'iZq	U	.b3ʨ5%B3hH:WwP%+%L36{Ui7$£njoO)ړX&\0&ەS+Kh9\'M*[ڐxOW@8:Hh$=*$v\'QEfY9\n_ؔF{R,\"}};ҡӵ\0񁹉lwXBWUv03WA9\'c5Z-ܑ=U<2ك\0ެ./^-QPH\'HߒIjC(\Z] fx=`gsG\Z@m÷fn:l&C3~*:b[)xJpBP\ruzOBڧpPMsˌIgTC|ǤF!c)$z_INh~wuGw`BG+Nh:غh-V\n*CcǏ\0Ih&Iy@0o`mHCWeq\0*p3YbҔ%8	Q\0Cj)\'QPJ\0j_Pv	Bv5+o%hi6pJSh5ddBW.FUf1P+\"# Ϩ?JԬʿaIjuFbOӷ,$zuiN0h!\0:RrD{Qq;DSZ^s%$uAг*GSY3C%0 F0&?+brJ6DC^8|(Gִvn A.!fm%JSNk\nmIe)[	Z\n1§$(`#*}աԐIqj}{%ʼ$?jԆ~8X\0u5L^+SL;`3[Rb!2?\Zo}%\nR@*<\0u20(\r.[)(&{zsKZ=:#jUt%wF𣁴*2$6*y0I^郀#`|U>W0:r}CrxO\"۟y5;GT<B(H34vvwE;F\0,(\\Dmյ)]JAf~\\X}ڙ?)U9Ue=Iޤ,Dfxź\\|̧3Nz%c	RԴR)=;R6IRJ$۹n| H3Iq)qd=fRR6$Z0-.Rd(\0#<I!1$OG%YLAt<ǵLLޫ\Z=i~ZW\0p8bj+oiIJd+>ǿJLMjRe8\'b͖.QL	QVPTANbr#p2WOizL^*℩d!7bJi!ݧv4\r@	I}1H^y-$\'\'[9JJe;ys\'i}[Gj\ri)_T쨨B-,9r%4VhBdH|\Z^D\'sWEkNm*u2@;Mu-c+jI:ֺؒxQY[l@5 lByڔ\Zg/Ve,^Q3s\ZҮ\Z!^FaW$\\RfO$wz}Sj`Xݺ/O5SLV\0uV%?n;L{3PdW2>es,~@V2<<whSnUJ֔h@ŭ,.3+Z]!R	=霉[nb9\n2~Ѽ?{d\"EsdӶs4B~̯hqHH&\01RW+ju5Qj=<{Uv^Zgޭ\Z\"vvBV.>b\0 2z. $p͕9zަ`P󒤝]!?NZ^Iڽ%{l@EuvF^|ZsVG:}~x\0ӇA8(rABt㚅d8=-<PoLĈ4Kҡ߭b\rR=Vͭfƣ`Jwex]mb-QYP#؃pTJTHPuE9oz_+\0j\\j8E)p\0#4{ڀ<Vq$A!5GxV\\(ə9Q ox\'h)WԶ!+Q֓TmBr}nTsܫOj*IڃHA-$$Q\'(&GH!9S\0ڋ03+[JS1ǵDHl\ZùL{\n}0{pdv!\'w\r&qRĀV80&n\0nNd\n`b8$;\09C\"B$Sojvܠ8=Loocpo|cHVt\0sjI	#{S>p	.y]#ɜZ2nBq1s޸\\YMmnLs\0J{׹e\n\0DKqp`d׭yW-qHv;ˋuTӫdHҺӎ%\nz&rjǂJq_ũ[eA*$Q>zK%JZ0%cZ}](BF\"f_-Эc&ܱrݻV(F\"GƼih2TR	Z-mZUA3n5g\'0Hf\'ᄧI\'?5VQ.X$ՒG\nApNO?\0=25H dGz7i>9\'[q*GC&iu	J$2~JVҏӒJn#U-,\09_ZQlWJ9[T9j\nFf\rm*ky=\0\0&mi0{QWU2Gy9Q	9GNԎˍu,3O`Am^@Ո!,]oD$bx81e\';7IH?C]q*ZI<}M4t`A8>-0dB\0կR9\nNj-@m+|\n9Q	R6HHjsXc;nhI7h)ȂOAߵ8n* چ`5#fi0S?\'4*YuE7	B%$T_@m˯3n1)~])9C~F:L⟡:I$ȕ;}Bwd}<HH\'p	\0(s1.Ȍd(x:Ng K$V	Lj`o- Jcᶖ\n:*\Z\0E!l4ےD6Dq\r:^jvT#C/#0OSncBPJD@#}ꨏHC;	~3\"^R6{\n5{Av#?ZxV\Z\nomq)p\'<^xj1l5Y-LRwNAI*9\05rռ1\0.t[WR0RXւa``#=m@8b8437	-m\033=	[_\0tKV\r:D\'=c6\\uPvB$|PX,@nHBnx$];s>_UY[GhZ`0Zyi }\0\r\0\\\0?N  8ҠR*ȏV{BHr*U]O$ĵ%Mv9 GOňX{qs\0Y^Gl#N;TJDi+-#E Dv4;rGȩ\rB1҃L?&>(L]x-ҏW@0fdX=X<D\00ҼiPu$T}=}P\'\n#&f:jܙ=\"jH8v@Fb`hRxzrkMLz@qBRkM*\0hhR$d䟌Ցs;b+We8cZ F`Ro\Zv<Asp\'{%) @\"ڠ5KaEq.\"nNp\0+Ң`W@\'tG+ecKn iP}&<OMld\0$fj\rHQRmH^\0`$!ܾd0XRJtG S8B!Ή̏~(6Xkkd#R-{sS$CFIR̓MnmhYZeIY\0	>&I\nfl	ęI\ritP=H={{t)Ü~QF6A\0NqZx p0gqw9o~ճ@|w i\rOW7̻ujl`Jl\'\0ż]hZ,J6C	A1׫LE!=Kϸfg#8̼\'ox]R+12@5\'N{3Q^^!8&I%I!$䚕L8-;cdBzufR*9?Wgڹm;$gÇʔ/VsPKNRI >3/[NN)~(X)Qa\'i+q!nLb^7+;WpodM\nP\Zp$O5p69<ߤLNo^Z<Djb<3>o$|PaERF+)s	Im-[mJ1h	O+ԥ1\'{z3n	_Xi[\0XmmVpkj}ՃI[稨p\0(CͦTZy#nis-2=#ZEt-$(6AI?Q.t=XN:N=I Ah=\'?ZQ* Iښĩ`wPg\0sZ\ZdK9.QgR˂rIN	Uҫ~)2Lf}昳U\0}$TO)9h(nV;@1f{UE9N1)Mi/)19zUѴhԶ\0d޸URWӑ0j\0 0=}*d/qD\Z$JT?Ų!$RA9i_[j2TBX%$NEXmIZwSl	&\\[W)\0O>MPt<K/ni6%:t곺_(q	P\Z^D[\0G>*W\r0\ZܞA>\0<0\'Q[$Ɨ:\n漷}7`z8)=pi&W8==<m*$*rAȓOdgy#ɥ/=:00W%TDs993#lI3{V;+|ħ@>\Zj}by\'пB?X+	H&y>dv~50~9\rFI0D3Pm;G޵dO@082zgVġ$\'Քva6!]\"DXfa}TԹ$?JÆTUb@0APҥNO+.W*VA=q:\\/QXQ#XIy<Bs\":&	?SSIORS++)z+Bdůy\0;̺Vޠ<3	ZĬ?C<Jp}gd{\n۲S1DNLb0zy06=#qa  JH	* \0&h)#wY| mi b0:w&:8F|J$P\Z\'ڠarNq۸ jUz	Ǹ\Ze\n`~أ[2Fa#{&lU|\ndxE%\0M/󒥸#$\0H[HM9L!nmWQFhV7/ۜQ}ŵnyՕgOA]K8\0V67\rڱR\0cg[OMI\'i,|l*$fѮRZVOY~k*\"VQ#LA𵽊UZ7ghE\0drq=&hun*\0=3$7Kg2Ϧ5hmA1Lڕ1z\\Z@nUU.TotQyQN:˽݅DqE5bŸJ&UoCvvy<\Z 2OaC$bzµ=x$ zݐ`sՉD 4H¥DKUd]&顽[R;L|e~@HJ8edJJ)D]!mtO,e[YM\0qnғ\\U&$W\0e}_޹TiIWZ­0ݒ}$akCh@H8i\nAFNAO3ޅZA+X=d:T=OzYs{`Is]-@LTCP&:~԰%4ܤȀO֓?u-K\'zMYep$b1IIRRq>:(Ȃ 2u:+xP7A*.2+ޥվ\\EFF1<q<?27@*T}Xte\'${ի΢=pf9\r\'nE|`5pF3ަųzi@I\0ԣn1>i	Qv&f5K{=%ץ(I8c8u_)JmoԄ꟨zZk\Z[XU8aFdw`ڊI\nJ) vX[~pXt=53?pV\'FvjFua\nd?jIjNz[q UMa(SHg>\r5=}#ui=GLT	rGAGGIk͆&h<xOMP5TjbRH\0F`GҠ1`FOG)jA;T!IJc95#WL92\0 x\0g5$\'Zr\'p+PHĈ[4#AW	H|VA J A})Ӓ GJ\"%PH	ԆPH\rϨ\0A9$2\n}6LR$@2}ҐnP\nI)$G*=*UFd\n@D\"{J@sZK0vn=iޱݦ Iqs>0xSh\01ʕ;Ag~J:r9;~hE!V̒ \0@3H\0\ZyAO/bd\'=TևiG0vO+H?N~xiyp6dC+K[;JJpA#j{!w8[ %@zt2ZN\n0ܖЃ*w(Kd%![ȑ)K-zBA>$Y;UY/N$\Z\\/=!7-7/ Ne`NFha`:]|I  [.jAʔTr`NH-+\0I91ZZTN73ކrRv[*	HAʏ{CZ0k9\0o%v̑-m秜i(*	%`H@I!(称h|ĚT\n\nq\0d~յ,\0/)ZZЫ{Ў68IPTHʂ߄\0@\'i;3׫J[sbSNsZ4zڴ.I9&dUGHL~\0bG~1M¡%G8o)XL5N1vNaaBϿZl\rrBcJ $&<m[RZ@e@$Vp=-©&qU	.e!-8JB@NqA!A=L0\0BZK<G޾\0ͷVIǚ@ pEtt@u!${W=^54n3IGJ݀v^U$ޫmڋ 0I\"\"*NTGzF8d}Tm\\BѴzv.ak`JPdI9kE>#,Xq3Y2\ZN\"}eDV	=+(Oa\'nnP<6V@THk\'i$X?,KHs;y4+8s.:n.*?Cҝ<c=Sr3&J*;C0̍I\nT҄Ocb(YLfq[ўNOzBJE[%ħԟPja\"ItAk\r~\rQsFe,^s*&,4N*nyatQb}V$O<s\nhΒ{]T̔)9=;,#ىo4\06?Q]$nm7Jp (=ǭ\0z/iXt{|*\nZhQ\nABG e\Zm\Zv?k4X=GWfk[QQW#yv}0Ѯ}Belw85n/6g/46$֓	>{ pcӮ\Z[^Sp!CiCȼ* PT dj<WK}fUghxM>;W^&Fዋ{\'^ 7[:{rl55ZJCmm:ʇE%Ă#GP+t;wzq@nn\n#bM@mR&+й~힣:FmԼekwC>Wַz/z\\iaĔI}\'ߵoXZh:uI \0I.UVP%j g4ҦpФӏŵx\0\'qTlIXu?0ּm[^e?Zoc8f\0uk+za?dMhLPW\0;\0wtN\0jK\01E!I)#w\'އԜO@8UD	Y =GnխJH\0I\'=#ozUۙ1Sp핻lm On&~)e`q}vUEBC\'a¼BVQmJ\0?J#\\y{pIBր!<ǹ]뎗U)TWs׷4^?uWZ@Elj	O;\0A2ު\\j͒XVNcAwݛ7l|5mhJ\'qP\0y?u~L=Z h8qQKn ߐڛ**)BR%|@WɈ-/ڳ7A\n\0\nso5y%\\\\jA)I F\0\rEۗ_`Xط. \'+XĒP	:0p%R*y\r@B<p[lR2N	{\Zj鮠جnp\0RG|~jf啯WYp,`*@TPj#ͱ7~>i,\0.\nA?rZZjХ,@	R(?S=UUwZvvJh*o	&sYeIe#&8|?yk;<	a[\04\rr ?P*<O)J\'$7\0rh27nlI{ttY/cimm9ȊL3;\"*!n9\0]ڱJʖ2`pm/xIg`R먿irܵ$\0҇7eOw&@ NF8)r?8\\2\nrQRgal->Me(њjmILR7@N;bT(J{<P=OAB\034Sniv7\nWUAMJT[p	$޸Ìs*j5[5\'lRZ	9RH	tKI2}Gߵi\rI;NOuvu*?HӶ@<G.8.uL%@Q%)A6\"`\'hrz4\"m\0ʏAJ|L͂[E#xgrZ\0$>NbLvKu;j\0&`1HV֖Ł)~8X={TM8ڮ(mt6?CAmU33TFO8\'5mPr\n7Yм1f힝@fpi6@9>Ԛ4\0:y#:4yޓeF1o-笍a @qhLd݄z\nZͨ	U7ZD&I8zݦGP3YW =Lz߰ޝ[xQr}JJIPJçu}	gs:ׁMiLGu,)KgjN?^!PO&\\*v(>rq\0W+p\rGqR-^i v\\lTLu=%פP\"`qj$FmJ?֖6׿IlCɓk[ICI#g+@t	\'4ݥ`w(*3Ҡgbģ(T\0&PeZZG?ҼwIt5\0L{EHv$:{g~וd@\'\"VQJB̏KҞ&OX⺾F7\nJA vLg^\nPÉ]mؤ:Oc57Qk٨ŕʿ\0\00#72ZpXc\Z<Z,>BII 2=+j:nκ+Tm.^ktTڃ\0^߷˧X~F;`kr{X#\"A֔BFGz\Z]|9-DNOm:ܔsQk>\nlAPQx=&~h=FC6H)}QrI\ZJL޼!U (G\\fj0>ZX(# |PWIi`v&fdmlɀy\\xܱfާ		EratŀRPr$jL9Z^^p5zQaI? ;u@J	$&b8)+6k}Wzͣ,	rPɚ:IfT@I{8	=΁kvChOIS^\\xL^i:ϔGGRADn_\\ɂSx\Zh\r_8N&v@mZRXnpO}5Ǘ\032nIϴWm썣2edĨs<P6ךz)PݬL,_&ig:5mAonBn֓>D[n\\v^R$*\0!d&0\',MFXiVZ:Ͳˆe\rgz@gxKnor*)	^\0@x/GZQSwJFq\0\nP@0T#ޫmhg9zq2Bh&1**lxRI\'\rNͣv\Zrl-SZ\\V @z4	Wa%2@DxAglm\'F9i:-琘҄t\0ChϺvG&>1l#W[**K-(8IԃГf!\0!@Hꥂ.Z͋uRÛ\n@-@@v.ӧH(c\n㏘n]/< q~*;]/K5$)EpgSks>]6K%ywM3r !!,I2=\'4˖Zmu#]3»R`\0\\lg@45ˁF	3p,spf\r>@q!$.I#~;a\\BDEA)L\0	vn]kDKa\n\nWfRfy8M-K\0>=:.{V-Rm$cou6B6A\';A=M\Zߚ\ZODA*?=e)ĸe\0ԪGߎbl31ȸid,-G3P#Ue!@7ҴfQiwH	DZms!9G \n\0|TWAQ\0\0y[ƚܸҤ{GzE\0TvNFԦ8Uk:HL㤶RTZ*Q\'zSbZ@*3GÀ12z@Y^Y}dk\ZqĒ`.\n1*wvzM0?0(p@x\Zikl\'N|V?Sy>6xLuIAUP\rr;ҪC-	f*H\ramْOÞ]D*\ZNmbSl u\0cn|V1TFD{Rk+h\"}TjSVilylHmn\'9V!\nQQ\'4u\r=\0D$ȍGHԔ;PE.vmei!)+EIcXH)HTj@uٹc(W rې	VmDT{tl@&GpDaD*	Ȩ4۠Afz@bbz\n,D=H;>`oYn+qJSsďPtI9\'lWn[6;%	dXAU=*tV߸HO܎R@\"ZeA(\"~k;4G<֜DA0!wݸ%gHsb)fjSr#1KJOa\\Kݸ+S=AVҩ2AȜ\0u_x@fZBJX*	QnMsFγc0_Þ+zTa^յ{{W:-voGhp>Tq]VR(Wu[<90Gxoi]Ь?1=Z؏V])Pۤ:P~!Ux,#Kzihii=Gi/.ʊ\\\"\nmi+[#!	H4x֭Fۇg[\ZG9\ZVv\\uW#n)0GCK?\'D(nI>6I,đhET!Vk:}w	RkK`\rNH\rʁ3Ɨ#0l>T(&ԛBRW(!R2i%;Ku< \'U8+!+0k #G83Yv~]R\'8?0oz.\0v;7\"[Ph6\0&\"ұC\rѽ#3ZK/MJ\0VM\\ZiJRJDF1fIaqM<Ƀ\njzw()\nK@׎Gv1¯˜}t#`瀠|Nu[^RVB\"\":Q|\n6`%O;r`qh\r˹\\.	=DPmPw`=˘[><阝E7EkN}M)UDE//nuz:GV6SRGݙ4?ObmmJ*x^G$PICiA	 zVS6ZsDLƙ\r>jQ;LJKKg+gzTXw3äUh\n\ZXL(CvJRuIv`P\'r=VhHO^-j \r)%y\0x}P%l)NVxE?qNDfq?̸rO?SP̶(eb&]qHKITJ{V\rh@*~b.:($Vuf@¦p!p$ZFw-S =4FWwz0#*&w]Ҍ)@2׭~+Ӭe\nO.fN֥[l67&$Omՠ_p]@\0ڜ\"\r$l ?34+KIϤ>hVz+.qG똛*P)\ny\')*AmKV(#@FD_[un)\"Rgm	;\0\n9H^GI^+LӋc&TOD;Tv%_IzQoSa֛q[	h\n.ҙv^[m ޫt>,F\'! etZ@iKRDۃChVNH7ޱo`JY^DUČp:w]Ih)$pFAdzk\noM\07~Х3nBV9h}[2‑*\Z$II	\'!N-J)Kh_8iUv\"C#GJ)\'ޥi\0 ;R0(JI8\"sӥ0	V;x5d/0\"\":jFT]ITP隟KAN`)=b=PgXď\'h+2I\"dcqqի1*ɷۨH¿ՋS`ZӘQUm<3pcy_MS;+;NgJa D+UZ1@&bbl$&@qZI\'p\r	2c<.@}VV\n󬞝8c,\\j0L{W=EnMejP0 K6eJKjڣ@8$S\\?5SӒKR~Zw[nO#G&	8IdMLe$Iz&JIq޸\0zDuS\'ʂ2=f(\nI`$Kx@RT$!%3֥/nmH=D`\0Lm\"DYI3وM$;pA&F3HLUN1\0P3՚;fne=#A-.ͅW@\Z1)&qD-R[xDqf>c}:+TRRCiҦ?:	1h5+0^c\r~Mn\\pGpH=Am.BGxK۹ڏġ\rcw!3:\0sN?O%%QԥQ3If3СT=?$S`hYьw\n\04&^} \0	\0rl6m68J\0WlcŸ_N$m>{9QU~)r)39Zr:HDiv}-ɓXv-v61\"BGm>qҼY(SB0Em|\083z7+(I+8>;]rJw`(@?Z6%MIHOTkVwJq,JLq5ALkI@ceB-FD?ZFrurTa2D@|RV㠝QК7{ּ+T- z$}L.WulRtZ43\rECPTXh9ێ\0[̸ƬBZ\n}(Ki	27oz|~ - 	@$ ҙ??ny=kPzv3s%-o,D$\\TO- (cZEN5o-`\'\'߹r?($ͱؓ\r#aR峝|S \0~ˍcNK6,,\'	 SU߈[ڑxև:~s>ckQ;gj{z2H;u$;Qe/;q)Y;7$ILw~ڢ`	=#-N!;yh)oq>ZIm[~\rfgW6e\Z[TRfAPJ&7ʷH6LDO21Cjhڃ[RvvG?Sp}\06&;UmY䅭iZ\\sҐBi|$hS\0w+0z/nZen8v?ڢӋ::\0R@~)^CA`>Ջz6-I+$q(\rG6S֤2BPڀ\0udi!0$ysXj6Hqd&PYY`ޞ$Tv1$dwD^PJ=!\nqRި3Ҫˠ\01$fy&Pd\".72&9YYtߜ\\Fu=9bJ\0PQ)e[a:	iG\0qI4WKqF(L1UCZB@f-Uب\0N)Ĳ7(\"cUe:SML^jOݵt⋋\nHX+&L}3KN0R Uz6P$;\0x6HJpyZr\\c\07)ڏQ$Q@NN\0\0`|h\r!%M	HCMp#rNfU1ڋ0*&3nS$ך%\0\0$x$}\"%^B1%3=}*\'ѹJ\\lH\nk#~QCn5N ɓ%KuTg=`+t%>[,p% PHNdv88HSH!ǁ+e0ۉPvN\0v,1g7F[?	¢pJʏSS!uO+G_ڢjm9	^LRuy%(R#4<npsmfբzUvpW@4,	en$#\\Qgk@Hs\Z*y u摱j.b\'=\rUS]_$3YV$lKsYؕ5	O3=)`iǷ4Z[|n~)Do CLq]lB	9?*o3KJ]Jd闈u@P^(JeDº`]4䫑ꍄ/%(PEz	T:o!OC9r9<Fj2xF+]	?zxUQeŔ@VćӰyq?-5Vqm%.@z;qsG@WUܥL\ZÁә`Nc\0޲ȶ!z\0Q9\n(3gz۰pAIOI\0w$eמ>).6q)B9i+4?^Ey\0U=?nĞx]ڪ|\ZV,w$&Si]Ś[ݶP؈\0RO:筵O_J5eTl/08+xe\r1r{|`5Kf_s$,UQoH2{҂7ؐ\nPfjU)ZU\nʙ_{N>RA+a>bi\npHi f@#Cvjg\0>lG֋XD;<`Kgw\0)R(\\lA\nJq@uFԃ2q[{@$*VP \0yKhR1 Gae^1ss.nJ)\r)TL%CbTF j\nًݷJqP=)q!-ie02aT	jzyn[mvNUgJ<ghۀ2z㼞.5xSihI*13֣̊5]\\&Ĭ_$ïmkei\nS$6G$;R^|4ARir@$\0?z}j	RKih}瞵PJ3E\r,j\0ƢYӠ+_\ru\n\r\nH {Qk\0>YV\0OIHZ\"˸d7  FM3vvz.̐L	Q]fH^ۑ{dv7-+WhN	\"cV?)VIH) SzR}녅I	]2K(YZL$)&x3ޔ\\==?5ZAcI.SfOYIޅC7m(n%M	S&)vk7A2PHzxd\0$\"Dw_aCnV\0,X(H;\0\0\n\n\rKcͺ¥ `NW쟳xp\\YټmֶӼ\0}|XI\n2ÂZ[}ڂR\\?7{(ZR;B@*gzGܹl;917o}n[Vlo>r;HvTThRqM6P畐?18SZ.RIOq\n0$\nDxM\\\\\\Ɩ\0;c@pYHi7YĖ\0\nCMl*@0HEf5km+p	2[R{D׎>\\u$`IAgޣ%H>=>Z\nn##7֡7%\n\"~JH$^/-ZDPR7>;6=y\0TNѸƬRQ%˅2JVS7\"b\n]	Q9?;no:Ja;\0p:XRQjx8[QJLcVm5\0Z3\0N<h\nP)ܢH\n9%}HJ d{V GYfms̹-˻Z^yÐ?(šnQ ;zXCd\ZL$8Vs.I&Y@۝NK̒<,#XԤHg>}hC+S!!0JLG%m_~[2wfwHm $%YB\0h) ,@׊.2Rʐ)*W)}Π._I\r8([Iz*zrGϏQkg|IyMN`\n){Z)	1#FiNBNGr*Q0R\"ҁL+BZ\0dNNI5Zi812yzr@*aA8\\/͒TUdǥPWj/Bj-,H+p/rLsZ>.w]~mcDRqJY+ G1)YJ֤IR&Fz,_3$ #z(u>APVdfqy<)_+/Ek<\r\0>C	Yk*n+Z\Zl\'zEskiÐ\\Nqa[-uJR38op(c]y{tJSjP;Oߥ26.<L穤_ROQW FhZڕP3m<Kލ1!GdKRA>+o\0A0=+%FAmBO1#Z6ȑQfqa0@Q>TTa-_\0lpHosdY)0qdUE5,8z}x)ws 8Uմf\0=nN\06A\Z~ak+.6@\nG$`RG\n_\0j??}g\0~b9l0Ȉ:э)n0cЯhsz@\0h4\'RĦ(vxbRۑp~bw6[sOi=@\"]%7{T8;g&hCydopy/ۨ|؃ОKu̸0}C<RJO~\'浰CEMm)2N~8$;V0U	8dv-&yY=քyBL(v4*ɏOzΤ\'r\\gy-\rnI<psR%@A	d)dNd\'&}y$\n3ژOCc(r%3wB yBJU O_u-_Q\0lzEnT8@<AqjfHml8[MRBOȃ=!4@ЈATd9k[aeg0>;l\rY11zرv衇,)Q\0\0h\0})f.1xˈ\"O;k{E[HI4úM[]Y9v?A8U9+7-TҜ*<M[_b\\CmP\ZB! c\0ԒߙpD$NO[*H}	SJl\"wt9}+/swzsA7T#*q=6[g&?|T]SI=\0(%S/֥ON8\0v\"qQu?	TU<PYU_Su(@^IY%ФP*Vm)\0 ${\ZڍWc~!i0b;\Zn(qve* p~cUh]f\"]OZ6ƚ\n[q	/7-I +SSZeQ䒗\rx\0	jHtkYh66AJP\"sJէ.9pgjʛBKpG\'wj6UX+n\"ܼ(D*=h%Uۄp]*+C	\\<zH)qnG}=i]ݩHVOTcA&0&wY[\r[27.&b;jcwzŶڈ!Q<҄Pݳ1+\0\ng=>\\Ԯ_d-v0<T#􊂡v#XK>F~\nJN$6nZeYR	[L~֡\\28܇Ij%=<qކumjmPpO(z}q4\\{VTA\0bMInRON&&hm|;m -$\"zqA7upȌOTʂ:ޠ9 vugèUn-Le#t\\]!a$J\0\0ͦ\0g\\ygq.WatW44iL8ݼ1w⊊)D#V_VLڴ*؀Sh}+څ8mp=Iu<r{}j=VmCs~{KgX+mơ	$G@*--zӗv})Ui\n)Ro,@G\0pO=GYF:εpXnOS\0,s3J*H=b,Ir|%)#q\'?Ƞ\Zqj(HK*	5&-n*r\"c&\0q\n2GץWZBz$q4f/tQ	2eK@	$9JZN;pP{\Zŏ-;IUv	]LZW)m\n)$(LMxpAPyGhʐ$L9RBR>\\62~Dh%(*P\0N+MR_jj&8DC!\\4ڿh&Mܡ}^U6)v\0&pw9=GڠpMx޽hEw\'4;ue:P#\r1ӒRqۓARh*;y޶2γq,̥\nzqߖR#4Vd1>6EGק|mExwOi/?HY]7xS^p)*;A<ӂs_\rkە\0~iYH\rqP#\">܈WD]50}DI9>O++PiNCtfq@ÙKh2:ΰD)1}*XH*l]9E8Fxm6@\'ӽ\0H_-T~+C`ҧZd,fs\0S|B6LN	l3A)zRU\\@D \0z4;$%	\'*f#$b\"T%0_^mJPU*@V;AX-5Ŭ`=e?ޘ]ZpHGy`T۵\0՞oIZw/oGV|e}[\'jW6͛[֏r\\{!_-:Cky*ېPz/IZɥc\0&ӶW!_e.Z>ғ P3ڛh h+ry 꼷OdcT%L:溍Fj&״b(gp8?DSEbZ./jH$z!U=CN[A4UaI dFPRy$R9]\0 p}ǑG8lSJJN$F*/j7N#z\\\r-Tȅ=($(Njw\\yh7qZt-{{giC,{|^-e١M6DDC=>7ZhfݔU%D#\'Ӻ!R \0;j]s1	$\\FwT-XD Ε&Ӝ+F.qZX^]-\Z}iN	5{v%B98-k4-\0MѴC,I@Sj\';C$~yh($L|ji$q㎱Me`) g$\ZC^0iOv#s}jtAw늬j	}D(\0/9?ٖ[u45lS	\\:BF?SNmІ%!)\0:v5:o\ZBAR=(n	1<OVC,yph$ˊ&LڥF8ki7!U68THs.,\nH3rrG[x:JI9<)y.y\rVVɎSkcoNWf#rt1\0ryP?Pa`\0#h4̩R0cUM<ORR\nAXDbzf;z%+;ZL->8qܝm\n֨XT\Z	[N-n8\nBPL}Xp(K˴ڡ>Skʂ]\n@\n3֗ۖ m&y-HpBS z;koUb@ʊB?ɈYlքRI	P 	\"\\_zVO`DO&)wsM^\nhvuA\'hA>ZY؇.Zʶ+=ynpڒ\r PNNbPOT(@n|6`~b:yo@!_ϵDJ\0x\n94Pg>JrJ[nm\rD?5idԛKH2==)&Ʒt[\nÉ$Miejҝ\r\r$Ɲ>֔p%~.	T\0\0oޮm@HɈ ڂ$1Y~߅Z4i#iGut{mŬ8^~ڒ`\'4VƙbGV\')d>NO$@o5\'Ԕ\\P;p{$TvfX }{̰C\\)Wܥӕ)HO@{|m$?Ő\0\'	HA\0Kj..xmU7sqob0q|PK-mca8O;yf*\\	9T`ooޡJܥ @L\rtn!(B#k:Q	JV	<~j6:gcclND#\0fȚ%&A$jဦBT (y!H!\' v=(G\\ȭ\nAn?lm%	uMqTsU>aEHWQ*ہ~4ѭEW6Ϋ\0u淼/X<^Oq۷<ߏ,tp;\0Y8:ߥjJ`&+m-8AW<\\y]$?iqjP?Ԝe;\ZM%1f:҂Fjʢ[$YM}v!dϼ~]G4 $Ήq,I\n)C:&yk9KRpzC`w$0FG ֊\0HҼeJH+޹.2m,rȦՃVDc\0J1nS%xkJq)O\\o(`?`[?<f:W5e5\n9><DҘ	+LmpV	\'+h4BB5qҵuۺ)^\0j)+ND&JtmntuLq=e1ұJ%Z(\n}皙$wA[\0+{ˤZ(cTCMo+s@֢$e\">A\0mB㰓JQypre\'\"3h\Z[Wr+*Hl!c*&mQB|WT>KvퟅA$jΖ+8#>k?[vSY+b͟k|Fnӌ?Cjk<ځX\0Oi愼1#q<B.]JH$$s޹\09҇FjI\0h?Jp)lR\0a Oǵ,y\Zygc	0H&z\n\Z\rgP̽<L;j$u>ͫM\0$$AҧBΨO6GARjnADH r28!áe8#lĚt[eqڔ\0n^\Ze4hS[J\nVbM_\08EX/J`IA}kqu\rY[;*PIN&=1޵6V|DXVrgu?Ќu &H@		pEX,]#AS?(H\01H<1J=\'V[\\1@R3|IP9\0dP+	ץ\\ZJ*QE[J o,VϴU;n\\pK8	q$aWIa)ay\n̏oju\r\"?m,<=cRI}g7LK0p0Xa\0F7JeջHvPO8=X^,2Ԁ eF~i?\0,JmBckǰ12BRAmV=7w)q%w.q8*cPee)a%ҨH㊵i48Y\'j[2{rl޸C<(.`8\'4<\rQlۅ 9Iޮג֒ФIY> ώCm5ҕ[dJyL0}\0O\nKv݇OX\0?Y{nm3yH{l@Bd=LJս׸JR:U\Zx-Dz	j@3l\"`=N]\'ʆZa{6\0˭G!!e&?^EDJe`Ǣq Z:t0ۯ\\ wr(vRx#EDz6L)+ۛGa!=~ޤ5xnH~jz;!`NOO҈,[ޘIښ\')}xy@SJqL%9LCH;RtަYeL8PJ\nHQ$y[b&VS)	|>{-LFvLxMۮ%7	K)L¢=\'EI	0?ZNu774ߒVTS?4w\r)vl\0 7k>QӴV5h^JPL@$j\"/.H\'\"]Mٸ$n?LBҐ=\\K5aFsRgvL5V,828)TnXoIބ2E4J6D\r# МEZNRѶ s5|z) n+/rHȞsN䷭r!%*QiJTc{T\0sIY[	K (G|4:lr=Ȋm$.@\0Cҗd>%(m9juD($D<P\nm\02+i*yj䫞2k>qmn??/1Kh\'?RԤ\'ýny0`\0Jۭ)\0>kl!o`sa$aUsU	c0pHڙSӿZ\ZMwP?4ڨQ\' ˕%*w\"CQ\0\0t\\O\\	-?Ԣ?58-q)\n~W~-s8ZzJ:*)[n!Cx?S7u \\JBNZ뚒u&ahھAsTQcOQ\n\'\Z9Ym9Sj1ZN@Ș5-mAG PHKۭRrre8Gl\'\n\"y)/x(ڨx4[^\"gڙx8c/>Ւʅx\'@XܟROq>iX2B]BVGs4Og)1$f\r!EqGLjupaեC\n&úˏض@3m@zSC6Q`hN~ӁJt)j\ZPB`rl{^\"P2բI v\n?5b}vkWbմ*[do	hRH-G&3SA\0cgQKk=o$I)hJQNMIeNg	H۠+Ko7dO<\n\\ӖR)\\4dumigWFIXJ]~r7ʆ\'&m2A^1LVQ\0PEvĠB>sYd9_FpH9No\n% v}nU\0&\0ϵr\\;t[>Y]bۄ7\0iC\nhڴ}Ա\0@^$cڝ^\0ʤ#4m~sh\0:4d7dG?~sWή{+\0#i2ڸ{,ӎ7߈/-4BP${\Zk|ŻOIIT:fe.lī[]b녴olPI!&[0!\0CJ\"nݩJRANLG\0PV	|鰧_vz\"uĹBnwN$	u(\n=#x(/k\\y\nkjN	t(aJ-[oWJHpZ{\n\0y{\\#J=say/;}pm7(IDH\\5^(vEۆ#t=(\\t?$|?J)u%D&R|Ң^l \r\"!Ԕڨ`=\ntzEUA	߯R9,`[h(F@L\0qLe\n$G*5%4Jw;XZ6bIJA;vWsq\0u\rm[v\0Y\"*\0\rLPV7׷y*X\0q.-NwDe0@\Zg90ZN;f*Jqn0w)0qϿ3Uc\0bٛg\\M^\\	B8\"e۹V\0*J\\sQF}ohSt\"HhݹP\"_ڛ)\nҍA8KrR	?{%Tjs!Es$|3o4]m1&z<lNA7Nj]Om˷\r/k\nJc57W4ԕP	_).jcp;};?t#\0ՑY޴U嶤ڙY|PHJvj``\ngr͹Cm%ksL@@*\nBJIEN7&F:f}mTᝨNV⑖.uwx@0z$$Rt`@N<i>e\r\ZT-<\nP$\0Rk$hII	 `ܣ?_h?_8-խE9AY紘4Ķ	 i^m)	Uy\0\"\rĄ0qRH?\\ۭM\nmJI0wڏ%ۓSG\'P	0C(2R>jr03Gw-GRСu\n\"i`kNp92n	(p8@%)cՑL1OV6/H92\r *7QKoh	>lFAONQu^ZHHku}x~xΖn\r_AP14>`yo2I+-2#yZ{b15 }]~i[-m g1\n!U:VRxw6!Tm=n6nai?Jn\'ܬu{K\0TvϦ I\ZzMVmj!5!{@qD^afmh4)4k\n\0JkW7.)8RHR5X|6eq2*&\"m\r17\nBqo~vS-K;Gj}`Ywr*Bk}m*WvyR\03WSjYP&@}Û%Yq\n:t1k:JNnՁ==-M	HB<׺+2\'n09cfX[#՞[uR7=IOLA!$sծJUv6ZP\"*ulE# &v嶢ʌ\'JV^|x{3k=i`LĉY	ބkzE\0VKyipHPךY\n ,$6sf\0/\rC?Aq!w}.V\0{]9S)#EYT܀R,GAg_צkOGt7}\nֱǌ~Pb޴Uz	, )D\'j$hmzV]\0R$BR3漱:OF,\0EGBHRĈQI&dz d}\rUpby?J7Nkq)XHҎYa҇e{an 2amH&w	ҘuEm_J~el-6	ɟڏyͪ[V`Bs@Pb(KOum	BjUi[Rq.Rl TH\'\0NR	Z?Pź)$Ai9++cی|\0P,g}~q΋KvἩ\0o!	;I\Zh%<@~Oxh/Nc6-*PATf8dQ66qE1@LqVYll۽BݶZA<6:PueUiW%ZW#:Fiw.l*[%XHJT$OI9S<`cIJ!vih8R.7%J!d&fanr65Uݲ\r;J0`}bV}d$IHw(u??b taTt.RssSxVNf/|r\n$Jv#Gw4lDϧ)zs*0T,%\"\'1[*KHS(mK M-	RJAB,ټYeńZOɦ\0b܃wNssMT I8SuEv*B#ޚ[kvmi$J#A\rTӨ\0RR[*!\nw|!p\'j?jrջ͊2<{T-!BHTsJcOyiB@-\'xA?ktQIU_5i;A)UOMByBH\'ޜv7N@D%\0%wVSq`\0rDf+ĵ4}fA&0\'DY[%\"0B`%so1\'bUBĴ912i\'uoۮZp>,))<\nS咃Ӡ)oX2*3唁Gg~\'4Jv2W9 )c`noeJR|֮eȹ\r(*v!M\"d\0qގe@j5\"ѽN,=đZ-/z6A\0E\'VH\"3ˀrݲМkstնp%㔌3\0Y{h<1)[2۩܃bzI92Q[\rY\0vJFsN-\\A>3@ DSl;sOӭ;md	z;V\0oIK!%*X+imj+\nN>baR&ozQ;bL?H5\'a{\0(\0Q.ȝL)7klr#w.JaA@ ѥU#\0-%D0LW:fn<)sڂ	h\r6enoWN:ⴸp&g`EmޙB󙏸R?NRyЏވ|\0qm23Eܕ92\rRd{T, Ik*<בGyYvn}II\"zs]=jխiPgk7fEafs/]T˜4m5s][/	R\0IA3nZ<\0XS#4mN&p:t_90?x\ZY )AǊCqp	d3ޗ;(+6!b!.\nd34?̪nP\\F7\rzp\'և5WY\"j/s+iON\'J`$}M>i>S<9.K/2 u#n9=xELw\"8.ʂC֝1>ɂ5\\I2FGaFR5Eca1n;\0qiB\r19߰]Q, ye\0҈%8?Y\\/{	Tyʐ䟊Z(Cd}\0Y-ug\ne8=lɔ$\r\nqrV}G?ҝ\\DRf6K.3a&BI+ݧtoH8Ae$8tjaD[ۃjU*\'qguOTWl{9`X۔cpݣD\0[NZ4J$eSߚKgjUrDhc\02\0iZ4)he\\)\'5BR}{n-ۡrVVP3ӭ;S\0v̺R34N~WԬZ[o0U}	t-d<1z_\0eZJI2sg*ěu/\'r.JVZR)V`$?ZnmBޭḧ́(m\ndY֓~ͮdӁ\\\nSkxRi-z=uI1C\n]<<{^KX`LO5v\rTe>RR1m1f\rnR+鏄U-)cgZ|FIՖn\n$8\0nSlsw	Rr>ZZ56$;nuD(~QMwns-w\0y䂬FGsBXj[kU+[2L)>)ז-Y-[\\I؎AA.<0>G3X=\\08-$ CwLI\r~\n\np Y`V]$-\n$q83Plr2pbR\0O\r=+!*\rZQI(gmmDZe3eIvR\nI9ByWn[o\0/V?. t4H@	o҈ϸiz+Ȅ14]۔87\\ډVtf0_	YI檟+\0) \rKn桧-\'OuB`B3#-5DROn]l%ĒHq*kdvVR`nJf;/Z!.8e))u.p0\rT2Rsqz-^si3!IRd\0S|S#խK}}b$ӡ;FZ	R0:Lu\0eL8P+<E#LC-\ZB7H-&N:\"@ZBhK&	qAղHIRa#X\0)\nI٠:wYqgԝ`gW\"[-!˖ .nJD[J<8)PRwqP7}~pT+yd@+{t;҅)(8ulrvLpq\"oWoZ>vQ>AjI&\n ?nhtzC)թbTH@ v2S%;[iDLXS#mĕap2yZ$׌c^4A\0{Q)VYjijzbV>${PR}\'0)g1q=Uo?z%j\'n?8I$4DȒ9?:Pnr\'ZV6luܼ[P=hBRǿ4>JT&O \0 ~ƨ3uBҒ9N:g3S(] }t%Uc҇q_ǵAPq!J)e/raCʦ|!\Z<_Pd$\"bRd̊Q\\R\n\0hlt-`g9@])+-kd*oAX!\'qAk\r3,Q3֮z+Ze7>&u!eX&y<RÆDy>QNU}*-.`nh9=S[Z\"2U{X#nmx૓Ԅ\Zu nDn\0\"LyVFqNLXa_ҫW\ZEowt<P8q/)q+Fڣn܎B!K䌙A)@ʝ3	PMh|ݛe4ߛjn\0\\WGj7i\0=N[g*(\0\rHpzOEXw7	(d4ڮJv#	)M/H\n	[ISM wVBC,0\0I\'<62%\rhgX\n:.v\0zOסP,\0bhEJ_y\'̽rSO?>ni71]ߕJUxC_)C\n	; ~𭾋l/\0\Z*V|Q$;ֶ6D~/i5ڰ۲?@>RxFNH[lÆ TZzT}[֚}:\nTfF Wmz	}ũi*#$[.\"Y>I\\͐;{P\ZhL:WZZ_CB#ߊ60.PIONi)\0G*q)<sRc2O54҃6mi&H<r\0Mկ53)/<[E}JJn:P<>R+!֟xfI]i݅oXy*B33Pܥ.ɾҙK_LGߴ[nRC8ܸL.^[A֪sfT`C187O%D\0NHǷ&kMimz䟓SjOi<Xlo\0.x\\NnL\r\'m%.);ȫyܭBz3Nld`\0?\0SrXzU\r:KgSQ.W$RUăЊVf\r!~IЊ>~G@Gc \\h8Ÿ8lu`ڕ;sސЮNK	xZ%A[Jiԗ8;`QImAozV^NVF>{]\no6;;uxV!]\"܏Skfa\n6}ޭ~w?뤭w\0Kks\"HݎE)29Ԣ!#q\ZNq@9#0-9$*V9jh u#ziLA\n2\rK^tKj&%;M۵$э!\\I1ҴI)*A2En.r	OT OXR[\nR\n~GR3>nJB[qH+TNW$Y\"\'m%il~1q)o,w瘲R@iޣ@鯸IK8)P)DAB\\Q%#ҵdj[v_r]N)̩#88i~*ZSt\n$6c+vXD&z-u~Pm IOy)I\n8bh>[E݊F\'[sl*a\n{ET틶/Z\\\0ae&pH=5oA@WT-,}*L!6ʒII:R	~,/w<`܎d~kp{3C62edS	IګiľTvX֕k--nRP\rnxy=vs37đN\0Yip+P܏E ڑlpPHHQ+A	Nxbgxqsҕ^ַzj%$G	| ̊\" VLQ6`wLM\r\n˓Ex\\i\nIO@HRN	:|󘽵\'hLs}(m(S!A+%]!+=jonKjX\0\0%\'KQ,p(gN+Q*JNԖvKjy]t$Uâ~!\\>FI==fnѼ\0֬: \'D}%X;/*$35`ifvf@̓\0*|N0% 0F3UL\'y`n?z؂G[i\"\n=\0HP[(P`uW.,@N#1ҩe\"Jz0oil%V\'SڈӖ=\r!~\0tԔDւ`1(e%vj޲Ĕ(Wj@ޑ\Z*RRvnzskers1\\+KP%OP}R{OSoҢGz*;OJIac\r\0ǫ2yM.C%Jj.Jy-[n6IȭD)Ʌٶ\rV(WmXG-06ҹ)*[taiG	;5Ft=!J*R%#}T=Q~ëOä?nz	R\r^Weq|2Bܣ|S}vmJ\ZH\"Tͭ$\0A2U5}yT򥺨=+WJl~?	,WM>͗o۷B_yNPoFd<sK)!i>?z@˙96Q%EhHX@RN\0OjTޒB$HJֵdzOVn0X8[p\n%GPY6C) Q\0@V p%_j-ͱ~pNDR߳}+Ig1RA$ҕ\0*H+TwcnaGV֡!O+cnKMH\n@\'×,_i\rư4@Kr\nqדS (}McڜT0\0\'\ZR/4-NH$GJ5wNZв`C~ǭ_-+D{CB]\\4ū][[P	VH2QQ]8稑VTi]_^i\rp-I}ҘT0?KdRTTIdϽVukR;kjX-^*$`^ZjcΐVwRUcpIWm_A>$4v.@MAP<ަS\ZiO\"%?S81JilS&1K6(w\Z[JQR(1f\nU>oPlϫǗw7`?\\i`op.2g0Em>ZJTӵmbMޙNKCФǙI!HJS(tmR9vn1}79BQnA)\r@V&a8#&zU$<A{R	\nHi-Mv*[N6+v>&=sVNCqթe<4\08J%D\0`PHh-)99֡rI_**hN:\0ǏZ!˥+l*xYYS\"zŨ%\0P>q4b>>*=\ZOI\'Kud/\\qqɈ\01O2vHnDP -h2c>xBTV\nDXpf2L-}R)\0@ ֤8$`SiIAakAPpAHgDF7\\T*lT3jvӉGE,FųܾCO)PrR}n4=* 8O<L%\ZѹrQpxrO$s^x+G)+t:&IpI􅧔~ʠ>\ng\\޾mEu#q*^v.,IR6P^ފ	\Zǹv	APl+Q*f<nL}6tgh?n2ѐwsE$	\0HOڲnW\'d̥Rs\'?ҧLDOJ&`+PB\'1<Pi\'pfQTmYU;Jo!#V邌d}@/mR=i$@\\Z\\~1])4\0Ŵ%i(Hl}.BV{@DÂx㊞ځL{@Ս31Hn-CY98<\Z:1Ν-2834=)&PZD:zqL(zq4E<FmE7JDJRBSg3WmҦP^(Rڄ$XSx19IHHdb	3U<LAF4&NyzPa\nI$ViLPCb))TSȠY\rJؘӔҪ?2\'j`D.e& ڠi-tPVqOXaZ&s.,$O%9f֬{q⺝LKv\nm,PJTFx[u6HJĵ\'soZwMHSJI8I=TzWb:ލ$1llfQ&&O>*~T$g4/5\0ttׯ\ZZX͇돔\\x:B7\0w&\0\00\"kZeP:{J,&vc_sZؒOs,\",Zj2̓-fA(YnVy[V|!<wY~Gle]&-	Bsɧh*nR@3,B~MyPזyQ=z;,~S]c+ï%Oq\"#p!#G1F\0ZK0@Եkd\0QڥaaHH?ypdN v~q\"H=aI}IV1ڦS@0{$(M@GglW&z褐dw+w\08$$>yISiu?V~Պ NL\\id1)ď.-V$B^2K	0gA޻pڦ؆ @GT1&\rUL!UZ\0A\'ji7\\[:Zpn>DJT	M0ԞK	mV\nqJwuSq=tjVlŽNЭ	ݽ!ę<V4Uh.#p߸>[oY\n[I.4LB{_\ZK0z\'*dZ7pucF	ޔ[i.[̼uEDH0H$V.P\\nheWS&H[@3S-<Iqur\\CBYY)N㴠D:\Zj\Zi廉Be-+\0,\"9Uw,&ќInvշVۭPO9ޞe.v$PH޲?D(\'<iH@PGr&}c?YaP@*F:}?j\r	<P^ %VKC`\0Ma!oR[s5\0u\'ҨoPApWٸB%I3y5IC)!yzUB|%*@>zTS\0!ĕ ג䁹\n?J[-Q*\'$\n%i2m\0(0o~_G6*WRIbv2-2ԮpR;H<OC5-HCP*\00F1*BNUOzfƠ:7?P~= .?~(`sVu*9ђ9%L8x򄒤@Pt4CIJG#1QV]<Tڄ`6YW3֔	~⫞%ܴam(x}	\"dn_353Nݳyo񁩬RB<Ѭ$ߥBg\0s5\"Q0dNJ\0O>tE[rxHi[i\'b7ECnț4I	iMҙIӱtDsS_5ݩhoY#x71q)pLisä$o4d%-oGȤ6V.P> aI)MeHd VRٳSY<-jSoܤ#wJWU kX,ۤ\07xI<sb.D.jV;Bs*KsaLdڴ\Z.{i^aw\rXCܑ23@Ns1⍰YeќҠ}%ӈ#zْ\np=@jA\"Z-	Ю<H	\'x$\Z;RYjA L\0UQV@?[\"C$wjZ\\`ߧ,6zLq1V.-m\":\\՗\'1[|;phܥ	<s	[Zҥ@^ŤGQjT鍛k\\tD`ʧ\nP#\09SQQ⟩g0ڂd?hlAH=\"Rr3߭I(S+t94*D`9	b\02G\\dDN(gYd`}h,1#\0wj[V\0	q*$jBt[\0m,X	GuI\'拹\rJL~篴CХ8w8?\0hx_-ı\'[u#\n=:U5KM-[\0rUT;z`T3A6}ԥdr&GbHCC\0ٹ&&\0]ܐm!	3\\#`w;juxET\r;RSUvqJe8M\r|<2=N@?*u\n}*2wt+5FwO^yeFq%hZw!KZ\0`Jw(Yhv7^\n	{W4%x[m%W-OAC#^>Qj՝YM	& EaN;l	%%R0!bY+}(\'?0@~q폑R.r>rcp􄫅y`\0uӶ%+lH=?֚[y/-ٙh\0\rmKR?(\0PD$$vK2I<$*^).yhDgLPv܂ޕٲmPMN$\0V=l4ㅰÂnM쐆(R;tnwvki`53w(3\\F?ڮȴVx\",X#!$(fyܭBWNbMʋ{C2;z[\\n	\nB34$>R!%9zri6Nc$תm:![I$Wݢ-BܞH$( Hھ8#={T\0L&s\\\\[;RDpTP.ԼH0I޵mR\\c{*^ΑRuiQm!!$D-e兝RI!$SF4T@i\'ǵF9X+i5\nL-\0#\'q\r̥\n dc>(b7#DH?ޗƵ\0Kv-@Ht뭬yjIe$4\ZY*`fJR\r5l֎=\0\")	Oq@!>\rJIQA~lY<	*#VwrGgr*\r5,LTF/2#r1VP	P7*uRLCG` ne(iG8GvJzN\"C2L^%w2x{\ZJ<lik33?5^B6`u5\\F\n? lȣeBYv]9`7c5н`efP˵quJ	$H犭\0NJ)Q&gٰ͚|H w$ֽJgObWm&	\04Nդ`EUS\0=sM rM	mcxɓtd#9G=f\n9\n>Ko\\,f!&$pcV>cAs$zOځC<8ZadA$Tbo0$,*\'\'F	Rۮe$Lll@RPO\'#ks~ݼSf/\0ڈe0#\'iZe>*jl<G<֡eSvies\n]EzOAP(<q*UAD>Οq@(+m=e8\Z!euҊfɩ<{vnb8<\ZtҍnkhzV	\"AMSys4AaS/YJ;W҅y:ڕRTd˥ZT	Lۉ9Bt)$mrV1>#֊e(km7PJ[BB\0C`qIFbr۵f5?>tЋu%giI#r\"KUTT\n`ߊej@I$\0̜PmЭ[v3Ě	8{uRO\04*.:9hPTϖfA\nQ#֍x3=R\Zn8^^SN)YMk-\0?iM%\0۵\"׏o/;A)ImP}kJ~X;Qa4\r6=H\0~\\3ݴKvSO*\'\'W\"-6LP$R\r6=f{L)mǙ\r;ңcsO׷U(zc?msslAw/! 0:gKZ[f\nXndc#$0)=\Zz[؆NBPؐ^nʔ:MɄҭ]NAF$SA?}KuEIE?|t	{S\0SV*bEEiK%*?\0K6}!*;D%&0~T׮xpeX\'ըX\0@ؠ&\0!up_JI(3\'1pC\nMڝR§T6N-2\0LOWvPygq7?+%U,:·g(@/NJlĨF9}aH\'qLQlٞ`\0z]r]R-IsJxJH9hG)yP:ۥ-blifx0	P	Yt>)IcJ[AJW\nA!\\)PWc1E1I\r3V;Xw8A @!/)(APJVN=)Ř^a\n)($dzhKڲթ\0K;2LWf	z@ZdZioVr${P> %IBO#ֽ~^>A<ƯKYk^ߔ\"]ܕJِ&\ZMV@ȜC9v\0:Aszp\0`]&\\nnVNӋ+HRYE%\'2ʼ`AsZ	r8FDh%f\'1qHNɕڙ_yi[p14Qivԕc@sP.8S?K.`zIfB>S2hB~j$\"dfg/1b:@Q2pTVz]-3D]@LͺJ`իXRK|0Nz]Kj	#j#clm)ް#VR\'?yޯyΞlA㟤Tm\\-ʬuV2mD皥k:ScC͔&@lSKaac;m5HeͪsjaXLy\'CEˍ0GasOPH=\'i&en 2Z^$BKy҇egdl-@xԔʰzۥFְQ$ +y~O<憦pLpfd:_*99\'>Q#{9MVcF*±̌E֮p)6ݤ\'qmJbj\rUIi	D4\\ʷ=\"\Z%J\0*ߊq֕5K␯O\'jA<QFKֻ93MC#TI\"AB95t%%R`~FܒL=fR	IkҦHĎzշHajAI=\\}y[Nw(	^X9\"}T\n	\"fn8<$`qM5\"88y:s..q؂PUa0 sAw#wXf_T5dyt=+5C%֓3D`JH*#JTrFOVnA[bd4_X\\\rJUjc8?KS$x޻tioS%lTZcqnځYRuvQҳͼ{FBz-BIm\03K4K\\xDQ^)\\[\\RQM0§69VUlsjuаHD)M؊î!WIi\'		U%\\QJܸ[ĦA9S8+=\"GԨ&>\ryOaѥ^3ˏ@;G(.@vH?\\wH~IS{IGʙJAt*x(|VhIif68=i&Y*>ycz񶦑o{o\0\\ۓ~]Pp!@ ɂ>Zjݴ R\0IG~dY향%%R	@VYWnM5aAv-;R\'94+ZasPqxB2hI\':iA)[v.TI/{aF¹]gҧI\"$-e;@1{\Zn6 sV=Z}TB,\0\0vY\rZ\0auw=I#e	x. ȀizeĆ@%;r1L7\'\n\"5u20YMbCV< 䔙{HwLomMRpxB>,&LjVNnH\nw/cB>,RlaPtğ5-qUۭv83(ܼ$y$DHWOAq`PJR\\ȍu09\'h35橭;~%m!$}\rbډտ̧ۯE>Гp\0jšdtQqӭhU)DjN$z96	DH힝jS phpnIĐ&\nLb#bn=Psat\\-qDH\01[qBF\'psCC2H2rH⸿|\\\\[Ldr1]_q)T@&:Wί<^CfAP\'Z9PP77I^*@I1L4\rWQu4>ZH*?\ZW[rҫNN*xVEJPP&$yݪ<6V)P9XCtj	\"ʖW \rK&\'9ҍb\'?1ICBAwLzϽ4066%$ʰ4]9޲y]wb⤡.dOCT/68Vv{U\\3>۵p\\\n\0(`OﴗQm;#B$2#q]~-)\nITCAmt{`~Pn/*͗0Ur#nglZfJĠu~hRQu4R}QJ6 =[W.z\nsuա+xm FbZvŋ!nDu\'*8EwOSӥQ&GQM,6x$t>UX\'q$4ExENԯWzIL@P*#\0Gr#lhbݽiSCd>↰v${r*Ŭ%$9Ѻ]̫\0iԴ8OIujwGj$\'լVBڂl,!XY㡚rձuT0T2Vz`MXWL1,B	 x[*S+ %q&x>c,=\0e-}ڴzG%*\n~Zm)\r+lR}DGzgNrok}[Zr	i-IREâve^ޤ!g\ZP\'&pqiE١^bJv{:u,RLJmrUFO2DVvIhJw	ҩyin0Ip=ZmDI&qsWl1ȓX\0ZR)H$dsWj0kHxrŞ}#@:{$qU\05sܽLd	X&@Q$YmlY0ӞsNCH.7#iB?Qݐ:iǗbZӑF7V|	JF=V] 6֙`ϥ\\v=3U/ʈB\\뷌!6-!ҏU\rۆff{bk­E{8u啑;}$>]d=Diy\rJx\"#ړkW- =sVݹ9$\\\nOY]t\"FZĪ-={_q!.HH9ŽjhTp /Օom].>}&YO\nED#lh2L\'z5֕TG\"x-\rq#XuCxʉ\n̍KĢJܐI2g,%\'P;*=\ns|IfV_O{Wru{l]e[\\J=;zUW}I]RRu	Nc\"qJpJEuz/V~b;W\r6F37xڮn\nLJH\ZjmI$Lj\\^_b\"ҝ-%kH;\n\r^FN-*㞿gPY*W*=~ii(22`y>cjAU$BQ[+\"51oJ:}z	}⚡\r#*%!RGR~ҤGI\\ׁqq*{d%20Jғnڀ1z	Td\n0>Zo\n<)\0\'1\'a׽`F1lʂ\ncA=ymmY޾ÏEky!;xۃVKs$bX#;Ma\Zl*n	gwzsބ@&sO֠`J\'\0(\\>u䭜~b	#jkքdL^j8iI֔19JWdJNކzoѬ<7*_!6h@\0$f1lNx]B>tjMx. z\\(}\"ި6(jP@>3\\N;eIfi)9ֲH\'FFA&g4c+I1@DF3R[$3ּj{C۵DA4TљAqSj	 ʥg=\r7TPBVwZ|νfZp}1m(P$uj-!xaC%lj1?5YִnO@`ڈʰdB)ATTŪR(=]ME\n\\,~S?ޫ7̮hsJ<2Ϊ%OY[AN\'*=S6V$t\0*0KJv\'⩉YMctDI\0֧Q]^(DJVA 7	\"D(sI[i#\0E!\0&!,L|655~pFqP?y^4!)310\\($u[rl2Rެ\"خzf62K	@ӽP;<Ns{&Dzj>K \'\"fq*qyZOp}{+,0LRTN9=D{m[.*vW\'һ%H\04R;`Q%9&A#<z\nb3-:.ßøJ	\0ї%vjrx\'V,^u+SM-ii;R$<K7lCZ*}&]\0WymE:_WK_Ű)TdHXq\n)\n?3֬=\' 85v,ooo;DkRR\"dsAV	㜚7ܗAZk=;Qsk^V9_R#ӢW=?P.~Pa]1L57>j%\\yLՃ@^)IZ`SfN>X4xb23v7gRmD\nDgHRcxW3JoFɷpQP	\']k]`[ֆ<vOҘv[aA	0ǵ(ulHGpGZ7I35\\EaK!G\r701`gHjH\"HCiQ$\')[Jɔ s^՝F)ښ=cn2FOFm&OU=/WqALOѯ-N;HF|w=cQp8jo3	\00G>a)8#94i2>hiմ\ZR]	dB۶l @*t7otZjĊjZ*-n<!U\'q1*+>$fݥUn\\I+_W^  s2>w$h41AӤ]2/0dӚ:ÚL8Z$t\nbB*1\Zdc-Z~>^42JO$\05ki[={PE*É]9\0=ܘ\0A=s@\\i/$鞤tϐzogrbT\0Z(AĒ\'<ee*pI@JWkCRМW?ivϭsp[tLt9Nn`31\\\n3cUAi?L#H .Lc?l`>UQpG4$ދZC =b8>$vB\0|P%<\Z!H-Pz\Z~ Unۜȫ%B^&PZZX\n<s[jk&31&>\\JB<\0(Aϼ\n|Q3#ށ\"֢ l3/}ҧTds=rmF$YQUeT֢rVM?wj,~^B7w =UzBқJ@Ƶ(\r&(JC#X#O>C>?Mi5MJS5QrCrG8:K\'s=e)2STkas糔?7Hފ씈9vk￈AV\"z^lLQ]iN[(GԸW\'қՐږNAHZީ,iUbpzά ۨ*d\"2gQ5Cv?58XL@\'q\\inVGj\rBզKk23 P\ntHI ҇[8}]p>(P^gm\\	ژN7cyT n7zd񟚋+\rQgUF=|g(kRB<#P@3(im)r\0J=%VN.m&w\0\"qj\ZT9* kZ-}^\0P_D?jYW_Nlc93JSR\r>Vpy>iq.$uI\"BP@(0`\"_Gfy5b%]PZ\\BL@<Uǖal6#JiW;͓[{}X50	|&u5\Z	tT8\rǥ`9JA;`@W\"ᶵ&(Ց[-m\"7zHm荺o_j.$`4K%\\+Hy$GiRNx=wq6(*SKk\ZOBj>C;\r.,Jq$z(u)Om߹u[!(2cpđT^JSd4\0O&\0bI6@}>h)cao)U%	-zCLrLfo,JR[UnkH&!3[FBU0In$$UFv$3V67ilЂN@U]m% (àiot[ejfbq\"j**oifS6 `6|זz/\'\n\0@IBYR$H۳2xޡe@\\)[8oHdl4ɽ\nS9\"@=	KT8Z`8=3\"TdO_lT%vݖm/RT4<u:=MSrL91\"XߐHSr?#t\03S;v %#}@3Զvi%Aژڷ/qa3iyݵ7\nNA%!\n4MM\'\nĎƞ6}AҨ:^v\npf\nhz.ZIݞ4o*GyK\nZG\05@ue0	*Rq\"ءQ{W)&+;I*0ԔaHfII|_7LUO}m8Rzi#/(dfc&;P>e[}K9\n!i\Z{irvG#v?:A ~QK:RAI:)p\0{\rxIz{ax\n~CFᇔ\\Uk\"].@y8s\\Ƭ:J*ItGpؾY\0P,V{ɦX]1Je5wp	Mw\"=vn:U.idYUW-ۂb1YGVLө2jP9m-H\0b\"޺+~ih J44IJ&O޲/\r©K߷RVXP\0ɟ\\tMY4Q[BDv/-ahDYHB$Pj%_CڅB؀31@]!Ũ\'$ɬЦ2CG\0.\'p\"@?4Pp\\\r$AՋ`sRYn\n5Vk9;m)ԸO&|<Ý@#j|A6@P0{\ZIZz`w7Xp+F Z~Ԩy!]q\"!=	8sһ!S^H\nǽ@RDv`jJ\0-XJp֮-OboX3(vBҮ g6GIA2B{֘@!@?jb`I&mN3֗j*q#1OWl\03@/)*<Tn>Е%XD/#olHBk})POۊZt;2g\'n[0[C\0&RT~\"] fk̹Ydb.G\\>`X)>q]URSeg_9+CHVҮ*hmƺcb\r,Hj\'M}P2@GOziMس$(OUVCLpn\'Ik[\01=YkRXYyh5T婥H)=ڥ2z#N-Τ)a\n;\ZézxgZlim\\2\n\'_B U#7y8PMU5ÛAk;6-gׯڹ\n\'\\\r\0ޒڍTX]$,!@c\0XRc[[)1R;}VmZspr?3I.MnO<RM]㯸|\0?҇֘IfVq$le;Lh848Rԃ(w㧱[n$uSpճ*uI.*ڀN-Ffw9)qLHbGYV&dE)%۽M)O	B\0F63qwmA{J@p8ޥtJw,y1F^ر-JQ\0;S]>ū7)Iui%XGۼ^O1|<sg`*V1El[1fc\'&z&lUH0L|c5ZԞiI>Kj\01b<?P._ƴ)Sy;!(t$#!#fhT3K5PRLH\"0x瀓 _ŗT@5WU8`>)V :j=ylE\np&3~(DHҥI3\0Ͻd\"\"KK\n\n^DDd\Z\Z\")+\0ĉ⩥\"IT:Jٵ:pt봡\\fE.X*NJsޫ62{.jU1qޅjA\0̉&=P8\Z=yִ][	>ךaIK^m5G2#\'6%0D9)Vzڕ\rMۇBRLNm}j]eO~ƹ֕d;4cb8s-C3ӽ&:R϶3۵6m)exڞZZ@>݃\0qRZjN~sY|I6;U8M/j񘑑Jlr2%XZ~K/m)HT1⏴Ym`\\P_rYF^Z1CZ0Gz	RHPq]u;n-@*9\"ֆ-#hk<Kc5jp2eF\\[l6\re7*	NU[M\'q8bn*0\rWZiphyZYI3pH!\n		<:nI]ܡWhԒ9<F*kD!nPG9CpCw6{J3q{`ڣNjH=L4_ߩ>DJT`N:UoTZ],WkTHxڛ̣K}iA5ŘA\0ҭELIyC	z2.ҕ7@!KZtɫK׈]4	쟵ZƝ`Wp$mJƬVXajW\0nuG13S뉶C6@#)RPNF;wzyqu[ŭCʁ\\9c?bǨ[ae\rzGX,n~P6+d`wq{]AU$9}g̨dR-hrv@=kKfZ,nRTGR~nZR*zgU:4g\"\n0$ֻ2dHAZ.;=jAD$8ɡNSRN*vJs}@=Gҭ\rdN1;e	&Yss	1*4J@XI@/GSu,GOqIχ\'Bwʐ[L髲e໦^3raW	Xld,*B-Z<MhHc)w|amg]*%\n^3ѭڿ8^veBeFnQ`Ӏ=\'ѨnM%7>rKi&J{Tev*r$]$*jC$ ek.|>[K~.I}<\\-weDZ\'+^bWN8JTR*k-\\70Q»P3\Z~|^mAQ pLqY6Mayn0Zz{	BB%\'P\ZuGR;唒dbZmPWZmبY[np+iY>ku5*FHKiWh3;yr&d\08:lKa[RI{ۖQKQDp{Uk[Ud\"T4zht9\0),ýA<\0zJVJ=fBzHۜXxlĚe3%ֺӂyZٻl<dN?(?ִ5ٵeP[mF\\WS)q`ڭí0UJ@;&&xbyKu\'Ŗ_Wwh\rnth\\&$WiNۚYMPpBI\"Z:5ȺRS.@\'V:]W-%\"dA\0jr`@3++ow\'^\r\nr\"N\'ղFniʎg~-K\r~\0;p;gVgïncip/8~JqڄKE2/#9\0Z\"ĝ_N	2y<@JPL	 ?2#	R ~\0DV$IJ7HĜ[~9y\'jn&dpEB?@1zD>;,()#qq5:Z DI#C&饨93҈R#\0\'ct-~\r[BHPȑaִRp\'z=\'\\U$Iii曯4%.K\n\nؘJRx6sA㺝$	P*iy.D1^M#ԓ\0FH\0>\"V$g3TV`|3zYm^	ɃZ6ݖ!D8;Q\r2lF?n:\r;>L6HVd5!K\nB2@!	*$\"r:{	u2@n6\\`mo5(	:VSP\0̮Oɽң׵1	&qYYAٚg49TTd1k+)D\'1Ņ-k*pZҊTLⲲ~n[ANTpbzs(f	^%{a\"(QXyQ++)%J8lUP])I|bRğEo\0[՝I3Ҳ\0>q-OސܷD%J&zz;bՕ)\nm*$JsUKՓ?jr6qR4$++*L$qB\0\08 -jnyQ$}ƓmxR I&}Id?H(=-_R|:Qee9Yb?ywt[k-6ʗ,^inVϭC\0%PIkx>\'iMCLF1҈˪i70$dVWƵq{?0CjՖmlNfc޲rvgv>(y]K{D	zfnt\"YY^F&\0g&e(ؒB`}imhQ&I qYYZF~\"P\0ݻ+>(A$ HeeNSp|o8OV3Cv-aH)\0\04	_3RIڼ	fujsToMaZw t?gx/c+v\nmBwdh-\nYYZr\\6pJH*`U٩)TVVQʏhLE}2ˤ4++P$YYHRBk+(2Ԧ2f\'Yp7pk+*LiJV3tYYBd	\ZT)G\nGE$A?eeWZ\0=}G*\'\01YYA\04lf3+p\'oIT||VVT6@I9VVU`','\0JFIF\0\0`\0`\0\0\0;CREATOR: gd-jpeg v1.0 (using IJG JPEG v80), quality = 95\n\0C\0			\n\n\n\n\n\n	\n\n\n\0C\n\n\n\n\n\n\n\n\n\n\n\n\n\n\n\n\n\n\n\n\n\n\n\n\n\n\n\n\n\n\n\n\n\n\n\n\n\n\n\n\n\n\n\n\n\n\n\n\n\n\n\0\0\0\"\0\0\0\0\0\0\0\0\0\0\0\0	\n\0\0\0\0}\0!1AQa\"q2#BR$3br	\n\Z%&\'()*456789:CDEFGHIJSTUVWXYZcdefghijstuvwxyz\0\0\0\0\0\0\0\0	\n\0\0\0w\0!1AQaq\"2B	#3Rbr\n$4%\Z&\'()*56789:CDEFGHIJSTUVWXYZcdefghijstuvwxyz\0\0\0?\0`|%>%}rkU~!`HX$\\e|eq[OZK*a0=oFdWSss#׭|$vqCK&jvzx}ɰIT^Y[Y=z},-94~q\0!ɯx°Ʋɾ+мs|+th۴LV#sϨ+?xE&[H?4mK8k_\0u\r^\ZXc~7\0zz_P+Փ\0#ǞR%[\\_|!=onnl@\'ה$u(Y`G˒\"Yq?\nk38\Zx$ѱ9WBWſxMtmVs\0=cZRՔi{zCO\rErFϬ[M1xe4;_K!Nx?Z+ֲ<҆h#9\'-ڗyw9-K֮L0${]7k>niN-+Pٚ	`@}1(֚Ir\0<D\')%T~[&oc[81\r=9khTj)gmyXXaAP:F+\n[K{Ő1>ֺ>\Z~!\Z~ohUeH`@tOW\n$i_ꡄ7S5W}ދS<<ŖkLQI%G<\0@r{jOxs2ƛVf\rgm^oi->g$\\۴u8 u:]GYX7zNjI\Z\\N?TCUT\'MkaiӦOw~h6|#ZrYO3\rA\"|[O[kY۩N}܂k>_ᅵ+jo! \"W g;S3׊cy?ȏNP,\'bp#\0jB#pM;bWIs__|=e\r/=<\n|9UIzO|jՕŇ/#gY,?(\05iZ뮏	h1InDd?n^|TΝnp6D\nw\'}+McNuw-;\'tlO5-6	@it}BkK:\"2Ĝn/o#jd{fBOV=*gi	%|<mƤd-.l<WF&teT嫎~?k\\ݖ\0?<)Mޏj>9ӡk+̟LJGym7╗ib}WPH31CU$kOo<MlkVOq2\Z|1g\0<3@FMgI ULӃhNeI&2-{iR]K9W8OEn,M%+ {5\\F\0&n<K{co\n*ۘu;O%k?\r3Iv\0+	G}.Ӽ-C#MX\0Xlwǧ0}(sKCҭWN}.x>.~zni\rD!֠7VaӃ^i\0o<\0613Z:g轉y/˧kxSP𵏕g<6Xۓ\'r8Ǳ/4a3ː6LV(Ԋ[F3\0t}g(k3Ry2G*zM5|JN%ռWt`(p5?|oAeF[\"XwE{쥣|g?Yx\ZkJUڏ;H$ĨSTZVm%},|2;5N;EZ.c\0>,֓ŝ֯Cl]208|/kOٗZ;xkkŭE\n&s?#s\\G\0\n_mw,$Vwwof[08=T\0=3D;	x@kMJ}c6QЃч a_G\Z`k5b׳7筟+~i>\0<\\ab+JNU.XdIIٽ<?i,on(k{JfR{r,sЃ^hl]]:xI`;^i&:V}>Weϲ+?RTεm5).$gfxQzF|I<G8-i⚄ڏ3+n￑ҙGV첰x-GWv|Sl4cO?U0ؑ8=Հ ןêjWH8@8ufZXm=r:5?Ub߽v>KUm;z>	GIc8\'a2\'L\Z߲|-\0ܕQ<60@,1x_Ŀf,wSJi>,QBE#:Oq_\'ƜW;|ך>zgZu\'^gv㽚[YgȞ>1|-ss㛿.Xw:*v*dJ42\0}VPV|rWǶ1޾\'\'hW%Z\\ڟl,jP=9c~=f\\U9JQQOMg^\r=GMՕ糵v[MoOfR6c)9l_\ZE֟{b2=\0\0S[Wi%a#3n#<WI1f.6=M~t׹\ra%<,_zg2%4X㾷mL5O]姃t_ZZf;+bcwPaH4/WUk]cNZ	Wg»+(=[幱Ɏ)ȌIPk/+WӺIz\'XW|_>xNizk]_\0su!\0\0dLz\0\'֣.76:0gDcv\\\0.\0K7Oi/[]1G{2ki>Mڽ\rb<K#9#\'\rb1\\&\'r3w&~4\Zy? 3\'+|;_<\r$x\"\r~a\r+O◍4]^hj61BT}3|m)?>\nx6=ޅutG+_Rӧ\Ztk+]}&*թ4M)\r(xoHTj:H85|K#unu,b;j:$l\0VXޘ%e \nqs|S½Ǆn6kXu{ˮV8%X|yLAZSLrdRc.Wq~9S_,ʜztMٮ{]=4=fPa4_{[X\n̳MYYA/[=SêK}V@p}}s<WEeZ]3PxI&6R:)U+HRSO+*KMIӱ8RףWl$ۑ,#o8*kآwXj3\Z8nUy=?1\'Bg Ìed_%]NX\ZlG}>܈|bT|?T]v#zcF,OkKBb(+a\0?4SxJw)+,3F\',7.w>8wOg׆C[njˮ[y5Fk~leRu{t5-],!1s(۷l<QO/iD!`Yܿuz.ҴrmTI#\'\'3o/F|Ls7ߧwUk(%Ng>z\0دKbܙ<ט5x)^\'B`s\'5gT\'7\0iXDbB(y8Һ啣5٫[[h,EEj\0O8]ZMQu8y0A=Ox?\0|_\03mguX<t*ѾJA\r~\ZהD\rbxֿ3\0n:TD}tIm POޥ?*/loԢF9i4~},xrew)Z/=ᦧzAJcnnp~q\0]o QSh?&x:nR0&{~ґ^]x=x-cGguknkYU2I?¾ʴhӼ{Yt?JH>	k\'+-AѼx_=۾gn.O~7y}+Z\0l3\n=X|]g\"MJoL$u&K|Os*`\0m*d+SR\r\Z#hc)P(ϿC?:vl,\"5HMԥRzcoi<u<z?=psj晳I\0\\x\Z-\\jzI$FPۈ/2(zLі<\'))9Ac 1]eC!+}{[w,S6\nXVw~z^ooطdԢoG[,OR\01$ܟ*cK1WH#|>aϣ;%Ŭ.O;!23\0\n|=&ƞ~ůj2p<袂d=pkV	m4ڨmHPy`w4lb}MxnoQO)gQRj_j?Mߩ</OaV\\V24VkEGo\0--#<@?\0`mSĞ1m\"IcHa$$TU#pIU\0s{	i39r+/&/[PUݬZ6m>dH-qwxc5kɶ{wW}^LcJܪ1i$[YGeRoT{!.$v{YP\'x$&r6)Ե_U]Mŕ$mRfkV0R4ۍ6s /*#[Wicy2ȀBgin\rI\0Rs8ׂ(vϑߎvƗdFڽ{>\'T0Y-\"_^}Sm+ﮕ֧X5k5x5{;<fq	T^YbOy|=%1$b@zs]փ`ҦQ]a<l`PG7V|VZg`PP8$c9\\\ZwNui$nVZݯC9u9k{mWK+-nco|I{3,&ʊG:R67tgLEplI=zzO˻hdh\ZUV坩$$VvL\ri)cĦ(xs`$s5Ɋ/ciN;ӻӢfؚjKhO.I4MN]onn.,]l!*7?(\rmxW~Ma6VBB:;}+u\nZj\Z^2v%degM3ԅ#ҺO\rx^LA<0$G<ϯZD }ފvuKg1%Q\'yY.Wo7.[7cY<>\"e\'2==k\0jž5x?7..z#gJp	\01xcZA[hyM3z[whtҾ4,\\*Q̵\\wwi7^)hfYPiZ\rKBWUk==F\rY-G#\0.<u\\o\\iUA쫂=>!h\0j7^&Š˂7~m\0kkzD~]kL#;l=_>O9UJON]%ކ\Z8Smw<;|;\'u4Ia=pkuُ/\nHe.>pE|!\0)z݇etڒǠ]E#9!}+_w<\Z%O\rq_ksZ0oV/)(ԃjV\0)xn]R]XPPW?Һ_\rYQ\rnhR+uMϧ^HgF5p>\\0|sm\\Xկ-\"m:8}kA4w?tN\r^鰈e\'?4d,8#|md-t|M|ԓMzg]Zwq*sz$Ikw.o5-g\"4iDe=%2Fr2GFr=$\Zf(K#uf+*nVkI\rʦ @7bH_r3GJ:.\'ܸcw_ŜyѬ_iw^Mm{^&UF2[ZJI۪iK`|[|An \\@	7\0uI9>=\'_ŬA`Ƌ8ci&u\"`\'P[\"\Zv)R0nsq^\rAEkxHn&IVomzxUܧh5\nӚöu.TznՍ%tӕۙ\Z[=.t\rEc\\\rꂀ-̅NB !꼚m:o4vHQ\"Cݵq|w\'ld^e}\\jOoYlwwO\0T9\0\0d\Z\Zǃ;/\ZË*K1ڨFʪJSbӊԗµtQ[ingNE6Va.#CjIs\\xe*k$t\r[OVƟI繵̛+󪝼aN	#~(Q|NON1Z~DӸnvsП2_´q	R&ɒ7<gҫ[GuN׾t:s\\mok$}]b[{k, `% .*Ioi]]\"UCm 2|fWbdd\rB奒( *92!<0A`=zxĚ}1G{;nl#ڹqxztjrS6^{+\'\nR-{+wѻyާ9[P}ƻqq.<O!kQ|+5WZc#\\H!rIwz35,G\0ݴ1Yoa6+I\0#r3)`FIA^\"_iAʷWE$hv\"w~cdqd\\C\rRg\0c2J/ڭRdۖwHA\\]X<m8CHCd:+Ӵ\'\\7Vє\'g_Fm+,z]d/8J-LWȅ(9,\0G9N7R[VG{֕*>D}~՚5cCYdR\nQ\r\0zd`j	~v\0 \"鶖JTeqjO\\k~3\Ze `(;9{ע|$\'bYH~7t=k$VQ:Un:]~ߪ^cϥĕP#\'h_S?t?hw?f!<Ub?VѰcq3lwO>Zx.|$O8߆^z/5O\0k񎉨i\"W6V\\tf-\0hkZl NE@i#?p[~k|N\Z-M\"Ԟ^}Nc<$zN\0G4?MwԍH-\0Ul}?w$~ ty&IW]߲O-kGVKY¬zQ#ӭ}ax#EjZ,HX\n3s_?\Z£jtG.UO*4\\9876n;O>+м]V!1y%^=ּ=}poB-µͳ-8\'/u}	y	|6д!χ$7:}+\\G{Ok521=*3\0TռEte丑d^G8px9|[O1#8`JJU%Qm_dݖ/><e*zESP{/r~|jax[_!կ,c\rAV+.AXcs/Q>2G<GtNC1b%.X]	pA\'u[xE7^dr\'io=O\rָO3>Լ)mtmKKcBc}:2ʻ[c 9%C(_\n*ͶO3\\!ǲIkwWnt\0xr[{H]+8$#ӏZ-/^q}\08Y6qv\\\r6\Z_K>;-N+y;\\\0g3ԌӾGGS1ewgbX\\\"#&yA0\'SW;祯nV{dgF+ٿ]?_fzV{\'-_\\ۧX6S),>u^Ko^%Ls`\'ftIRxK>~[+-kS3+ )0Ir3<f|*غ!ocWYJXtoL,Wѻ\'kimOOEbY\'vgޚߧE?C\rέ\\%\0fh\0QF=|_ԭ|;do9%U2	뷓+Snxº,\Z&\"ˇ>~P1߈<O[kZ׶hylKHbAY3׸<ND2/Eu\'s5k鮺ť{ut\0J/\"/ʻec \"7|s0W3|UFV\\9߾?ý{\\MkZe6˙`vr0=IDVֵ֦/65x[ەYS$\0I=\0NU*oWWZZ,WVoY/=,_6Wn2AmL5.ğF<{J5晦\ZeȶؒXw$ovVj>&tADHTN:EÖMQH7݀^OLF\"e۵nk*jRIQgeO>#xJf`O \\\r(p1N3&f?xKM;K*Hҳ\\ȥR8z7Mqq(onQ`GOs9p&}Ïm*,*lc@?\\a|t\\잷oM~IvGŋ28cuy7*m;.UwmݷݷvO⟏{k,-^FEl##i\'^Fk_E֝k.moF7,~zcj/Ck׈kX֧h,,V8\n>P:\\ďؿ?h9i5mz4vciWB\n*\'em?/9iяW%di	xCN m;Nv}+WHq`EgΟwj<1L9\0C?oiqs7N#`?\n ɿgG\0	.{oo3:u^;URXY/O#,nP䞯Kkv=2k^!5?%ƅeqԲ޸DG`T<Q^O5x\'ڬZޡڳn`Pǧ9#8&kυG|.e[x<P@xcXg<p}H|!jZƯMi^-c[m6Y/ڪaN$\0vs߈5ڹ>j1+rM+v]-,\'C,իi֜P*n-Zvzv\rXkiZ)d>6p;sد=񕷎 mG4v\r̋-E^dI0<`^xD4}*P·awF#nHgKxZZmOΪxdsҿFO5{&f?pxE5ε_t]tkU}<׼#⏃]:SkiT/Z`2p͑ }GSA -i|;khe~ݝVFq:SӼ7\ZS#\\ޢiW&:\0F9|oeωǮfj^͕ȭyeci0wyD\ZpX8\'jO|+g{^\'uV#t%;н\'[vf\0uMqXXC}<p3{azU|+gOj61@°^H+*1+`94{/sxTҴ2im|L IpLn˴AW\r#\Z\n,Vi+&׀`26	S9|U\Zwz6z;*~Ҍfi;ikorzG\rC\Z=jDas\0w|֩i]iW#3[i\'jomN]wr8aU[+kWYKb.tJD.FH;?6	+X*dM5Q=ZRHAj*}wM?O?>	ᙣR(\0{+iW\0o>$Ixz<z{\\lxdn\n۷#8;^jz~<2m3rC<}Ux@]H	^?5KnRTʎ0A\0kTcNRKN%J5MIӵMօ3V&79vIPmAߐHc|Nto70\0m=xl84\n2xx0{w=p0#Fol7̡ffH5X|UL8h8Ůe$[jO{~c%|!VxR(^;Y\'ƚ^YLU>YXgh=q2xmN@Ym\'	suf5C|C>\"[Ui-FG=R\ZiApwnWN3પݭʮk%d ף)O)=[zݶϘ~!5s_7RHVk\"eEL-#ʣ1xSD>#3<3IoiHŕJcg͝r_W뚖w<,xyW\r؂+襐)FOKOS4%_>Cio\ZFrUz@\'{_:\'|=%opCle9߃_^~۴6d\0*x^&xHbzK7Av\0HY_,M_k=ZZm7F>	Z>mnOjCGw/F6*q~ ;xCᬾ	yٮyEd \\QԌq}\0*m4Qjo43_ۮG,|	4u(Ѳ\\ҽ\\4b[h{=aqX%\'s-y]\'m/WhG5,,D$@k`]$*=q-nKk,m|DeC}@o\nWM\rS¾\':]fY\'`3dMӒ?s\\FӼimV8apX^$N#%r]Ev-,>_0^m$oHkߕY.D]XݢlqM.zl%eoZ=9\\N{3i+km7IbR֡:U?>Hq5W\Z_ƶw_jHL`h3s95$G[$?m/(V_\"q}{2}lȰ=\"K+2\\A<.6\rY,u׿l&W~s{M3ČeL*S#$boqiox7Ē\0c!%76Z&,NXĈCmrg\0OWɈmZ;mC^gyE${n[KO>ú5t.᷇gh\Z\'`g˟sNӼQoièhYFAhqAZΥkO&%7,JےVB8\'oPxl.(߹\0_a_4skW~ڜ4Br\'m%g-o56wMG\0ӵ?-5Cg-cr#8ZO[$^}Ԑ4b<3=cPӟPVW-\"X.Ԟ7d}<;W<5*ѦMߦ-O̳QxUe\nIw+[t4#k(-\n+ˢ|5H\'w7zަfgh?(brFXE?/P7$Hc}ǿZxj:96!תÀ@k;/ἢ5#%<D$s>4N>;k-ﳽ_źmmicfx\nT\'y|Wxu#Y}{k qީ|2,ڎuk_dkJY061Y~\'M2RL/mN#޾hgJUZ~zFSॊ\'\0$|[Sƿ?d~zsO!֊P9R9֓+*etkCUeo¤)t{W~%WW5ͯıi&݂79|]3#7_c-\'YuM6)<Uu7>>iak\'y+֞v9㰷rɯU޴c<5k?z~hekڀ\0Z쵟?|!{\'\0g6\'ߴNk)ʏg݋v6|q.%<KnӏKlHݞތZ1<$->|Z|1S\\Z- 皭CWǃ|Sya(d6<WxIc&{τsylMxԣ;?6?:?PcGN5FE@5.YUqۥt{UNcծeU9;켎sğg>xrWocmDE*EB}y=j^?sn-/$Xaޓ].5kOxCy4چpĖdb7{d{W|2&x~\0[t	sE~e|SYSܧGE۞ty~_aԇ.t]6Sխ.pN9=C~\'4ca\np\0*ػ¿%<\Z>\"e\ZX+rH\'9\\߉m>)rM\rՄVK[cܭ0||T8srZꝤѷYuNxYwm&rմWj/;WYh!>֏	Ϯaס#Wׄ,utrql\09\0pxZ]t\Z~2=JH\\,$ nŰsi=>ZYK]e٥hZ5߻?{}@\'%40*U/ߛTߡyOٜ$:r+|VJ<ۛ4K9<+q^5O&DGfYwy}A$x\\Xo-L`7Jv\'St\\Eѕێ\0LϷ֯q<;#$Kۢ pt|I.=Nj<,J6$.{lۗkN:5Ilmr%ہ28k|[3ukM)̓O)\0xw_CV+↋[!L\",I\0\0WӞ=8wI2E&pҾ\0	SIõg{zc՛RVnivoK^˲8Fg{\"4`|xhOO&i5NF\n)OQk3	i\Zx,췺KƗ2;XAEb?ε]\rUnvI$N}+.LzOv\0ƍYae\rחcǿ{\04\0z|K*wl#+V$$sُ⮃+G;臈4[Ds%$Wo)dU|\ZoHKh7QZf,qDбBA|:ۜƾ}ntףGBt壂7_OsxNOL[X\\E%ƾI,_[\Z2٥ij\\2ۘ}(ѼWZvloۄsk~0x7A|A!mQm.>`+0lU+Z-mOkK\rwKZKO7wڇ|Ϩ7.8Rx*+-\r|XI/8GMGb\ZbI&gtT,H-x\0~Wo9$SssбF\n(T^Rpu^z?&QrZNI?!jQbH4׃-[gMF\"p/>k\ZW<OxIwg%arOQ\07.\0Dӭ/!Ibo|mGCZT4mh8qZo=6]~о <j,4lQy)i&{ckTg!91%?-U=uYysҾg{*:GucŁ1g1Djлӣqb0%7;=\'7}Rr{h{L)j_?mS+F݅+\0i,8֯4XO\rk{b5{XUYh_=1X-|=Z4[KWof&̍1N3VãxJ\"{gQ/c]B &f\nJ;db㊓+׏</ɤm?8Y|\'NT4?,fgWimjz]woe܈[$I\'=.8|ZU+x&KGeB[z)gDf5\"^ aA9ff3?|}#xQ5n]ʓsZ<~+JNU%Y	5w\')^+erl\r\\l\\kMɥzG-unڦڳ?\ZxRZsm\0f6I*3І3:O2K]PKK⌤W%#;խZ{reHȔØNB\' 7Ż<56BLL%v2F3OLkO(ͱ7-YE֎w[hד]g\Z\\8u<9+?54szV\'h:<\Z*]s˟z>*u|I+_IJwMqqv:r[8w8k0էIb!;WsO+It{5c+*.dP~֞վA_|8\'N8 `¾t^|Uot&4_2^ukǄ.<e㛛\Z%3p>_-\Z[O\0ћ[ÅPO ϧ57ctoh&8)tO˳*|,a1F[h#k\no_W%}3R`XF秭}xCW41O8.,$,dg\'I=>&\\YG6Hw1s<W>=j)栗fI{V\0/?','808_image-3.jpg','image/jpeg','/../ximages/item/28',62542,NULL,NULL);

/*Table structure for table `item_price` */

DROP TABLE IF EXISTS `item_price`;

CREATE TABLE `item_price` (
  `id` int(11) NOT NULL AUTO_INCREMENT,
  `item_id` int(11) NOT NULL,
  `employee_id` int(11) NOT NULL,
  `old_price` double(15,4) DEFAULT NULL,
  `new_price` double(15,4) DEFAULT NULL,
  `modified_date` datetime DEFAULT NULL,
  PRIMARY KEY (`id`),
  KEY `FK_item_price_item_id` (`item_id`),
  KEY `FK_item_price_emp_id` (`employee_id`)
) ENGINE=InnoDB AUTO_INCREMENT=9 DEFAULT CHARSET=utf8mb4 COLLATE=utf8mb4_unicode_ci;

/*Data for the table `item_price` */

insert  into `item_price`(`id`,`item_id`,`employee_id`,`old_price`,`new_price`,`modified_date`) values (1,2,38,3.0000,2.0000,'2014-05-21 13:16:40'),(2,9,38,3.0000,1.0000,'2014-06-25 21:57:24'),(3,39,38,2500.0000,1500.0000,'2014-08-30 19:00:53'),(4,36,38,2000.0000,1000.0000,'2014-08-30 19:01:11'),(5,37,38,9000.0000,9100.0000,'2014-08-30 19:01:27'),(6,40,38,9000.0000,9100.0000,'2014-08-30 19:01:43'),(7,38,38,7000.0000,7100.0000,'2014-08-30 19:02:22'),(8,35,38,9500.0000,9100.0000,'2014-08-30 19:02:46');

/*Table structure for table `item_price_promo` */

DROP TABLE IF EXISTS `item_price_promo`;

CREATE TABLE `item_price_promo` (
  `id` int(11) NOT NULL AUTO_INCREMENT,
  `item_id` int(11) DEFAULT NULL,
  `unit_price` double(15,4) NOT NULL,
  `start_date` datetime DEFAULT NULL,
  `end_date` datetime DEFAULT NULL,
  PRIMARY KEY (`id`),
  UNIQUE KEY `item_id_udx` (`item_id`),
  CONSTRAINT `FK_item_price_promo_id` FOREIGN KEY (`item_id`) REFERENCES `item` (`id`) ON DELETE CASCADE
) ENGINE=InnoDB DEFAULT CHARSET=utf8mb4 COLLATE=utf8mb4_unicode_ci;

/*Data for the table `item_price_promo` */

/*Table structure for table `item_price_promo_dt` */

DROP TABLE IF EXISTS `item_price_promo_dt`;

CREATE TABLE `item_price_promo_dt` (
  `id` int(11) NOT NULL AUTO_INCREMENT,
  `item_price_promo_id` int(11) NOT NULL,
  `item_id` int(11) NOT NULL,
  `unit_price` double(15,4) NOT NULL,
  `start_date` datetime NOT NULL,
  `end_date` datetime NOT NULL,
  `modified_date` datetime DEFAULT NULL,
  `employee_id` int(11) DEFAULT NULL,
  PRIMARY KEY (`id`)
) ENGINE=InnoDB DEFAULT CHARSET=utf8mb4 COLLATE=utf8mb4_unicode_ci;

/*Data for the table `item_price_promo_dt` */

/*Table structure for table `item_price_tier` */

DROP TABLE IF EXISTS `item_price_tier`;

CREATE TABLE `item_price_tier` (
  `id` int(11) NOT NULL AUTO_INCREMENT,
  `item_id` int(11) NOT NULL,
  `price_tier_id` int(11) NOT NULL,
  `price` double(15,4) DEFAULT NULL,
  PRIMARY KEY (`id`,`item_id`,`price_tier_id`),
  UNIQUE KEY `id` (`id`),
  KEY `FK_item_price_tier_item_id` (`item_id`),
  KEY `FK_item_price_tier_id` (`price_tier_id`)
) ENGINE=InnoDB AUTO_INCREMENT=1214 DEFAULT CHARSET=utf8mb4 COLLATE=utf8mb4_unicode_ci;

/*Data for the table `item_price_tier` */

insert  into `item_price_tier`(`id`,`item_id`,`price_tier_id`,`price`) values (8,1,4,1.5000),(9,1,5,1.6000),(10,1,6,1.7000),(25,22,1,5.0000),(26,10,1,1.0000),(28,9,1,4.0000),(29,34,1,2.0000),(30,34,3,3.0000),(56,40,1,10000.0000),(57,40,3,11000.0000),(64,35,1,11000.0000),(65,35,3,12000.0000),(66,36,1,2000.0000),(67,36,3,2000.0000),(68,37,1,10000.0000),(69,37,3,12000.0000),(70,38,1,8000.0000),(71,38,3,9000.0000),(72,39,1,2500.0000),(73,43,1,1500.0000),(74,41,1,10000.0000),(75,42,1,9000.0000),(119,167,1,1000.0000),(120,167,3,1000.0000),(121,167,4,1000.0000),(125,161,1,2500.0000),(126,161,3,2500.0000),(127,161,4,2500.0000),(191,149,1,1000.0000),(192,149,3,1000.0000),(193,149,4,1000.0000),(194,148,1,500.0000),(195,148,3,500.0000),(196,148,4,500.0000),(437,165,1,1000.0000),(438,165,3,1000.0000),(439,165,4,1000.0000),(473,158,1,2000.0000),(474,158,3,2000.0000),(475,158,4,2000.0000),(509,160,1,1000.0000),(510,160,3,1000.0000),(511,160,4,1000.0000),(731,162,1,2000.0000),(732,162,3,2000.0000),(733,162,4,2000.0000),(827,52,1,9000.0000),(828,52,3,9500.0000),(829,52,4,8500.0000),(833,117,1,7500.0000),(834,117,3,8000.0000),(835,117,4,7000.0000),(839,51,1,10500.0000),(840,51,3,11000.0000),(841,51,4,10000.0000),(842,66,1,5500.0000),(843,66,3,6000.0000),(844,66,4,5000.0000),(845,67,1,6000.0000),(846,67,3,6500.0000),(847,67,4,5500.0000),(848,55,1,8500.0000),(849,55,3,9000.0000),(850,55,4,8000.0000),(851,87,1,9500.0000),(852,87,3,10000.0000),(853,87,4,9000.0000),(857,136,1,7000.0000),(858,136,3,7500.0000),(859,136,4,6500.0000),(860,159,1,4500.0000),(861,159,3,5000.0000),(862,159,4,4000.0000),(863,57,1,10000.0000),(864,57,3,10500.0000),(865,57,4,9500.0000),(866,155,1,3000.0000),(867,155,3,3500.0000),(868,155,4,2500.0000),(869,74,1,8000.0000),(870,74,3,8500.0000),(871,74,4,7500.0000),(872,144,1,9500.0000),(873,144,3,10000.0000),(874,144,4,9000.0000),(875,145,1,7500.0000),(876,145,3,8000.0000),(877,145,4,7000.0000),(878,58,1,8500.0000),(879,58,3,9000.0000),(880,58,4,8000.0000),(884,60,1,8500.0000),(885,60,3,9000.0000),(886,60,4,8000.0000),(887,59,1,8500.0000),(888,59,3,9000.0000),(889,59,4,8000.0000),(890,90,1,8500.0000),(891,90,3,9000.0000),(892,90,4,8000.0000),(896,146,1,7500.0000),(897,146,3,8000.0000),(898,146,4,7000.0000),(899,163,1,2000.0000),(900,163,3,2000.0000),(901,163,4,2000.0000),(902,143,1,9500.0000),(903,143,3,10000.0000),(904,143,4,9000.0000),(905,138,1,7000.0000),(906,138,3,7500.0000),(907,138,4,6500.0000),(908,45,1,12500.0000),(909,45,3,13000.0000),(910,45,4,12000.0000),(911,121,1,7000.0000),(912,121,3,7500.0000),(913,121,4,6500.0000),(914,124,1,11500.0000),(915,124,3,12000.0000),(916,124,4,11000.0000),(917,120,1,7000.0000),(918,120,3,7500.0000),(919,120,4,6500.0000),(920,118,1,7000.0000),(921,118,3,7500.0000),(922,118,4,6500.0000),(923,123,1,7000.0000),(924,123,3,7500.0000),(925,123,4,6500.0000),(926,122,1,7000.0000),(927,122,3,7500.0000),(928,122,4,6500.0000),(929,119,1,7000.0000),(930,119,3,7500.0000),(931,119,4,6500.0000),(932,139,1,6000.0000),(933,139,3,6500.0000),(934,139,4,5500.0000),(935,140,1,6500.0000),(936,140,3,7000.0000),(937,140,4,6000.0000),(938,141,1,5000.0000),(939,141,3,5500.0000),(940,141,4,4500.0000),(941,153,1,2000.0000),(942,153,3,2500.0000),(943,153,4,1500.0000),(944,75,1,6500.0000),(945,75,3,7000.0000),(946,75,4,6000.0000),(947,80,1,5500.0000),(948,80,3,6000.0000),(949,80,4,5000.0000),(950,76,1,8500.0000),(951,76,3,9000.0000),(952,76,4,8000.0000),(953,152,1,2500.0000),(954,152,3,3000.0000),(955,152,4,2000.0000),(956,147,1,500.0000),(957,147,3,500.0000),(958,147,4,500.0000),(959,79,1,6500.0000),(960,79,3,7000.0000),(961,79,4,6000.0000),(962,83,1,8500.0000),(963,83,3,9000.0000),(964,83,4,8000.0000),(965,84,1,8500.0000),(966,84,3,9000.0000),(967,84,4,8000.0000),(971,85,1,8500.0000),(972,85,3,9000.0000),(973,85,4,8000.0000),(974,81,1,8000.0000),(975,81,3,8500.0000),(976,81,4,7500.0000),(977,78,1,6500.0000),(978,78,3,7000.0000),(979,78,4,6000.0000),(980,134,1,6500.0000),(981,134,3,7000.0000),(982,134,4,6000.0000),(986,102,1,6500.0000),(987,102,3,7000.0000),(988,102,4,6000.0000),(989,105,1,6500.0000),(990,105,3,7000.0000),(991,105,4,6000.0000),(992,103,1,6500.0000),(993,103,3,7000.0000),(994,103,4,6000.0000),(995,107,1,7000.0000),(996,107,3,7500.0000),(997,107,4,6500.0000),(998,106,1,6500.0000),(999,106,3,7000.0000),(1000,106,4,6000.0000),(1001,104,1,6500.0000),(1002,104,3,7000.0000),(1003,104,4,6000.0000),(1004,135,1,6500.0000),(1005,135,3,7000.0000),(1006,135,4,6000.0000),(1007,137,1,6500.0000),(1008,137,3,7000.0000),(1009,137,4,6000.0000),(1010,133,1,6000.0000),(1011,133,3,6500.0000),(1012,133,4,5500.0000),(1013,132,1,6000.0000),(1014,132,3,6500.0000),(1015,132,4,5500.0000),(1016,77,1,6500.0000),(1017,77,3,7000.0000),(1018,77,4,6000.0000),(1019,82,1,11500.0000),(1020,82,3,12000.0000),(1021,82,4,11000.0000),(1022,63,1,7500.0000),(1023,63,3,8000.0000),(1024,63,4,7000.0000),(1025,65,1,9500.0000),(1026,65,3,10000.0000),(1027,65,4,9000.0000),(1028,64,1,9500.0000),(1029,64,3,10000.0000),(1030,64,4,9000.0000),(1031,127,1,8500.0000),(1032,127,3,9000.0000),(1033,127,4,8000.0000),(1034,126,1,8500.0000),(1035,126,3,9000.0000),(1036,126,4,8000.0000),(1037,150,1,500.0000),(1038,150,3,500.0000),(1039,150,4,500.0000),(1040,131,1,8500.0000),(1041,131,3,9000.0000),(1042,131,4,8000.0000),(1043,129,1,8500.0000),(1044,129,3,9000.0000),(1045,129,4,8000.0000),(1046,128,1,8500.0000),(1047,128,3,9000.0000),(1048,128,4,8000.0000),(1049,142,1,4500.0000),(1050,142,3,5000.0000),(1051,142,4,4000.0000),(1052,125,1,10500.0000),(1053,125,3,11000.0000),(1054,125,4,10000.0000),(1055,130,1,8500.0000),(1056,130,3,9000.0000),(1057,130,4,8000.0000),(1058,166,1,2500.0000),(1059,166,3,3000.0000),(1060,166,4,2000.0000),(1061,50,1,8500.0000),(1062,50,3,9000.0000),(1063,50,4,8000.0000),(1064,54,1,9000.0000),(1065,54,3,9500.0000),(1066,54,4,8500.0000),(1067,46,1,9000.0000),(1068,46,3,9500.0000),(1069,46,4,8500.0000),(1070,48,1,9000.0000),(1071,48,3,9500.0000),(1072,48,4,8500.0000),(1073,56,1,9000.0000),(1074,56,3,9500.0000),(1075,56,4,8500.0000),(1076,47,1,9000.0000),(1077,47,3,9500.0000),(1078,47,4,8500.0000),(1079,151,1,2000.0000),(1080,151,3,2500.0000),(1081,151,4,1500.0000),(1082,62,1,9000.0000),(1083,62,3,9500.0000),(1084,62,4,8500.0000),(1085,69,1,8500.0000),(1086,69,3,9000.0000),(1087,69,4,8000.0000),(1088,72,1,10000.0000),(1089,72,3,10500.0000),(1090,72,4,9500.0000),(1091,68,1,8000.0000),(1092,68,3,8500.0000),(1093,68,4,7500.0000),(1094,71,1,10000.0000),(1095,71,3,10500.0000),(1096,71,4,9500.0000),(1097,70,1,12500.0000),(1098,70,3,13000.0000),(1099,70,4,12000.0000),(1100,73,1,10500.0000),(1101,73,3,11000.0000),(1102,73,4,10000.0000),(1103,164,1,2500.0000),(1104,164,3,3000.0000),(1105,164,4,2000.0000),(1106,157,1,6500.0000),(1107,157,3,7000.0000),(1108,157,4,6000.0000),(1109,154,1,1500.0000),(1110,154,3,2000.0000),(1111,154,4,1000.0000),(1112,95,1,9000.0000),(1113,95,3,9500.0000),(1114,95,4,8500.0000),(1115,100,1,9000.0000),(1116,100,3,9500.0000),(1117,100,4,8500.0000),(1124,99,1,9000.0000),(1125,99,3,9500.0000),(1126,99,4,8500.0000),(1127,91,1,9000.0000),(1128,91,3,9500.0000),(1129,91,4,8500.0000),(1130,98,1,9000.0000),(1131,98,3,9500.0000),(1132,98,4,8500.0000),(1136,96,1,9000.0000),(1137,96,3,9500.0000),(1138,96,4,8500.0000),(1139,97,1,9000.0000),(1140,97,3,9500.0000),(1141,97,4,8500.0000),(1142,92,1,9000.0000),(1143,92,3,9500.0000),(1144,92,4,8500.0000),(1145,93,1,9000.0000),(1146,93,3,9500.0000),(1147,93,4,8500.0000),(1148,101,1,9000.0000),(1149,101,3,9500.0000),(1150,101,4,8500.0000),(1151,94,1,9000.0000),(1152,94,3,9500.0000),(1153,94,4,8500.0000),(1154,156,1,6500.0000),(1155,156,3,7000.0000),(1156,156,4,6000.0000),(1157,114,1,6500.0000),(1158,114,3,7000.0000),(1159,114,4,6000.0000),(1160,110,1,6500.0000),(1161,110,3,7000.0000),(1162,110,4,6000.0000),(1166,115,1,6500.0000),(1167,115,3,7000.0000),(1168,115,4,6000.0000),(1169,113,1,6500.0000),(1170,113,3,7000.0000),(1171,113,4,6000.0000),(1172,112,1,6500.0000),(1173,112,3,7000.0000),(1174,112,4,6000.0000),(1175,111,1,6500.0000),(1176,111,3,7000.0000),(1177,111,4,6000.0000),(1178,109,1,6500.0000),(1179,109,3,7000.0000),(1180,109,4,6000.0000),(1181,116,1,6500.0000),(1182,116,3,7000.0000),(1183,116,4,6000.0000),(1184,108,1,6500.0000),(1185,108,3,7000.0000),(1186,108,4,6000.0000),(1187,88,1,7500.0000),(1188,88,3,8000.0000),(1189,88,4,7000.0000),(1190,53,1,6500.0000),(1191,53,3,7000.0000),(1192,53,4,6000.0000),(1196,49,1,9000.0000),(1197,49,3,9500.0000),(1198,49,4,8500.0000),(1199,44,1,10000.0000),(1200,44,3,10500.0000),(1201,44,4,9500.0000),(1202,89,1,9500.0000),(1203,89,3,10000.0000),(1204,89,4,9000.0000),(1208,86,1,12500.0000),(1209,86,3,13000.0000),(1210,86,4,12000.0000),(1211,61,1,10500.0000),(1212,61,3,11000.0000),(1213,61,4,10000.0000);

/*Table structure for table `item_sub_unit` */

DROP TABLE IF EXISTS `item_sub_unit`;

CREATE TABLE `item_sub_unit` (
  `id` int(11) NOT NULL AUTO_INCREMENT,
  `unit_name` varchar(50) NOT NULL,
  PRIMARY KEY (`id`)
) ENGINE=InnoDB DEFAULT CHARSET=utf8;

/*Data for the table `item_sub_unit` */

/*Table structure for table `item_unit` */

DROP TABLE IF EXISTS `item_unit`;

CREATE TABLE `item_unit` (
  `id` int(11) NOT NULL AUTO_INCREMENT,
  `unit_name` varchar(50) NOT NULL,
  PRIMARY KEY (`id`)
) ENGINE=InnoDB AUTO_INCREMENT=5 DEFAULT CHARSET=utf8;

/*Data for the table `item_unit` */

insert  into `item_unit`(`id`,`unit_name`) values (1,'បន្ទះ'),(2,'ប្រអប់'),(3,'ដប'),(4,'កំបុង');

/*Table structure for table `location` */

DROP TABLE IF EXISTS `location`;

CREATE TABLE `location` (
  `id` int(11) NOT NULL AUTO_INCREMENT,
  `name` varchar(200) COLLATE utf8mb4_unicode_ci NOT NULL,
  `name_kh` varchar(200) COLLATE utf8mb4_unicode_ci DEFAULT NULL,
  `loc_code` varchar(10) COLLATE utf8mb4_unicode_ci DEFAULT NULL,
  `address` varchar(200) COLLATE utf8mb4_unicode_ci DEFAULT NULL,
  `address1` varchar(200) COLLATE utf8mb4_unicode_ci DEFAULT NULL,
  `address2` varchar(200) COLLATE utf8mb4_unicode_ci DEFAULT NULL,
  `phone` varchar(20) COLLATE utf8mb4_unicode_ci DEFAULT NULL,
  `phone1` varchar(20) COLLATE utf8mb4_unicode_ci DEFAULT NULL,
  `wifi_password` varchar(30) COLLATE utf8mb4_unicode_ci DEFAULT NULL,
  `email` varchar(30) COLLATE utf8mb4_unicode_ci DEFAULT NULL,
  PRIMARY KEY (`id`)
) ENGINE=InnoDB AUTO_INCREMENT=7 DEFAULT CHARSET=utf8mb4 COLLATE=utf8mb4_unicode_ci;

/*Data for the table `location` */

insert  into `location`(`id`,`name`,`name_kh`,`loc_code`,`address`,`address1`,`address2`,`phone`,`phone1`,`wifi_password`,`email`) values (3,'KIRIROM','សាខាគីរីរម្យ','KRR','Add. #22A, St 276,','Beuong Kengkang 2,','Chamkamorn, PP.','023 222 150','093 851 111','vk093851111',''),(4,'SEAM REAP','សាខាខេត្តសៀមរាប','SR','Add. WATBO Village,','SALAKOMROEK Commune,','SIEM REAP District, SIEM REAP Provine,','063 760 989','093 852 222','',''),(5,'TOUL TOMPUONG','សាខាទួលទំពូង','TTP','Add. N315, St 430,   Phnom Penh,  Cambodia Kingdom Of Wonder.','SANGKAT Toul TomPong2,','KHAN Chamkamorn, PP.','023 224 170','093 853 333','',''),(6,'Olimpic','អូឡាំពិក','','','','','','','','');

/*Table structure for table `price_tier` */

DROP TABLE IF EXISTS `price_tier`;

CREATE TABLE `price_tier` (
  `id` int(11) NOT NULL AUTO_INCREMENT,
  `tier_name` varchar(30) COLLATE utf8mb4_unicode_ci NOT NULL,
  `modified_date` datetime DEFAULT NULL,
  `deleted` tinyint(4) DEFAULT '0',
  PRIMARY KEY (`id`)
) ENGINE=InnoDB AUTO_INCREMENT=5 DEFAULT CHARSET=utf8mb4 COLLATE=utf8mb4_unicode_ci;

/*Data for the table `price_tier` */

insert  into `price_tier`(`id`,`tier_name`,`modified_date`,`deleted`) values (1,'Price 2','2014-08-02 10:54:46',0),(2,'Normal','2014-06-21 10:38:07',1),(3,'Price 3','2014-08-02 10:54:36',0),(4,'Price 1','2014-09-01 11:33:35',0);

/*Table structure for table `price_tier_zone` */

DROP TABLE IF EXISTS `price_tier_zone`;

CREATE TABLE `price_tier_zone` (
  `zone_id` int(11) NOT NULL,
  `price_tier_id` int(11) NOT NULL,
  PRIMARY KEY (`zone_id`)
) ENGINE=InnoDB DEFAULT CHARSET=utf8mb4 COLLATE=utf8mb4_unicode_ci;

/*Data for the table `price_tier_zone` */

insert  into `price_tier_zone`(`zone_id`,`price_tier_id`) values (1,4),(2,4),(3,4),(4,4),(5,4),(6,4),(7,4),(8,4),(9,4),(10,4),(11,4),(12,4),(13,4),(14,4),(15,4);

/*Table structure for table `rbac_group` */

DROP TABLE IF EXISTS `rbac_group`;

CREATE TABLE `rbac_group` (
  `id` int(11) NOT NULL AUTO_INCREMENT,
  `title` varchar(60) NOT NULL,
  `note` varchar(250) DEFAULT NULL,
  `status` tinyint(1) DEFAULT '1',
  PRIMARY KEY (`id`)
) ENGINE=InnoDB DEFAULT CHARSET=utf8;

/*Data for the table `rbac_group` */

/*Table structure for table `rbac_user` */

DROP TABLE IF EXISTS `rbac_user`;

CREATE TABLE `rbac_user` (
  `id` int(11) NOT NULL AUTO_INCREMENT,
  `user_name` varchar(60) CHARACTER SET utf8 NOT NULL,
  `group_id` int(11) DEFAULT NULL,
  `employee_id` int(11) NOT NULL,
  `user_password` varchar(128) CHARACTER SET utf8 NOT NULL,
  `deleted` tinyint(1) DEFAULT '0',
  `status` tinyint(1) DEFAULT '1',
  `date_entered` datetime DEFAULT NULL,
  `modified_date` datetime DEFAULT NULL,
  `created_by` int(11) DEFAULT NULL,
  PRIMARY KEY (`id`),
  UNIQUE KEY `username_indx` (`user_name`),
  KEY `FK_rbac_user_group_id` (`group_id`),
  KEY `FK_rbac_user_employee_id` (`employee_id`)
) ENGINE=InnoDB AUTO_INCREMENT=19 DEFAULT CHARSET=utf8mb4 COLLATE=utf8mb4_unicode_ci;

/*Data for the table `rbac_user` */

insert  into `rbac_user`(`id`,`user_name`,`group_id`,`employee_id`,`user_password`,`deleted`,`status`,`date_entered`,`modified_date`,`created_by`) values (2,'admin',NULL,37,'$2a$08$6Bpd5qGSPhB5dehzcrje4eYbfeTmxKI6WI8AgnamWSJyC4nAYNES6',0,1,NULL,'2014-02-15 11:31:55',NULL),(3,'super',NULL,38,'$2a$08$/BW7UO.1LsTvZc5kfMtcyeFYbod45/8vM7ECJ6cYfnp8FFQ81NBlG',0,1,'2013-10-10 09:44:04','2014-05-06 16:35:34',NULL),(4,'sarith',NULL,39,'$2a$08$V8tLuAYd8U5fYCEXa9vxbuYLaihe5be/ZMdpmeWLkKUxV7xYcio3.',0,1,'2014-09-14 04:55:51','2014-09-14 04:55:51',NULL),(5,'Cashier 1',NULL,40,'$2a$08$RsxvYbAUt1GJfPFD.efHlui7Q1ao4l2Z4rxdbzIvGO5wlAFebvThG',0,1,'2014-09-14 05:04:43','2014-09-14 05:04:43',NULL),(6,'Chenda',NULL,41,'$2a$08$XyjkA9PBTDFOlPRJ1Bj7feFxvCfTOOVNuW4w3So1dPRalJRWcs1Hq',0,1,'2014-09-17 03:36:43','2014-11-16 21:41:02',NULL),(7,'Soy chenda',NULL,42,'$2a$08$Iw.A38iT2tDxt8XNHj01JuPXCtdbuPSD/vAMEgEZ/c9qnmQFS6Pw.',0,1,'2014-11-09 19:35:22','2014-11-09 19:35:22',NULL),(8,'Sokpov',NULL,43,'$2a$08$fzHlCUZNeKm4GTeAZv9HO.MtjxBhWk7bHDwaIkb4Y4ky7Z95tFnP2',0,1,'2014-11-16 20:58:57','2014-11-16 20:58:57',NULL),(9,'Cashier1',NULL,44,'$2a$08$RkB2eNCD6VHaE2Ne2RfoHO0N701P.OQWJFf5hXswS/WK4X379AL0K',0,1,'2014-11-16 21:19:52','2014-11-16 21:19:52',NULL),(10,'Cashier2',NULL,45,'$2a$08$1/9kaIf08nlzzbXYMKgy1u.Mik0H.Aok1NzfJCEP4xcF4iHzFk5du',0,1,'2014-11-16 21:36:55','2014-11-16 21:36:55',NULL),(11,'AM',NULL,46,'$2a$08$SycHxLXAiVwsQ5YQufeCueyfRgU4gOj81bjZMyS2Ru7g/3GeF4gPy',0,1,'2014-11-16 21:48:14','2014-11-16 21:48:14',NULL),(12,'TTPCashier1',NULL,47,'$2a$08$jNqYyxl3aqwfQfSL2iwm/eBahXi6VrjHrtZp5vbXzlkFVUKcPYUcu',0,1,'2014-11-16 21:57:07','2014-11-16 21:57:07',NULL),(13,'TTPCashier2',NULL,48,'$2a$08$JdXdFinMOJ9zchVCnN4tTePKgV7sdG/4mbYrOGdrEn9041sxF9R3G',0,1,'2014-11-16 22:22:58','2014-11-16 22:22:58',NULL),(14,'BM',NULL,49,'$2a$08$7i.fYMD6oPSPE2nxmYoRIeiVEW358lhTHLUEElXioCxAvrxOrWIdW',0,1,'2014-11-16 22:30:58','2014-11-16 22:30:58',NULL),(15,'GM',NULL,50,'$2a$08$B2Ef3nLgrM1YO./hXjhCeuFnBWXcTdn.jYiOOKP5sgj.JuGscJbi.',0,1,'2014-11-16 22:43:24','2014-11-16 22:43:24',NULL),(16,'SRCashier1',NULL,51,'$2a$08$OCHsndcJWJ3GkdiyBokkvODnjOWoBna0S6Qm9DasJQ7NdL1vFJyea',0,1,'2014-11-16 22:46:45','2014-11-16 22:46:45',NULL),(17,'SRCashier2',NULL,52,'$2a$08$E8Vczy.f.7O9lesdkvBfUenY2djVCpP.M9LqeQ828tE0B9fplqome',0,1,'2014-11-16 22:49:15','2014-11-16 22:49:15',NULL),(18,'Dara',NULL,53,'$2a$08$kGyximWfavv8GUBKtBqfruZXG82gbBTWmqBIGtHYeGkumo8zFoc8u',0,1,'2014-11-25 04:22:29','2014-11-25 04:22:29',NULL);

/*Table structure for table `receiving` */

DROP TABLE IF EXISTS `receiving`;

CREATE TABLE `receiving` (
  `id` int(11) NOT NULL AUTO_INCREMENT,
  `receive_time` datetime NOT NULL,
  `supplier_id` int(11) DEFAULT NULL,
  `employee_id` int(11) DEFAULT NULL,
  `sub_total` double(15,4) DEFAULT NULL,
  `payment_type` varchar(255) CHARACTER SET utf8 DEFAULT NULL,
  `status` varchar(30) CHARACTER SET utf8 DEFAULT NULL,
  `remark` text CHARACTER SET utf8,
  PRIMARY KEY (`id`),
  KEY `FK_sale_emp_id` (`employee_id`)
) ENGINE=InnoDB AUTO_INCREMENT=9 DEFAULT CHARSET=utf8mb4 COLLATE=utf8mb4_unicode_ci;

/*Data for the table `receiving` */

insert  into `receiving`(`id`,`receive_time`,`supplier_id`,`employee_id`,`sub_total`,`payment_type`,`status`,`remark`) values (2,'2014-06-25 12:12:25',NULL,38,0.0000,'','Receive from Supplier',NULL),(5,'2014-06-25 12:15:22',NULL,38,9.0000,'','Receive from Supplier',NULL),(6,'2014-06-25 12:15:58',NULL,38,1.0000,'','Receive from Supplier',NULL),(7,'2014-06-25 12:17:23',NULL,38,2.0000,'','Receive from Supplier',NULL),(8,'2014-06-25 12:17:37',NULL,38,4.0000,'','Receive from Supplier',NULL);

/*Table structure for table `receiving_item` */

DROP TABLE IF EXISTS `receiving_item`;

CREATE TABLE `receiving_item` (
  `receive_id` int(11) NOT NULL,
  `item_id` int(11) NOT NULL,
  `description` text CHARACTER SET utf8,
  `line` int(11) DEFAULT NULL,
  `quantity` double(15,2) DEFAULT NULL,
  `cost_price` double(15,4) DEFAULT NULL,
  `unit_price` double(15,4) DEFAULT NULL,
  `price` double(15,4) DEFAULT NULL,
  `discount_amount` double(15,2) DEFAULT NULL,
  `discount_type` varchar(2) CHARACTER SET utf8 DEFAULT '%',
  PRIMARY KEY (`receive_id`,`item_id`),
  KEY `FK_sale_item_item_id` (`item_id`)
) ENGINE=InnoDB DEFAULT CHARSET=utf8mb4 COLLATE=utf8mb4_unicode_ci;

/*Data for the table `receiving_item` */

insert  into `receiving_item`(`receive_id`,`item_id`,`description`,`line`,`quantity`,`cost_price`,`unit_price`,`price`,`discount_amount`,`discount_type`) values (1,1,NULL,1,1.00,1.1000,1.2000,1.1000,0.00,'%'),(1,7,NULL,7,1.00,1.0000,2.0000,1.0000,0.00,'%'),(1,8,NULL,8,1.00,1.0000,2.0000,1.0000,0.00,'%'),(1,9,NULL,9,1.00,2.0000,3.0000,2.0000,0.00,'%'),(1,11,NULL,11,1.00,2.3000,2.4000,2.3000,0.00,'%'),(1,15,NULL,15,1.00,1.0000,2.0000,1.0000,0.00,'%'),(1,16,NULL,16,1.00,1.1000,1.2000,1.1000,0.00,'%'),(1,17,NULL,17,1.00,1.2000,1.3000,1.2000,0.00,'%'),(2,1,NULL,1,9.00,1.1000,1.2000,1.1000,0.00,'%'),(2,9,NULL,9,10.00,0.0000,3.0000,0.0000,0.00,'%'),(3,1,NULL,1,1.00,1.1000,1.2000,1.1000,0.00,'%'),(3,9,NULL,9,1.00,2.0000,3.0000,2.0000,0.00,'%'),(4,9,NULL,9,3.00,2.0000,3.0000,2.0000,0.00,'%'),(4,20,NULL,20,3.00,1.0000,2.0000,1.0000,0.00,'%'),(5,9,NULL,9,8.00,0.0000,3.0000,0.0000,0.00,'%'),(5,10,NULL,10,9.00,1.0000,2.0000,1.0000,0.00,'%'),(6,9,NULL,9,10.00,0.0000,3.0000,0.0000,0.00,'%'),(6,10,NULL,10,1.00,1.0000,2.0000,1.0000,0.00,'%'),(7,9,NULL,9,3.00,0.0000,3.0000,0.0000,0.00,'%'),(7,10,NULL,10,2.00,1.0000,2.0000,1.0000,0.00,'%'),(8,9,NULL,9,5.00,0.0000,3.0000,0.0000,0.00,'%'),(8,10,NULL,10,4.00,1.0000,2.0000,1.0000,0.00,'%');

/*Table structure for table `sale` */

DROP TABLE IF EXISTS `sale`;

CREATE TABLE `sale` (
  `id` int(11) NOT NULL AUTO_INCREMENT,
  `sale_time` datetime NOT NULL,
  `client_id` int(11) DEFAULT NULL,
  `desk_id` int(11) DEFAULT NULL,
  `zone_id` int(11) DEFAULT NULL,
  `group_id` int(11) DEFAULT NULL,
  `employee_id` int(11) DEFAULT NULL,
  `location_id` int(11) NOT NULL,
  `sub_total` double(15,4) DEFAULT NULL,
  `payment_type` varchar(255) CHARACTER SET utf8 DEFAULT NULL,
  `status` varchar(20) CHARACTER SET utf8 DEFAULT NULL,
  `remark` text CHARACTER SET utf8,
  `discount_amount` decimal(15,2) DEFAULT NULL,
  `discount_type` varchar(2) COLLATE utf8mb4_unicode_ci DEFAULT NULL,
  PRIMARY KEY (`id`,`location_id`),
  KEY `FK_sale_emp_id` (`employee_id`),
  KEY `FK_sale_client_id` (`client_id`),
  KEY `FK_sale_zone_id` (`zone_id`),
  CONSTRAINT `FK_sale_zone_id` FOREIGN KEY (`zone_id`) REFERENCES `zone` (`id`)
) ENGINE=InnoDB AUTO_INCREMENT=16 DEFAULT CHARSET=utf8mb4 COLLATE=utf8mb4_unicode_ci;

/*Data for the table `sale` */

/*Table structure for table `sale_item` */

DROP TABLE IF EXISTS `sale_item`;

CREATE TABLE `sale_item` (
  `sale_id` int(11) NOT NULL,
  `item_id` int(11) NOT NULL,
  `description` text CHARACTER SET utf8,
  `line` int(11) DEFAULT NULL,
  `quantity` double(15,0) DEFAULT NULL,
  `cost_price` double(15,4) DEFAULT NULL,
  `unit_price` double(15,4) DEFAULT NULL,
  `price` double(15,4) DEFAULT NULL,
  `discount_amount` double(15,2) DEFAULT NULL,
  `discount_type` varchar(2) CHARACTER SET utf8 DEFAULT '%',
  `item_parent_id` int(11) NOT NULL DEFAULT '0',
  `location_id` int(11) NOT NULL,
  `path` varchar(50) COLLATE utf8mb4_unicode_ci DEFAULT NULL,
  PRIMARY KEY (`sale_id`,`item_id`,`item_parent_id`,`location_id`),
  KEY `FK_sale_item_item_id` (`item_id`),
  CONSTRAINT `FK_sale_item_sale_id` FOREIGN KEY (`sale_id`) REFERENCES `sale` (`id`) ON DELETE CASCADE
) ENGINE=InnoDB DEFAULT CHARSET=utf8mb4 COLLATE=utf8mb4_unicode_ci;

/*Data for the table `sale_item` */

/*Table structure for table `sale_order` */

DROP TABLE IF EXISTS `sale_order`;

CREATE TABLE `sale_order` (
  `id` int(8) NOT NULL AUTO_INCREMENT,
  `sale_time` datetime NOT NULL,
  `client_id` int(11) DEFAULT NULL,
  `desk_id` int(11) DEFAULT NULL,
  `zone_id` int(11) DEFAULT NULL,
  `group_id` int(11) DEFAULT NULL,
  `employee_id` int(11) DEFAULT NULL,
  `location_id` int(11) NOT NULL DEFAULT '0',
  `sub_total` double(15,4) DEFAULT NULL,
  `payment_type` varchar(255) CHARACTER SET utf8 DEFAULT NULL,
  `status` tinyint(4) DEFAULT '1',
  `remark` text CHARACTER SET utf8,
  `discount_amount` decimal(15,2) DEFAULT NULL,
  `discount_type` varchar(2) COLLATE utf8mb4_unicode_ci DEFAULT NULL,
  `giftcard_id` int(11) DEFAULT NULL,
  `empty_flag` tinyint(1) DEFAULT '1',
  PRIMARY KEY (`id`,`location_id`),
  UNIQUE KEY `desk_id` (`desk_id`,`group_id`,`location_id`,`status`,`id`),
  KEY `FK_sale_emp_id` (`employee_id`),
  KEY `FK_sale_client_id` (`client_id`),
  KEY `FK_sale_zone_id` (`zone_id`),
  KEY `FK_sale_order_id` (`giftcard_id`)
) ENGINE=MyISAM DEFAULT CHARSET=utf8mb4 COLLATE=utf8mb4_unicode_ci;

/*Data for the table `sale_order` */

/*Table structure for table `sale_order_audit_log` */

DROP TABLE IF EXISTS `sale_order_audit_log`;

CREATE TABLE `sale_order_audit_log` (
  `id` int(11) NOT NULL AUTO_INCREMENT,
  `sale_id` int(11) NOT NULL,
  `cur_desk_id` int(11) DEFAULT NULL,
  `new_desk_id` int(11) DEFAULT NULL,
  `cur_group_id` int(11) DEFAULT NULL,
  `new_group_id` int(11) DEFAULT NULL,
  `cur_employee_id` int(11) DEFAULT NULL,
  `new_employee_id` int(11) DEFAULT NULL,
  `location_id` int(11) DEFAULT NULL,
  `remark` varchar(30) COLLATE utf8mb4_unicode_ci DEFAULT NULL,
  `modified_date` datetime DEFAULT NULL,
  PRIMARY KEY (`id`)
) ENGINE=InnoDB DEFAULT CHARSET=utf8mb4 COLLATE=utf8mb4_unicode_ci;

/*Data for the table `sale_order_audit_log` */

/*Table structure for table `sale_order_item` */

DROP TABLE IF EXISTS `sale_order_item`;

CREATE TABLE `sale_order_item` (
  `sale_id` int(11) NOT NULL,
  `item_id` int(11) NOT NULL,
  `description` text CHARACTER SET utf8,
  `line` int(11) DEFAULT NULL,
  `quantity` double(15,0) DEFAULT NULL,
  `cost_price` double(15,2) DEFAULT NULL,
  `unit_price` double(15,2) DEFAULT NULL,
  `price` double(15,2) DEFAULT NULL,
  `discount_amount` double(15,2) DEFAULT NULL,
  `discount_type` varchar(2) CHARACTER SET utf8 DEFAULT '%',
  `modified_date` datetime DEFAULT NULL,
  `item_parent_id` int(11) NOT NULL DEFAULT '0',
  `location_id` int(11) NOT NULL,
  `path` varchar(50) COLLATE utf8mb4_unicode_ci DEFAULT NULL,
  PRIMARY KEY (`sale_id`,`location_id`,`item_id`,`item_parent_id`)
) ENGINE=InnoDB DEFAULT CHARSET=utf8mb4 COLLATE=utf8mb4_unicode_ci;

/*Data for the table `sale_order_item` */

/*Table structure for table `sale_order_item_print` */

DROP TABLE IF EXISTS `sale_order_item_print`;

CREATE TABLE `sale_order_item_print` (
  `sale_id` int(11) NOT NULL,
  `item_id` int(11) NOT NULL DEFAULT '0',
  `description` text CHARACTER SET utf8,
  `line` int(11) DEFAULT NULL,
  `quantity` double(15,0) DEFAULT NULL,
  `cost_price` double(15,2) DEFAULT NULL,
  `unit_price` double(15,2) DEFAULT NULL,
  `price` double(15,2) DEFAULT NULL,
  `discount_amount` double(15,2) DEFAULT NULL,
  `discount_type` varchar(2) CHARACTER SET utf8 DEFAULT '%',
  `modified_date` datetime DEFAULT NULL,
  `item_parent_id` int(11) NOT NULL DEFAULT '0',
  `location_id` int(11) NOT NULL,
  `path` varchar(50) COLLATE utf8mb4_unicode_ci DEFAULT NULL,
  PRIMARY KEY (`sale_id`,`item_id`,`item_parent_id`,`location_id`)
) ENGINE=InnoDB DEFAULT CHARSET=utf8mb4 COLLATE=utf8mb4_unicode_ci;

/*Data for the table `sale_order_item_print` */

/*Table structure for table `sale_order_old` */

DROP TABLE IF EXISTS `sale_order_old`;

CREATE TABLE `sale_order_old` (
  `id` int(11) NOT NULL AUTO_INCREMENT,
  `sale_time` datetime NOT NULL,
  `client_id` int(11) DEFAULT NULL,
  `desk_id` int(11) DEFAULT NULL,
  `zone_id` int(11) DEFAULT NULL,
  `group_id` int(11) DEFAULT NULL,
  `employee_id` int(11) DEFAULT NULL,
  `location_id` int(11) DEFAULT NULL,
  `sub_total` double(15,4) DEFAULT NULL,
  `payment_type` varchar(255) CHARACTER SET utf8 DEFAULT NULL,
  `status` varchar(20) CHARACTER SET utf8 DEFAULT NULL,
  `remark` text CHARACTER SET utf8,
  `discount_amount` decimal(15,2) DEFAULT NULL,
  `discount_type` varchar(2) COLLATE utf8mb4_unicode_ci DEFAULT NULL,
  `giftcard_id` int(11) DEFAULT NULL,
  `empty_flag` tinyint(1) DEFAULT '1',
  PRIMARY KEY (`id`),
  UNIQUE KEY `desk_id` (`desk_id`,`group_id`,`location_id`),
  KEY `FK_sale_emp_id` (`employee_id`),
  KEY `FK_sale_client_id` (`client_id`),
  KEY `FK_sale_zone_id` (`zone_id`),
  KEY `FK_sale_order_id` (`giftcard_id`),
  CONSTRAINT `FK_sale_order_desk_id` FOREIGN KEY (`desk_id`) REFERENCES `desk` (`id`),
  CONSTRAINT `FK_sale_order_id` FOREIGN KEY (`giftcard_id`) REFERENCES `giftcard` (`id`)
) ENGINE=InnoDB DEFAULT CHARSET=utf8mb4 COLLATE=utf8mb4_unicode_ci;

/*Data for the table `sale_order_old` */

/*Table structure for table `sale_payment` */

DROP TABLE IF EXISTS `sale_payment`;

CREATE TABLE `sale_payment` (
  `id` int(11) NOT NULL AUTO_INCREMENT,
  `sale_id` int(11) NOT NULL,
  `payment_type` varchar(40) CHARACTER SET utf8 DEFAULT NULL,
  `payment_amount` double NOT NULL,
  `give_away` double DEFAULT NULL,
  `date_paid` datetime DEFAULT NULL,
  `note` text CHARACTER SET utf8,
  `modified_date` datetime NOT NULL,
  PRIMARY KEY (`id`),
  KEY `FK_sale_payment_sale_id` (`sale_id`)
) ENGINE=InnoDB DEFAULT CHARSET=utf8mb4 COLLATE=utf8mb4_unicode_ci;

/*Data for the table `sale_payment` */

/*Table structure for table `sale_payment_header` */

DROP TABLE IF EXISTS `sale_payment_header`;

CREATE TABLE `sale_payment_header` (
  `id` int(11) NOT NULL AUTO_INCREMENT,
  `amount` decimal(15,2) NOT NULL,
  `employee_id` int(11) DEFAULT NULL,
  `date_paid` datetime DEFAULT NULL,
  PRIMARY KEY (`id`),
  KEY `FK_sale_payment_receipt_emp_id` (`employee_id`)
) ENGINE=InnoDB DEFAULT CHARSET=utf8;

/*Data for the table `sale_payment_header` */

/*Table structure for table `sale_suspended` */

DROP TABLE IF EXISTS `sale_suspended`;

CREATE TABLE `sale_suspended` (
  `id` int(11) NOT NULL AUTO_INCREMENT,
  `sale_time` datetime NOT NULL,
  `client_id` int(11) DEFAULT NULL,
  `employee_id` int(11) DEFAULT NULL,
  `sub_total` double(15,4) DEFAULT NULL,
  `payment_type` varchar(255) CHARACTER SET utf8 DEFAULT NULL,
  `remark` text CHARACTER SET utf8,
  PRIMARY KEY (`id`),
  KEY `FK_sale_suspended_client_id` (`client_id`),
  KEY `FK_sale_suspended_emp_Id` (`employee_id`)
) ENGINE=InnoDB DEFAULT CHARSET=utf8mb4 COLLATE=utf8mb4_unicode_ci;

/*Data for the table `sale_suspended` */

/*Table structure for table `sale_suspended_item` */

DROP TABLE IF EXISTS `sale_suspended_item`;

CREATE TABLE `sale_suspended_item` (
  `sale_id` int(11) NOT NULL,
  `item_id` int(11) NOT NULL,
  `description` text CHARACTER SET utf8,
  `line` int(11) DEFAULT NULL,
  `quantity` double(15,2) DEFAULT NULL,
  `cost_price` double(15,4) DEFAULT NULL,
  `unit_price` double(15,4) DEFAULT NULL,
  `price` double(15,4) DEFAULT NULL,
  `discount_amount` double(15,2) DEFAULT NULL,
  `discount_type` varchar(2) CHARACTER SET utf8 DEFAULT '%',
  KEY `FK_sale_suspended_item_sale_id` (`sale_id`),
  KEY `FK_sale_suspended_item_item_id` (`item_id`)
) ENGINE=InnoDB DEFAULT CHARSET=utf8mb4 COLLATE=utf8mb4_unicode_ci;

/*Data for the table `sale_suspended_item` */

/*Table structure for table `sale_suspended_payment` */

DROP TABLE IF EXISTS `sale_suspended_payment`;

CREATE TABLE `sale_suspended_payment` (
  `sale_id` int(11) NOT NULL,
  `payment_type` varchar(40) CHARACTER SET utf8 NOT NULL,
  `payment_amount` double NOT NULL,
  PRIMARY KEY (`sale_id`,`payment_type`)
) ENGINE=InnoDB DEFAULT CHARSET=utf8mb4 COLLATE=utf8mb4_unicode_ci;

/*Data for the table `sale_suspended_payment` */

/*Table structure for table `sale_table` */

DROP TABLE IF EXISTS `sale_table`;

CREATE TABLE `sale_table` (
  `id` int(11) NOT NULL AUTO_INCREMENT,
  `sale_id` int(11) NOT NULL,
  `zone_id` int(11) NOT NULL,
  `table_id` int(11) NOT NULL,
  PRIMARY KEY (`id`),
  UNIQUE KEY `sale_table_id` (`sale_id`,`zone_id`,`table_id`),
  KEY `FK_sale_table_zone_id` (`zone_id`),
  KEY `FK_sale_table_table_id` (`table_id`),
  CONSTRAINT `FK_sale_table_id` FOREIGN KEY (`sale_id`) REFERENCES `sale` (`id`) ON DELETE CASCADE,
  CONSTRAINT `FK_sale_table_table_id` FOREIGN KEY (`table_id`) REFERENCES `desk` (`id`),
  CONSTRAINT `FK_sale_table_zone_id` FOREIGN KEY (`zone_id`) REFERENCES `zone` (`id`)
) ENGINE=InnoDB DEFAULT CHARSET=utf8mb4 COLLATE=utf8mb4_unicode_ci;

/*Data for the table `sale_table` */

/*Table structure for table `sessions` */

DROP TABLE IF EXISTS `sessions`;

CREATE TABLE `sessions` (
  `id` char(32) COLLATE utf8mb4_unicode_ci NOT NULL,
  `expire` int(11) DEFAULT NULL,
  `data` longblob,
  PRIMARY KEY (`id`)
) ENGINE=InnoDB DEFAULT CHARSET=utf8mb4 COLLATE=utf8mb4_unicode_ci;

/*Data for the table `sessions` */

insert  into `sessions`(`id`,`expire`,`data`) values ('37h8jrsb8b7d0f6dh2f1cr1ri4',1420010607,'d68c65150836b4aa2da690277b237eaa__isAdmin|b:1;d68c65150836b4aa2da690277b237eaa__returnUrl|s:46:\"/bakou_pos_restaurant/index.php/saleItem/index\";employeeid|s:2:\"37\";userid|s:1:\"2\";emp_fullname|s:12:\"Owner System\";location_id|s:1:\"3\";location_code|s:3:\"KRR\";location_name|s:7:\"KIRIROM\";location_namekh|s:36:\"សាខាគីរីរម្យ\";location_phone|s:11:\"023 222 150\";location_phone1|s:11:\"093 851 111\";location_address|s:18:\"Add. #22A, St 276,\";location_address1|s:18:\"Beuong Kengkang 2,\";location_address2|s:15:\"Chamkamorn, PP.\";location_wifi|s:11:\"vk093851111\";location_email|s:0:\"\";d68c65150836b4aa2da690277b237eaa__id|s:1:\"2\";d68c65150836b4aa2da690277b237eaa__name|s:5:\"admin\";d68c65150836b4aa2da690277b237eaa__states|a:0:{}groupid|s:1:\"1\";saleqty|i:0;salesubtotal|i:0;saletotal|i:0;salediscount|i:0;payments|a:0:{}zoneid|s:2:\"-1\";pricetier|N;tableid|N;'),('prbph9o96udht99ad3h6n08ei7',1420010768,'d68c65150836b4aa2da690277b237eaa__isAdmin|b:0;employeeid|s:2:\"38\";userid|s:1:\"3\";emp_fullname|s:9:\"super pos\";location_id|s:1:\"3\";location_code|s:3:\"KRR\";location_name|s:7:\"KIRIROM\";location_namekh|s:36:\"សាខាគីរីរម្យ\";location_phone|s:11:\"023 222 150\";location_phone1|s:11:\"093 851 111\";location_address|s:18:\"Add. #22A, St 276,\";location_address1|s:18:\"Beuong Kengkang 2,\";location_address2|s:15:\"Chamkamorn, PP.\";location_wifi|s:11:\"vk093851111\";location_email|s:0:\"\";d68c65150836b4aa2da690277b237eaa__id|s:1:\"3\";d68c65150836b4aa2da690277b237eaa__name|s:5:\"super\";d68c65150836b4aa2da690277b237eaa__states|a:0:{}groupid|s:1:\"1\";saleqty|s:1:\"5\";salesubtotal|s:8:\"60000.00\";saletotal|s:12:\"60000.000000\";customer|N;salediscount|s:8:\"0.000000\";payments|a:0:{}zoneid|s:2:\"-1\";pricetier|s:1:\"4\";tableid|s:2:\"67\";');

/*Table structure for table `settings` */

DROP TABLE IF EXISTS `settings`;

CREATE TABLE `settings` (
  `id` int(11) NOT NULL AUTO_INCREMENT,
  `category` varchar(64) CHARACTER SET utf8 NOT NULL DEFAULT 'system',
  `key` varchar(255) CHARACTER SET utf8 NOT NULL,
  `value` text CHARACTER SET utf8 NOT NULL,
  PRIMARY KEY (`id`),
  KEY `category_key` (`category`,`key`)
) ENGINE=InnoDB AUTO_INCREMENT=54 DEFAULT CHARSET=utf8mb4 COLLATE=utf8mb4_unicode_ci;

/*Data for the table `settings` */

insert  into `settings`(`id`,`category`,`key`,`value`) values (32,'exchange_rate','USD2KHR','s:4:\"4000\";'),(33,'site','companyName','s:27:\"វីតឃីងហាវ\";'),(34,'site','companyAddress','s:36:\"សាខាគីរិរម្យ\";'),(35,'site','companyPhone','s:11:\"85512777007\";'),(36,'site','currencySymbol','s:3:\"៛\";'),(37,'site','email','s:14:\"yoyo@gmail.com\";'),(38,'site','returnPolicy','s:26:\"(Thank you, see you again)\";'),(39,'system','language','s:2:\"en\";'),(40,'system','decimalPlace','s:1:\"0\";'),(41,'sale','saleCookie','s:1:\"0\";'),(42,'sale','receiptPrint','s:1:\"1\";'),(43,'sale','receiptPrintDraftSale','s:0:\"\";'),(44,'sale','touchScreen','s:1:\"1\";'),(45,'sale','discount','s:6:\"hidden\";'),(46,'receipt','printcompanyLogo','s:0:\"\";'),(47,'receipt','printcompanyName','s:1:\"1\";'),(48,'receipt','printcompanyAddress','s:1:\"1\";'),(49,'receipt','printcompanyPhone','s:1:\"1\";'),(50,'receipt','printtransactionTime','s:1:\"1\";'),(51,'receipt','printSignature','s:0:\"\";'),(52,'site','companyAddress1','s:20:\"Phnom Penh, Cambodia\";'),(53,'receipt','printcompanyAddress1','s:1:\"1\";');

/*Table structure for table `supplier` */

DROP TABLE IF EXISTS `supplier`;

CREATE TABLE `supplier` (
  `id` int(11) NOT NULL AUTO_INCREMENT,
  `company_name` varchar(60) CHARACTER SET utf8 NOT NULL,
  `first_name` varchar(30) CHARACTER SET utf8 NOT NULL,
  `last_name` varchar(30) CHARACTER SET utf8 NOT NULL,
  `mobile_no` varchar(20) CHARACTER SET utf8 DEFAULT NULL,
  `address1` varchar(50) CHARACTER SET utf8 DEFAULT NULL,
  `address2` varchar(50) CHARACTER SET utf8 DEFAULT NULL,
  `city_id` int(11) DEFAULT NULL,
  `country_code` varchar(3) CHARACTER SET utf8 DEFAULT NULL,
  `email` varchar(30) CHARACTER SET utf8 DEFAULT NULL,
  `notes` text CHARACTER SET utf8,
  PRIMARY KEY (`id`)
) ENGINE=InnoDB AUTO_INCREMENT=2 DEFAULT CHARSET=utf8mb4 COLLATE=utf8mb4_unicode_ci;

/*Data for the table `supplier` */

insert  into `supplier`(`id`,`company_name`,`first_name`,`last_name`,`mobile_no`,`address1`,`address2`,`city_id`,`country_code`,`email`,`notes`) values (1,'ABC Extra Stote','lux','sok','','','',NULL,NULL,NULL,'');

/*Table structure for table `tbl_audit_logs` */

DROP TABLE IF EXISTS `tbl_audit_logs`;

CREATE TABLE `tbl_audit_logs` (
  `username` varchar(50) CHARACTER SET latin1 NOT NULL,
  `ipaddress` varchar(50) CHARACTER SET latin1 NOT NULL,
  `logtime` timestamp NOT NULL DEFAULT CURRENT_TIMESTAMP,
  `controller` varchar(255) CHARACTER SET latin1 NOT NULL DEFAULT '',
  `action` varchar(255) CHARACTER SET latin1 NOT NULL DEFAULT '',
  `details` text COLLATE utf8mb4_unicode_ci
) ENGINE=InnoDB DEFAULT CHARSET=utf8mb4 COLLATE=utf8mb4_unicode_ci;

/*Data for the table `tbl_audit_logs` */

insert  into `tbl_audit_logs`(`username`,`ipaddress`,`logtime`,`controller`,`action`,`details`) values ('Guest','203.144.91.4','2014-06-11 05:43:08','site','index',''),('super','203.144.91.4','2014-06-11 05:43:41','dashboard','view',''),('super','203.144.91.4','2014-06-11 05:52:17','saleItem','index',''),('super','203.144.91.4','2014-06-11 05:52:27','priceTier','admin',''),('super','203.144.91.4','2014-06-11 05:52:32','saleItem','index',''),('super','203.144.91.4','2014-06-11 05:52:53','item','admin',''),('super','203.144.91.4','2014-06-11 05:52:56','item','admin',''),('super','203.144.91.4','2014-06-11 05:52:58','item','admin',''),('super','203.144.91.4','2014-06-11 05:53:00','dashboard','view',''),('super','203.144.91.4','2014-06-11 05:53:03','saleItem','index',''),('super','203.144.91.4','2014-06-11 05:53:03','saleItem','index',''),('Guest','203.144.91.4','2014-06-11 05:53:34','site','index',''),('Guest','72.223.39.64','2014-06-11 06:04:39','site','index',''),('Guest','72.223.39.64','2014-06-11 06:05:09','site','index',''),('Guest','72.223.39.64','2014-06-11 06:05:14','site','index',''),('super','72.223.39.64','2014-06-11 06:05:30','dashboard','view',''),('super','72.223.39.64','2014-06-11 06:05:38','item','admin',''),('super','72.223.39.64','2014-06-11 06:06:06','receivingItem','index',''),('super','72.223.39.64','2014-06-11 06:06:15','item','admin',''),('super','72.223.39.64','2014-06-11 06:06:22','item','UpdateImage',''),('super','72.223.39.64','2014-06-11 06:06:28','client','admin',''),('super','72.223.39.64','2014-06-11 06:06:31','site','error',''),('super','72.223.39.64','2014-06-11 06:06:36','report','SaleInvoice',''),('super','72.223.39.64','2014-06-11 06:06:41','site','error',''),('super','72.223.39.64','2014-06-11 06:06:45','client','admin',''),('super','72.223.39.64','2014-06-11 06:06:50','settings','index',''),('super','72.223.39.64','2014-06-11 06:09:23','settings','index',''),('super','72.223.39.64','2014-06-11 06:09:52','dashboard','view',''),('super','72.223.39.64','2014-06-11 06:11:21','item','admin',''),('super','72.223.39.64','2014-06-11 06:11:28','dashboard','view',''),('super','72.223.39.64','2014-06-11 06:14:32','site','about',''),('super','72.223.39.64','2014-06-11 06:14:54','employee','admin',''),('super','72.223.39.64','2014-06-11 06:15:04','supplier','admin',''),('super','72.223.39.64','2014-06-11 06:15:09','report','SaleInvoice',''),('Guest','72.223.39.64','2014-06-11 06:15:39','site','index',''),('Guest','203.144.91.4','2014-06-11 07:01:54','site','index',''),('super','203.144.91.4','2014-06-11 07:02:02','dashboard','view',''),('super','203.144.91.4','2014-06-11 07:02:05','item','admin',''),('super','203.144.91.4','2014-06-11 07:02:08','site','about',''),('super','203.144.91.4','2014-06-11 07:02:12','employee','admin',''),('super','203.144.91.4','2014-06-11 07:02:13','supplier','admin',''),('super','203.144.91.4','2014-06-11 07:02:15','settings','index',''),('super','203.144.91.4','2014-06-11 07:02:16','priceTier','admin',''),('super','203.144.91.4','2014-06-11 07:02:19','saleItem','index',''),('super','203.144.91.4','2014-06-11 07:02:21','sale','Invoice',''),('super','203.144.91.4','2014-06-11 07:02:23','receivingItem','index',''),('super','203.144.91.4','2014-06-11 07:02:25','receivingItem','index',''),('super','203.144.91.4','2014-06-11 07:02:26','client','admin',''),('super','203.144.91.4','2014-06-11 07:02:29','receivingItem','index',''),('Guest','203.144.91.4','2014-06-11 07:02:32','site','index',''),('Guest','148.167.2.30','2014-06-11 10:40:54','site','index',''),('super','148.167.2.30','2014-06-11 10:41:31','dashboard','view',''),('super','148.167.2.30','2014-06-11 10:42:05','client','admin',''),('super','148.167.2.30','2014-06-11 10:42:06','site','error',''),('super','148.167.2.30','2014-06-11 10:42:07','report','SaleInvoice',''),('super','148.167.2.30','2014-06-11 10:42:09','settings','index',''),('super','148.167.2.30','2014-06-11 10:42:14','settings','index',''),('super','148.167.2.30','2014-06-11 10:42:16','client','admin',''),('super','148.167.2.30','2014-06-11 10:42:17','site','error',''),('super','148.167.2.30','2014-06-11 10:42:17','report','SaleInvoice',''),('super','148.167.2.30','2014-06-11 10:42:28','settings','index',''),('super','148.167.2.30','2014-06-11 10:42:33','site','about',''),('super','148.167.2.30','2014-06-11 10:42:37','report','SaleItemSummary',''),('super','148.167.2.30','2014-06-11 10:42:38','site','error',''),('super','148.167.2.30','2014-06-11 10:42:47','dashboard','view',''),('Guest','148.167.2.30','2014-06-11 10:43:11','site','index',''),('Guest','148.167.2.30','2014-06-11 10:43:24','site','index',''),('super','148.167.2.30','2014-06-11 10:45:40','dashboard','view',''),('super','148.167.2.30','2014-06-11 10:45:45','dashboard','view',''),('super','148.167.2.30','2014-06-11 10:45:46','item','admin',''),('super','148.167.2.30','2014-06-11 10:45:50','site','error',''),('super','148.167.2.30','2014-06-11 10:45:54','site','error',''),('super','148.167.2.30','2014-06-11 10:46:05','client','admin',''),('super','148.167.2.30','2014-06-11 10:46:11','client','admin',''),('super','148.167.2.30','2014-06-11 10:46:16','dashboard','view',''),('super','148.167.2.30','2014-06-11 10:46:52','dashboard','view',''),('Guest','148.167.2.30','2014-06-11 10:46:55','site','index',''),('Guest','148.167.2.30','2014-06-11 10:52:06','site','index',''),('super','148.167.2.30','2014-06-11 10:52:13','dashboard','view',''),('super','148.167.2.30','2014-06-11 10:52:17','sale','Invoice',''),('super','148.167.2.30','2014-06-11 10:52:27','receivingItem','index',''),('super','148.167.2.30','2014-06-11 10:52:30','client','admin',''),('super','148.167.2.30','2014-06-11 10:52:31','item','admin',''),('Guest','148.167.2.30','2014-06-11 10:52:37','site','index',''),('Guest','203.144.68.145','2014-06-11 18:06:35','site','index',''),('super','203.144.68.145','2014-06-11 18:06:44','dashboard','view',''),('Guest','203.144.68.145','2014-06-11 18:07:46','site','index',''),('Guest','203.144.91.4','2014-06-11 21:00:06','site','index',''),('Guest','42.115.40.103','2014-06-11 21:00:19','site','index',''),('Guest','42.115.39.160','2014-06-11 23:38:46','site','index',''),('Guest','124.248.166.17','2014-06-12 01:58:42','site','index',''),('super','124.248.166.17','2014-06-12 01:58:53','dashboard','view',''),('super','124.248.166.17','2014-06-12 01:59:01','report','Inventory',''),('super','124.248.166.17','2014-06-12 02:00:42','sale','Invoice',''),('super','124.248.166.17','2014-06-12 02:00:48','site','error',''),('super','124.248.166.17','2014-06-12 02:00:49','site','error',''),('super','124.248.166.17','2014-06-12 02:01:03','site','error',''),('super','124.248.166.17','2014-06-12 02:01:07','report','Inventory',''),('super','124.248.166.17','2014-06-12 02:07:32','saleItem','index',''),('super','124.248.166.17','2014-06-12 02:08:01','saleItem','index',''),('super','124.248.166.17','2014-06-12 02:23:51','saleItem','Complete',''),('super','124.248.166.17','2014-06-12 02:26:50','saleItem','index',''),('super','124.248.166.17','2014-06-12 02:28:08','saleItem','index',''),('Guest','203.144.91.4','2014-06-12 06:21:33','site','index',''),('super','203.144.91.4','2014-06-12 06:21:51','dashboard','view',''),('super','203.144.91.4','2014-06-12 06:21:56','saleItem','index',''),('super','203.144.91.4','2014-06-12 06:38:32','receivingItem','index',''),('super','203.144.91.4','2014-06-12 06:39:05','receivingItem','index',''),('Guest','148.167.2.30','2014-06-12 09:29:15','site','index',''),('super','148.167.2.30','2014-06-12 09:29:34','dashboard','view',''),('super','148.167.2.30','2014-06-12 09:29:44','client','admin',''),('super','148.167.2.30','2014-06-12 09:29:44','item','admin',''),('super','148.167.2.30','2014-06-12 09:29:46','sale','Invoice',''),('super','148.167.2.30','2014-06-12 09:29:47','site','about',''),('super','148.167.2.30','2014-06-12 09:29:50','saleItem','index',''),('super','148.167.2.30','2014-06-12 09:29:51','saleItem','index',''),('super','148.167.2.30','2014-06-12 09:29:52','sale','Invoice',''),('super','148.167.2.30','2014-06-12 09:29:52','client','admin',''),('super','148.167.2.30','2014-06-12 09:29:54','item','admin',''),('super','148.167.2.30','2014-06-12 09:29:54','dashboard','view',''),('super','148.167.2.30','2014-06-12 09:30:07','settings','index',''),('super','148.167.2.30','2014-06-12 09:30:08','client','admin',''),('super','148.167.2.30','2014-06-12 09:30:09','site','error',''),('super','148.167.2.30','2014-06-12 09:30:10','report','SaleInvoice',''),('super','148.167.2.30','2014-06-12 09:38:51','settings','index',''),('super','148.167.2.30','2014-06-12 09:38:52','client','admin',''),('super','148.167.2.30','2014-06-12 09:38:52','report','SaleInvoice',''),('super','148.167.2.30','2014-06-12 09:38:54','client','admin',''),('super','148.167.2.30','2014-06-12 09:38:58','dashboard','view',''),('Guest','148.167.2.30','2014-06-12 09:40:35','site','index',''),('Guest','148.167.2.30','2014-06-12 10:38:22','site','index',''),('super','148.167.2.30','2014-06-12 10:38:47','dashboard','view',''),('super','148.167.2.30','2014-06-12 10:39:04','item','admin',''),('super','148.167.2.30','2014-06-12 10:39:04','client','admin',''),('super','148.167.2.30','2014-06-12 10:39:16','receivingItem','index',''),('super','148.167.2.30','2014-06-12 10:39:19','receivingItem','index',''),('super','148.167.2.30','2014-06-12 10:39:23','sale','Invoice',''),('super','148.167.2.30','2014-06-12 10:39:33','settings','index',''),('Guest','208.80.194.127','2014-06-13 17:46:44','site','index',''),('Guest','203.144.91.4','2014-06-14 01:49:53','site','index',''),('super','203.144.91.4','2014-06-14 01:49:59','dashboard','view',''),('super','203.144.91.4','2014-06-14 01:50:05','report','itemExpiry',''),('Guest','203.144.91.4','2014-06-14 01:50:25','site','index','');

/*Table structure for table `zone` */

DROP TABLE IF EXISTS `zone`;

CREATE TABLE `zone` (
  `id` int(11) NOT NULL AUTO_INCREMENT,
  `zone_name` varchar(30) COLLATE utf8mb4_unicode_ci NOT NULL,
  `location_id` int(11) DEFAULT NULL,
  `sort_order` int(11) DEFAULT NULL,
  `status` varchar(1) COLLATE utf8mb4_unicode_ci DEFAULT '1',
  `modified_date` datetime DEFAULT NULL,
  PRIMARY KEY (`id`),
  KEY `FK_zone_location_id` (`location_id`),
  CONSTRAINT `FK_zone_location_id` FOREIGN KEY (`location_id`) REFERENCES `location` (`id`)
) ENGINE=InnoDB AUTO_INCREMENT=16 DEFAULT CHARSET=utf8mb4 COLLATE=utf8mb4_unicode_ci;

/*Data for the table `zone` */

insert  into `zone`(`id`,`zone_name`,`location_id`,`sort_order`,`status`,`modified_date`) values (1,'A Zone',3,1,'1','2014-07-06 16:19:22'),(2,'B Zone',3,2,'1','2014-07-06 16:19:26'),(3,'C Zone',3,3,'1',NULL),(5,'TAKE OUT',3,6,'1',NULL),(6,'V Zone',5,1,'1',NULL),(7,'A Zone',5,2,'1',NULL),(8,'MB Zone',5,3,'1',NULL),(9,'V Zone',4,1,'1',NULL),(10,'A Zone',4,2,'1',NULL),(11,'M Zone',4,3,'1',NULL),(12,'TAKE OUT Zone',4,NULL,'1',NULL),(13,'TAKE OUT Zone',5,4,'1',NULL),(14,'D Zone',3,4,'1',NULL),(15,'O zone',3,5,'1',NULL);

/* Trigger structure for table `sale_order_item` */

DELIMITER $$

/*!50003 DROP TRIGGER*//*!50032 IF EXISTS */ /*!50003 `set_path` */$$

/*!50003 CREATE */ /*!50017 DEFINER = 'sys'@'192.168.56.168' */ /*!50003 TRIGGER `set_path` BEFORE INSERT ON `sale_order_item` FOR EACH ROW SET NEW.path = 
  CONCAT(IFNULL((SELECT path FROM sale_order_item WHERE sale_id=New.sale_id and item_id = NEW.item_parent_id and location_id = new.location_id), '0'), '.', New.item_id) */$$


DELIMITER ;

/* Function  structure for function  `func_change_table` */

/*!50003 DROP FUNCTION IF EXISTS `func_change_table` */;
DELIMITER $$

/*!50003 CREATE DEFINER=`sys`@`%` FUNCTION `func_change_table`( i_desk_id INT(11),i_new_desk_id int(11), i_group_id INT(11),i_location_id INT(11),i_price_tier_id int(11),i_employee_id INT(11)) RETURNS int(11)
BEGIN
    
    DECLARE p_count smallint;
    declare p_group_id smallint;
    DECLARE p_sale_id int(11);
    declare p_employee_id int(11);
    DECLARE p_trans_time DATETIME;
    DECLARE p_status TINYINT DEFAULT 1;
    declare p_remark varchar(15) default 'CHTBL';
    
    SET p_trans_time:=NOW();
 
    SELECT id,employee_id INTO p_sale_id,p_employee_id
    FROM sale_order 
    WHERE desk_id=i_desk_id
    AND group_id=i_group_id
    AND location_id=i_location_id
    AND `status`=p_status;	
    
    -- Check if the current table there is an Item in cart
    select count(*) into p_count
    from sale_order_item
    where sale_id=p_sale_id
    and location_id=i_location_id;
    
    if p_count>0 then
     
	    -- check if the change / same table existed in Sale Ordering we have to set different group (group_id = group_id +1)
	    select count(*) into p_count 
	    from sale_order 
	    where desk_id=i_new_desk_id 
	    and group_id=i_group_id 
	    and location_id=i_location_id
	    AND `status`=p_status;
	    
	    if p_count>0 then
		select max(group_id)+1 into p_group_id 
		from sale_order 
		where desk_id=i_desk_id 
		AND group_id=i_group_id 
		AND location_id=i_location_id
		and `status`=p_status;    
	    else
		set p_group_id=i_group_id;
	    end if; 
	    
	    -- Update New Table to Sale Ordering
	    update sale_order 
	    set desk_id=i_new_desk_id,
		group_id=p_group_id,
		employee_id=i_employee_id
	    where desk_id=i_desk_id 
	    and group_id=i_group_id 
	    and location_id=i_location_id
	    and `status`=p_status;
	    
	    UPDATE sale_order_item t1	
	    JOIN (SELECT i.`id`,
		 CASE WHEN ipt.`price` IS NOT NULL THEN ipt.`price`
		      ELSE i.`unit_price`
		 END unit_price
		FROM `item` i LEFT JOIN item_price_tier ipt ON ipt.`item_id`=i.id
			  AND ipt.`price_tier_id`=i_price_tier_id
		) t2  ON t1.item_id=t2.id
	    SET t1.price=t2.unit_price
	    WHERE t1.sale_id=p_sale_id
	    AND t1.location_id=i_location_id;
	    
	    UPDATE desk
	    SET occupied=p_status
	    WHERE id=i_new_desk_id;
	    
	    -- Freeing up the old desk status and ensure not serving in other group
	    UPDATE desk
	    SET occupied=0
	    WHERE id=i_desk_id
	    AND id NOT IN (SELECT DISTINCT desk_id 
			   FROM sale_order 
			   WHERE desk_id=i_desk_id 
			   AND group_id<>i_group_id 
			   AND location_id=i_location_id 
			   AND `status`=p_status
			   AND id IN (SELECT sale_id FROM sale_order_item) );
			   
	   /**** For auditing purpose to be remove if encounter performance issue ***/
	   insert into sale_order_audit_log(sale_id,cur_desk_id,new_desk_id,cur_group_id,new_group_id,cur_employee_id,new_employee_id,location_id,remark,modified_date)
	   values(p_sale_id,i_desk_id,i_new_desk_id,i_group_id,p_group_id,p_employee_id,i_employee_id,i_location_id,p_remark,p_trans_time);
			 
    end if;
    
    return p_group_id;
    
    END */$$
DELIMITER ;

/* Function  structure for function  `func_save_sale` */

/*!50003 DROP FUNCTION IF EXISTS `func_save_sale` */;
DELIMITER $$

/*!50003 CREATE DEFINER=`sys`@`%` FUNCTION `func_save_sale`(i_desk_id int(11), i_group_id int(11),i_location_id INT(11),i_payment_total double,i_employee_id INT(11)) RETURNS int(11)
BEGIN
	
	declare p_sale_order_id int(11) default -1;
	declare p_sale_id int(11);
	DECLARE p_status TINYINT DEFAULT 1;
	DECLARE p_zero_status TINYINT DEFAULT 0;
	DECLARE p_trans_time DATETIME;
	declare p_count tinyint default 0;
	
	SET p_trans_time:=NOW();
	
	
	-- Check if there is an active ordering in cart
	select count(*) into p_count 
	from sale_order
	WHERE desk_id=i_desk_id 
	AND group_id=i_group_id 
	AND location_id=i_location_id 
	AND `status`=p_status;
	
	if p_count>0 then
		
		select id into p_sale_order_id 
		from sale_order 
		where desk_id=i_desk_id 
		and group_id=i_group_id 
		AND location_id=i_location_id 
		and `status`=p_status;
		
		select id into p_sale_order_id 
		from sale_order 
		where desk_id=i_desk_id 
		and group_id=i_group_id 
		AND location_id=i_location_id 
		and `status`=p_status;
		
		-- Updating [sub_total] column
		UPDATE sale_order so
		INNER JOIN (SELECT sale_id,location_id,SUM(price*quantity) sub_total
			    FROM sale_order_item
			    WHERE sale_id=p_sale_order_id
			    AND location_id=i_location_id
			    GROUP BY sale_id,location_id
			   ) soi ON soi.sale_id=so.id AND soi.`location_id`=so.`location_id`
		SET so.sub_total=soi.sub_total
		WHERE so.id=p_sale_order_id;
		
		-- Saving the employee who saving the sale i_employee_id - sometime the ordering employee is different
		INSERT INTO sale(id,sale_time,client_id,desk_id,zone_id,group_id,employee_id,location_id,sub_total,payment_type,STATUS,remark,discount_amount,discount_type)
		SELECT id,sale_time,client_id,desk_id,zone_id,group_id,i_employee_id,location_id,sub_total,payment_type,STATUS,remark,discount_amount,discount_type
		FROM sale_order
		WHERE id=p_sale_order_id
		and location_id=i_location_id
		and `status`=p_status;
		
		INSERT INTO sale_item(sale_id,item_id,description,line,quantity,cost_price,unit_price,price,discount_amount,discount_type,item_parent_id,path,location_id)
		SELECT sale_id,item_id,description,line,quantity,cost_price,unit_price,price,discount_amount,discount_type,item_parent_id,path,location_id
		FROM sale_order_item
		WHERE sale_id=p_sale_order_id
		and location_id=i_location_id; 
		
		-- Inserting payment to sale_payment table
		insert into sale_payment(`sale_id`,`payment_type`,`payment_amount`,`date_paid`,`modified_date`)
		select p_sale_order_id,'Cash' payment_type,i_payment_total,p_trans_time,p_trans_time;
		
		 -- Freeing up table to available by updating [occupied] = 0 
		 UPDATE desk
		 SET occupied=p_zero_status
		 WHERE id=i_desk_id
		 AND id NOT IN (SELECT DISTINCT desk_id 
			   FROM sale_order 
			   WHERE desk_id=i_desk_id 
			   AND group_id<>i_group_id 
			   AND location_id=i_location_id 
			   AND `status`=p_status
			   AND id IN (SELECT sale_id FROM sale_order_item) );
			   
		-- Updating sale_order status to zero - completed
		UPDATE sale_order 
		SET `status`=p_zero_status
		WHERE id=p_sale_order_id
		AND location_id=i_location_id
		AND `status`=p_status;	 
	
	end if;  
		
	return p_sale_order_id;
    
 END */$$
DELIMITER ;

/* Procedure structure for procedure `proc_add_order_item` */

/*!50003 DROP PROCEDURE IF EXISTS  `proc_add_order_item` */;

DELIMITER $$

/*!50003 CREATE DEFINER=`sys`@`%` PROCEDURE `proc_add_order_item`(i_item_id INT(11),i_item_number VARCHAR(10),i_desk_id INT(11),i_group_id INT(11),i_client_id INT(11),i_employee_id INT(11),i_quantity DOUBLE(15,2),i_price_tier_id INT(11),i_item_parent_id INT(11),i_location_id INT(11))
BEGIN
DECLARE p_sale_id INT(11);
DECLARE p_price DOUBLE(15,4);
DECLARE p_sale_time DATETIME;
DECLARE p_count SMALLINT;
DECLARE p_item_id INT(11);
declare p_status tinyint default 1;
   
START TRANSACTION;   
SELECT 'hi';
SET p_sale_time:=DATE_ADD(NOW(), INTERVAL 0 HOUR);
SET p_item_id=i_item_id;
SELECT COUNT(*) INTO p_count FROM item WHERE item_number=i_item_number;
IF p_count>0 THEN
   SELECT id INTO p_item_id FROM item WHERE item_number=i_item_number;
END IF;
-- We only perform the rest unless there is an Item ID exist in DB
if p_item_id >0 then  
            
	SELECT 
	    CASE WHEN ipt.`price` IS NOT NULL THEN ipt.`price`
		ELSE i.`unit_price`
	    END INTO p_price
	FROM `item` i LEFT JOIN item_price_tier ipt ON ipt.`item_id`=i_item_id
	    AND ipt.`price_tier_id`=i_price_tier_id
	WHERE i.id=p_item_id;
	
	SELECT COUNT(*) INTO p_count 
	FROM sale_order 
	WHERE desk_id=i_desk_id
	AND group_id=i_group_id
	AND location_id=i_location_id
	AND `status`=p_status;
	
	IF p_count=0 THEN 
	
		INSERT INTO sale_order (sale_time,desk_id,group_id,client_id,employee_id,location_id)
		VALUES(p_sale_time, i_desk_id,i_group_id, i_client_id,i_employee_id,i_location_id)
		ON DUPLICATE  KEY UPDATE id=LAST_INSERT_ID(id),employee_id=i_employee_id;
		
		SELECT LAST_INSERT_ID() INTO p_sale_id;
	
	ELSE 
		SELECT id INTO p_sale_id 
		FROM sale_order 
		WHERE desk_id=i_desk_id
		AND group_id=i_group_id
		AND location_id=i_location_id
		AND `status`=p_status; 
	
	END IF;
	
	-- Always update the sale_time and employee_id to the latest execute transaction - consider to create another column modified date instead
	update sale_order 
	set empty_flag=1,
	    sale_time=p_sale_time,
	    employee_id=i_employee_id
	where id=p_sale_id
	and location_id=i_location_id;
	
	update desk set occupied=p_status where id=i_desk_id;
	
	INSERT INTO sale_order_item(sale_id,item_id,quantity,price,modified_date,item_parent_id,location_id)
	VALUES(p_sale_id,p_item_id,i_quantity,p_price,p_sale_time,i_item_parent_id,i_location_id)
	ON DUPLICATE KEY UPDATE quantity=quantity+i_quantity,price=p_price;
	
	COMMIT;
	
end if;
	
END */$$
DELIMITER ;

/* Procedure structure for procedure `proc_add_order_item_old` */

/*!50003 DROP PROCEDURE IF EXISTS  `proc_add_order_item_old` */;

DELIMITER $$

/*!50003 CREATE DEFINER=`sys`@`%` PROCEDURE `proc_add_order_item_old`(i_item_id varchar(50),i_desk_id int(11),i_group_id INT(11),i_client_id INT(11),i_employee_id INT(11),i_quantity double(15,2),i_price_tier_id int(11),i_item_parent_id int(11),i_location_id INT(11))
BEGIN
DECLARE p_sale_id INT(11);
declare p_price double(15,4);
declare p_sale_time datetime;
declare p_count smallint;
declare p_item_id int(11);
   
START TRANSACTION;   
SELECT 'hi';
set p_sale_time:=now();
set p_item_id=i_item_id;
select count(*) into p_count from item where id=i_item_id;
if p_count=0 then
select id into p_item_id from item where item_number=i_item_id;
end if;
            
SELECT 
    CASE WHEN ipt.`price` IS NOT NULL THEN ipt.`price`
	ELSE i.`unit_price`
    END into p_price
FROM `item` i LEFT JOIN item_price_tier ipt ON ipt.`item_id`=i_item_id
    AND ipt.`price_tier_id`=i_price_tier_id
WHERE i.id=p_item_id;
select count(*) into p_count 
from sale_order 
where desk_id=i_desk_id
and group_id=i_group_id
and location_id=i_location_id
and `status`=1;
if p_count=0 then 
	INSERT INTO sale_order (sale_time,desk_id,group_id,client_id,employee_id,location_id)
	VALUES(p_sale_time, i_desk_id,i_group_id, i_client_id,i_employee_id,i_location_id)
	ON DUPLICATE  KEY UPDATE id=LAST_INSERT_ID(id),employee_id=i_employee_id;
	select LAST_INSERT_ID() into p_sale_id;
else 
	select id into p_sale_id 
	FROM sale_order 
	WHERE desk_id=i_desk_id
	AND group_id=i_group_id
	AND location_id=i_location_id
	AND `status`=1; 
end if;
INSERT INTO sale_order_item(sale_id,item_id,quantity,price,modified_date,item_parent_id,location_id)
VALUES(p_sale_id,p_item_id,i_quantity,p_price,now(),i_item_parent_id,i_location_id)
ON DUPLICATE KEY UPDATE quantity=quantity+i_quantity,price=p_price;
COMMIT;
	
END */$$
DELIMITER ;

/* Procedure structure for procedure `proc_del_item_cart` */

/*!50003 DROP PROCEDURE IF EXISTS  `proc_del_item_cart` */;

DELIMITER $$

/*!50003 CREATE DEFINER=`sys`@`%` PROCEDURE `proc_del_item_cart`(i_item_id int(11),i_item_parent_id int(11),i_desk_id int(11),i_group_id int(11),i_location_id INT(11))
BEGIN
	DECLARE p_sale_order_id INT(11);
	declare p_count int(11);
	declare p_status tinyint default 1;
	
	SELECT 'hi';	
	
	SELECT id INTO p_sale_order_id FROM sale_order 
	WHERE desk_id=i_desk_id 
	AND group_id=i_group_id 
	AND location_id=i_location_id 
	AND `status`=p_status;
	
	delete 
	from sale_order_item 
	where sale_id=p_sale_order_id 
	and location_id=i_location_id
	AND item_id=i_item_id 
	AND item_parent_id=i_item_parent_id;
	
	select count(*) into p_count 
	from sale_order_item 
	WHERE sale_id=p_sale_order_id
	and location_id=i_location_id;
	
	if p_count=0 then
	  
	    -- Freeing up desk status
	    update desk
	    set occupied=0
	    where id=i_desk_id
	    and id not in (select distinct desk_id 
			   from sale_order 
			   WHERE desk_id=i_desk_id 
			   and group_id<>i_group_id 
			   and location_id=i_location_id 
			   and `status`=p_status
			   and id IN (SELECT sale_id FROM sale_order_item));
	    
	end if;
	
    END */$$
DELIMITER ;

/* Procedure structure for procedure `proc_del_sale_order` */

/*!50003 DROP PROCEDURE IF EXISTS  `proc_del_sale_order` */;

DELIMITER $$

/*!50003 CREATE DEFINER=`sys`@`%` PROCEDURE `proc_del_sale_order`(i_desk_id int(11),i_group_id int(11),i_location_id INT(11))
BEGIN
	DECLARE p_sale_order_id INT(11);
	
	SELECT 'hi';	
	
	SELECT id INTO p_sale_order_id 
	FROM sale_order 
	WHERE desk_id=i_desk_id 
	AND group_id=i_group_id 
	AND location_id=i_location_id
	and `status`=1;
	
	-- MYISAM enginne recycle / reuse ID after deleted
	-- delete from sale_order_item where sale_id=p_sale_order_id AND location_id=i_location_id;
	
	update sale_order 
	set `status`=0
	where id=p_sale_order_id
	AND location_id=i_location_id
	AND `status`=1;
	
	commit;
	
    END */$$
DELIMITER ;

/* Procedure structure for procedure `proc_edit_menu_order` */

/*!50003 DROP PROCEDURE IF EXISTS  `proc_edit_menu_order` */;

DELIMITER $$

/*!50003 CREATE DEFINER=`sys`@`192.168.56.168` PROCEDURE `proc_edit_menu_order`(i_desk_id int, i_group_id INT,i_item_id INT,i_quantity double(15,2),i_price double(15,2),i_discount double(15,2), i_item_parent_id int(11),i_location_id INT(11))
BEGIN
DECLARE p_sale_id int(11);
DECLARE p_status TINYINT DEFAULT 1;
   
START TRANSACTION;   
SELECT 'hi';
       
select id into p_sale_id 
from sale_order 
where desk_id=i_desk_id 
and group_id=i_group_id 
AND location_id=i_location_id 
AND `status`=p_status;
update sale_order_item
set quantity=i_quantity
where sale_id=p_sale_id
and location_id=i_location_id
and item_id=i_item_id
and item_parent_id= i_item_parent_id;
COMMIT;
	
END */$$
DELIMITER ;

/* Procedure structure for procedure `pro_save_pkitchen` */

/*!50003 DROP PROCEDURE IF EXISTS  `pro_save_pkitchen` */;

DELIMITER $$

/*!50003 CREATE DEFINER=`sys`@`%` PROCEDURE `pro_save_pkitchen`(i_desk_id INT(11),i_group_id INT(11),i_location_id INT(11))
BEGIN
    
	DECLARE p_sale_id INT;
	
	select 'hi';
    
	SELECT id INTO p_sale_id FROM sale_order WHERE desk_id=i_desk_id AND group_id=i_group_id AND location_id=i_location_id AND `status`=1;
	
	INSERT INTO sale_order_item_print(`sale_id`,`item_id`,`description`,`line`,`quantity`,`cost_price`,`unit_price`,`price`,`discount_amount`,`discount_type`,`modified_date`,`item_parent_id`,`path`)
	SELECT `sale_id`,`item_id`,`description`,`line`,`quantity`,`cost_price`,`unit_price`,`price`,`discount_amount`,`discount_type`,`modified_date`,`item_parent_id`,`path`
	FROM sale_order_item t1
	WHERE sale_id=p_sale_id
	and location_id=i_location_id
	ON DUPLICATE KEY UPDATE quantity=t1.quantity;
	
    END */$$
DELIMITER ;

/*Table structure for table `v_order_cart` */

DROP TABLE IF EXISTS `v_order_cart`;

/*!50001 DROP VIEW IF EXISTS `v_order_cart` */;
/*!50001 DROP TABLE IF EXISTS `v_order_cart` */;

/*!50001 CREATE TABLE  `v_order_cart`(
 `sale_id` int(8) ,
 `client_id` int(11) ,
 `desk_id` int(11) ,
 `group_id` int(11) ,
 `zone_id` int(11) ,
 `employee_id` int(11) ,
 `location_id` int(11) ,
 `item_id` int(11) ,
 `quantity` double(15,0) ,
 `price` double(15,2) ,
 `discount_amount` double(15,2) ,
 `discount_type` varchar(2) ,
 `item_number` varchar(255) ,
 `name` varchar(50) ,
 `qty_in_stock` double(15,0) ,
 `modified_date` datetime ,
 `topping` tinyint(1) ,
 `item_parent_id` int(11) ,
 `path` varchar(50) ,
 `empty_flag` tinyint(1) ,
 `category_id` int(11) ,
 `status` tinyint(4) 
)*/;

/*Table structure for table `v_order_cart_old` */

DROP TABLE IF EXISTS `v_order_cart_old`;

/*!50001 DROP VIEW IF EXISTS `v_order_cart_old` */;
/*!50001 DROP TABLE IF EXISTS `v_order_cart_old` */;

/*!50001 CREATE TABLE  `v_order_cart_old`(
 `sale_id` int(8) ,
 `client_id` int(11) ,
 `desk_id` int(11) ,
 `group_id` int(11) ,
 `zone_id` int(11) ,
 `employee_id` int(11) ,
 `location_id` int(11) ,
 `item_id` int(11) ,
 `quantity` double(15,0) ,
 `price` double(15,2) ,
 `discount_amount` double(15,2) ,
 `discount_type` varchar(2) ,
 `item_number` varchar(255) ,
 `name` varchar(50) ,
 `qty_in_stock` double(15,0) ,
 `modified_date` datetime ,
 `topping` tinyint(1) ,
 `item_parent_id` int(11) ,
 `path` varchar(50) ,
 `empty_flag` tinyint(1) ,
 `category_id` int(11) ,
 `status` tinyint(4) 
)*/;

/*Table structure for table `v_sale` */

DROP TABLE IF EXISTS `v_sale`;

/*!50001 DROP VIEW IF EXISTS `v_sale` */;
/*!50001 DROP TABLE IF EXISTS `v_sale` */;

/*!50001 CREATE TABLE  `v_sale`(
 `id` int(11) ,
 `sale_time` datetime ,
 `client_id` int(11) ,
 `employee_id` int(11) ,
 `sub_total` double(15,4) ,
 `status` varchar(20) ,
 `status_f` varchar(20) ,
 `remark` text ,
 `discount_amount` double(25,8) 
)*/;

/*Table structure for table `v_sale_cart` */

DROP TABLE IF EXISTS `v_sale_cart`;

/*!50001 DROP VIEW IF EXISTS `v_sale_cart` */;
/*!50001 DROP TABLE IF EXISTS `v_sale_cart` */;

/*!50001 CREATE TABLE  `v_sale_cart`(
 `sale_id` int(11) ,
 `client_id` int(11) ,
 `desk_id` int(11) ,
 `zone_id` int(11) ,
 `employee_id` int(11) ,
 `item_id` int(11) ,
 `quantity` double(15,0) ,
 `price` double(15,4) ,
 `discount_amount` double(15,2) ,
 `discount_type` varchar(2) ,
 `name` varchar(50) ,
 `qty_in_stock` double(15,0) ,
 `topping` tinyint(1) 
)*/;

/*Table structure for table `v_sale_item_sum` */

DROP TABLE IF EXISTS `v_sale_item_sum`;

/*!50001 DROP VIEW IF EXISTS `v_sale_item_sum` */;
/*!50001 DROP TABLE IF EXISTS `v_sale_item_sum` */;

/*!50001 CREATE TABLE  `v_sale_item_sum`(
 `sale_id` int(11) ,
 `quantity` double(17,0) ,
 `cost_price` double(21,4) ,
 `unit_price` double(21,4) ,
 `price` double(21,4) ,
 `profit` double(21,4) 
)*/;

/*View structure for view v_order_cart */

/*!50001 DROP TABLE IF EXISTS `v_order_cart` */;
/*!50001 DROP VIEW IF EXISTS `v_order_cart` */;

/*!50001 CREATE ALGORITHM=UNDEFINED DEFINER=`sys`@`%` SQL SECURITY DEFINER VIEW `v_order_cart` AS select `s`.`id` AS `sale_id`,`s`.`client_id` AS `client_id`,`s`.`desk_id` AS `desk_id`,`s`.`group_id` AS `group_id`,`s`.`zone_id` AS `zone_id`,`s`.`employee_id` AS `employee_id`,`s`.`location_id` AS `location_id`,`oi`.`item_id` AS `item_id`,`oi`.`quantity` AS `quantity`,`oi`.`price` AS `price`,ifnull(`oi`.`discount_amount`,0) AS `discount_amount`,`oi`.`discount_type` AS `discount_type`,`i`.`item_number` AS `item_number`,`i`.`name` AS `name`,`i`.`quantity` AS `qty_in_stock`,`oi`.`modified_date` AS `modified_date`,`i`.`topping` AS `topping`,`oi`.`item_parent_id` AS `item_parent_id`,`oi`.`path` AS `path`,`s`.`empty_flag` AS `empty_flag`,`i`.`category_id` AS `category_id`,`s`.`status` AS `status` from ((`sale_order` `s` join `sale_order_item` `oi`) join `item` `i`) where ((`oi`.`sale_id` = `s`.`id`) and (`oi`.`location_id` = `s`.`location_id`) and (`oi`.`item_id` = `i`.`id`)) */;

/*View structure for view v_order_cart_old */

/*!50001 DROP TABLE IF EXISTS `v_order_cart_old` */;
/*!50001 DROP VIEW IF EXISTS `v_order_cart_old` */;

/*!50001 CREATE ALGORITHM=UNDEFINED DEFINER=`sys`@`%` SQL SECURITY DEFINER VIEW `v_order_cart_old` AS select `s`.`id` AS `sale_id`,`s`.`client_id` AS `client_id`,`s`.`desk_id` AS `desk_id`,`s`.`group_id` AS `group_id`,`s`.`zone_id` AS `zone_id`,`s`.`employee_id` AS `employee_id`,`s`.`location_id` AS `location_id`,`oi`.`item_id` AS `item_id`,`oi`.`quantity` AS `quantity`,`oi`.`price` AS `price`,ifnull(`oi`.`discount_amount`,0) AS `discount_amount`,`oi`.`discount_type` AS `discount_type`,`i`.`item_number` AS `item_number`,`i`.`name` AS `name`,`i`.`quantity` AS `qty_in_stock`,`oi`.`modified_date` AS `modified_date`,`i`.`topping` AS `topping`,`oi`.`item_parent_id` AS `item_parent_id`,`oi`.`path` AS `path`,`s`.`empty_flag` AS `empty_flag`,`i`.`category_id` AS `category_id`,`s`.`status` AS `status` from ((`sale_order` `s` join `sale_order_item` `oi`) join `item` `i`) where ((`s`.`id` = `oi`.`sale_id`) and (`s`.`location_id` = `oi`.`location_id`) and (`oi`.`item_id` = `i`.`id`)) */;

/*View structure for view v_sale */

/*!50001 DROP TABLE IF EXISTS `v_sale` */;
/*!50001 DROP VIEW IF EXISTS `v_sale` */;

/*!50001 CREATE ALGORITHM=UNDEFINED DEFINER=`sys`@`%` SQL SECURITY DEFINER VIEW `v_sale` AS select `sale`.`id` AS `id`,`sale`.`sale_time` AS `sale_time`,`sale`.`client_id` AS `client_id`,`sale`.`employee_id` AS `employee_id`,`sale`.`sub_total` AS `sub_total`,`sale`.`status` AS `status`,(case when (`sale`.`status` = '1') then 'Completed' when (`sale`.`status` = '2') then 'Suspended' when (`sale`.`status` = '0') then 'Canceled' else `sale`.`status` end) AS `status_f`,`sale`.`remark` AS `remark`,(case when ((`sale`.`discount_type` = '%') or isnull(`sale`.`discount_type`)) then ((`sale`.`sub_total` * ifnull(`sale`.`discount_amount`,0)) / 100) else ifnull(`sale`.`discount_amount`,0) end) AS `discount_amount` from `sale` */;

/*View structure for view v_sale_cart */

/*!50001 DROP TABLE IF EXISTS `v_sale_cart` */;
/*!50001 DROP VIEW IF EXISTS `v_sale_cart` */;

/*!50001 CREATE ALGORITHM=UNDEFINED DEFINER=`sys`@`192.168.56.168` SQL SECURITY DEFINER VIEW `v_sale_cart` AS select `s`.`id` AS `sale_id`,`s`.`client_id` AS `client_id`,`s`.`desk_id` AS `desk_id`,`s`.`zone_id` AS `zone_id`,`s`.`employee_id` AS `employee_id`,`oi`.`item_id` AS `item_id`,`oi`.`quantity` AS `quantity`,`oi`.`price` AS `price`,ifnull(`oi`.`discount_amount`,0) AS `discount_amount`,`oi`.`discount_type` AS `discount_type`,`i`.`name` AS `name`,`i`.`quantity` AS `qty_in_stock`,`i`.`topping` AS `topping` from ((`sale` `s` join `sale_item` `oi`) join `item` `i`) where ((`s`.`id` = `oi`.`sale_id`) and (`oi`.`item_id` = `i`.`id`)) */;

/*View structure for view v_sale_item_sum */

/*!50001 DROP TABLE IF EXISTS `v_sale_item_sum` */;
/*!50001 DROP VIEW IF EXISTS `v_sale_item_sum` */;

/*!50001 CREATE ALGORITHM=UNDEFINED DEFINER=`sys`@`%` SQL SECURITY DEFINER VIEW `v_sale_item_sum` AS select `sale_item`.`sale_id` AS `sale_id`,sum(`sale_item`.`quantity`) AS `quantity`,sum(`sale_item`.`cost_price`) AS `cost_price`,sum(`sale_item`.`unit_price`) AS `unit_price`,sum(`sale_item`.`price`) AS `price`,sum(((`sale_item`.`price` - `sale_item`.`cost_price`) * `sale_item`.`quantity`)) AS `profit` from `sale_item` group by `sale_item`.`sale_id` */;

/*!40101 SET SQL_MODE=@OLD_SQL_MODE */;
/*!40014 SET FOREIGN_KEY_CHECKS=@OLD_FOREIGN_KEY_CHECKS */;
/*!40014 SET UNIQUE_CHECKS=@OLD_UNIQUE_CHECKS */;
/*!40111 SET SQL_NOTES=@OLD_SQL_NOTES */;
